ID,都道府県コード,lat,lon,座標の出典,amenity,healthcare,name,official_name,short_name,name:ja-Hira,name:ja-Latn,name:en,opening_hours,healthcare:speciality,emergency,website,addr:full,addr:country,addr:province,addr:county,addr:city,addr:suburb,addr:quarter,addr:neighbourhood,addr:block_number,addr:housenumber,beds,source,要確認,備考,未解釈の文字列,fixme の内容
3933390000000,39,33.559916,133.528072,原データ,dentist,dentist,高知県歯科医師会歯科保健センター,高知県歯科医師会歯科保健センター,高知県歯科医師会歯科保健センター,こうちけんしかいしかいしかほけんせんたー,Koutikennsikaisikai Sikahokennsennta-,,"Th 09:30-12:00,13:00-16:00; Sa 10:00-12:00,13:00-16:00; Su,PH 09:00-15:00; Th[5] off",dentistry,,,高知県高知市丸ノ内,JP,高知県,,高知市,,,,,,,厚生労働省 医療情報ネットのオープンデータ (2026-06-01),,,丸ノ内,
3933393100430,39,33.56142,133.539617,原データ,dentist,dentist,プランタン歯科,プランタン歯科,プランタン歯科,ぷらんたんしか,,,"Mo,Tu,We,Fr,Sa 09:00-12:30,14:00-18:00; PH off; Dec 29-Jan 03,Aug 09-Aug 11 off",dentistry,,,高知県高知市追手筋１－８－５プランタンビル１Ｆ,JP,高知県,,高知市,,,追手筋一丁目,8,5,,厚生労働省 医療情報ネットのオープンデータ (2026-06-01),yes,opening_hours から5件を除いた（開始と終了が同一。実質NULL）: 月 歯科 00:00-00:00、火 歯科 00:00-00:00 他3件,プランタンビル1F,
3933393100560,39,33.491359,133.549657,原データ,dentist,dentist,平岡歯科医院,平岡歯科医院,平岡歯科医院,ひらおかしかいいん,Hiraoka Sikaiin,,"Mo,Tu,We,Fr 09:30-12:30,14:00-18:00; Sa 09:30-12:30,14:00-17:00; PH off; Dec 30-Jan 03,Dec 24 off",dentistry,,,高知県高知市長浜５７５５－２,JP,高知県,,高知市,,,長浜,,,,厚生労働省 医療情報ネットのオープンデータ (2026-06-01),yes,opening_hours から5件を除いた（開始と終了が同一。実質NULL）: 月 歯科 00:00-00:00、火 歯科 00:00-00:00 他3件,,
3933393100690,39,33.557868,133.534509,原データ,dentist,dentist,本町モリモト歯科,本町モリモト歯科,本町モリモト歯科,ほんまちもりもとしか,Honmatimorimotosiika,,"Mo,Tu,We,Fr 09:00-13:00,14:30-18:30; Sa 09:00-13:00,14:30-17:00; PH off; Dec 29-Jan 03,Dec 24 off",dentistry,,,高知県高知市本町３－３－３０,JP,高知県,,高知市,,,本町三丁目,3,30,,厚生労働省 医療情報ネットのオープンデータ (2026-06-01),,,,
3933393100980,39,33.557104,133.520049,原データ,dentist,dentist,みやもと歯科,みやもと歯科,みやもと歯科,みやもとしか,Miyamoto Sika,,"Mo,Tu,We,Fr 09:30-13:00,14:30-18:30; Th,Sa 09:30-12:30; PH off",dentistry,,,高知県高知市上町４丁目５番２２号,JP,高知県,,高知市,,,上町四丁目,5,22,,厚生労働省 医療情報ネットのオープンデータ (2026-06-01),,,,
3933393101020,39,33.513034,133.573065,原データ,dentist,dentist,みさと歯科,みさと歯科,みさと歯科,みさとしか,Misatosika,,"Mo,Tu,Th,Fr,Sa 09:00-13:00,14:30-18:30; We 09:00-12:30; We[1] off; PH off; Dec 30-Jan 03 off",dentistry,,https://misatoshika-kochi.com/,高知県高知市仁井田１６２０－１２,JP,高知県,,高知市,,,仁井田,,,,厚生労働省 医療情報ネットのオープンデータ (2026-06-01),,,,
3933393101150,39,33.500436,133.545799,原データ,dentist,dentist,三木歯科クリニック,三木歯科クリニック,三木歯科クリニック,みきしかくりにっく,,,"Mo,Tu,We,Fr,Sa 09:00-12:30,14:00-18:00; PH off; Jul 26-Jul 28,Jul 30-Aug 02 off",dentistry,,,高知県高知市長浜６３１－１,JP,高知県,,高知市,,,長浜,,,,厚生労働省 医療情報ネットのオープンデータ (2026-06-01),,,,
3933393101280,39,33.555833,133.559023,原データ,dentist,dentist,にしむら歯科,にしむら歯科,にしむら歯科,にしむらしか,Nishimura Shika,,"Mo,Tu,We,Fr,Sa 09:00-13:00,14:00-18:00; Dec 30-Jan 03 off",dentistry;orthodontics;paediatric_dentistry,,http://www.nishimura-dental.com/,高知県高知市稲荷町,JP,高知県,,高知市,,,稲荷町,,,,厚生労働省 医療情報ネットのオープンデータ (2026-06-01),,,,
3933393101310,39,33.518983,133.57342,原データ,dentist,dentist,山田デンタルオフィス,山田デンタルオフィス,山田デンタルオフィス,やまだでんたるおふぃす,,Yamada Dental Office,"Mo 09:30-18:00; Tu,We,Fr,Sa 09:00-18:00; PH off; Dec 29-Jan 04 off",dentistry;dental_oral_maxillo_facial_surgery;paediatric_dentistry,,,高知県高知市仁井田２２３６－１４,JP,高知県,,高知市,,,仁井田,,,,厚生労働省 医療情報ネットのオープンデータ (2026-06-01),,,,
3933393101440,39,33.561318,133.538111,原データ,dentist,dentist,畠中歯科クリニック,畠中歯科クリニック,畠中歯科クリニック,はたけなか しか くりにっく,,Hatakenaka Dental clinic,"Mo,Tu,Th,Fr,Sa 09:30-13:00,14:30-19:00; PH off; Dec 30-Jan 03,Aug 09-Aug 11,Dec 24 off",dentistry,,,高知県高知市追手筋１丁目９番２２号　高知メディカルプラザ３Ｆ,JP,高知県,,高知市,,,追手筋一丁目,9,22,,厚生労働省 医療情報ネットのオープンデータ (2026-06-01),yes,opening_hours から5件を除いた（開始と終了が同一。実質NULL）: 月 歯科 00:00-00:00、火 歯科 00:00-00:00 他3件,高知メディカルプラザ3F,
3933393101570,39,33.562956,133.53547,原データ,dentist,dentist,川崎歯科,川崎歯科,川崎歯科,かわさき しか,Kawasaki Shika,,"Mo,Tu,We,Fr,Sa 09:00-13:00,14:00-18:00; PH off; Dec 30-Jan 03 off",dentistry;orthodontics;dental_oral_maxillo_facial_surgery;paediatric_dentistry,,,高知県高知市永国寺町１－１８上杉ビル１階,JP,高知県,,高知市,,,永国寺町,1,18,,厚生労働省 医療情報ネットのオープンデータ (2026-06-01),yes,opening_hours から35件を除いた（開始と終了が同一。実質NULL）: 月 歯科 00:00-00:00、火 歯科 00:00-00:00 他33件 / 営業曜日と時刻が食い違う曜日が1件。曜日フラグを採用（営業日と同一時刻のため一律入力とみなす）,上杉ビル1階,
3933393101600,39,33.542832,133.542547,原データ,dentist,dentist,よしもと歯科,よしもと歯科,よしもと歯科,よしもとしか,,Yoshimoto Dental Clinic,"Mo,Tu,We,Fr,Sa 09:00-12:30,14:00-18:00; PH off; Dec 31-Jan 03 off",dentistry,,,高知県高知市竹島町１３－１　うしおえメディカルビル・イーア３Ｆ,JP,高知県,,高知市,,,竹島町,,,,厚生労働省 医療情報ネットのオープンデータ (2026-06-01),,,うしおえメディカルビル・イーア3F,
3933393101840,39,33.547435,133.514372,原データ,dentist,dentist,さかもと歯科,さかもと歯科,さかもと歯科,さかもとしか,Sakamoto Sika,,"Mo,Tu,We,Fr,Sa 09:00-18:00; Th unknown",dentistry;paediatric_dentistry,,,高知県高知市神田６２５－９,JP,高知県,,高知市,,,神田,,,,厚生労働省 医療情報ネットのオープンデータ (2026-06-01),yes,営業日の木曜に時刻の記載が無いため opening_hours に unknown と書いた,,
3933393101990,39,33.57035,133.565119,原データ,dentist,dentist,かしば歯科クリニック,かしば歯科クリニック,かしば歯科,かしばしか くりにっく,,,"Mo,Tu,We,Fr 09:00-12:00,14:00-18:00; Sa 09:00-12:00,14:00-17:00; PH off; Dec 29-Jan 04 off",dentistry;orthodontics;dental_oral_maxillo_facial_surgery;paediatric_dentistry,,http://8822818.com,高知県高知市北久保５－１７,JP,高知県,,高知市,,,北久保,5,17,,厚生労働省 医療情報ネットのオープンデータ (2026-06-01),yes,休診日の記述「祝日週木曜日診療。」を opening_hours に変換できていない,,
3933393102030,39,33.548984,133.483442,原データ,dentist,dentist,野田歯科医院,野田歯科医院,野田歯科,のだ たくせい,,,"Mo,Tu,We,Th,Fr 09:00-12:00,14:00-18:30; Sa 09:00-12:00,14:00-17:00; PH off; Dec 30-Jan 03 off",dentistry;orthodontics;paediatric_dentistry,,,高知県高知市朝倉丁３７の１,JP,高知県,,高知市,,,朝倉丁,,,,厚生労働省 医療情報ネットのオープンデータ (2026-06-01),,,37-1,
3933393102290,39,33.580691,133.563816,原データ,dentist,dentist,ひろこの歯科クリニック,ひろこの歯科クリニック,ひろこの歯科クリニック,ひろこのしかくりにっく,,Hirokono Sika Clinic,"Mo,Tu,We,Fr 09:00-12:30,14:00-18:30; Sa 09:00-14:30; PH off; Dec 28-Jan 04 off",dentistry,,https://hirokono.ci-hp.jp/,高知県高知市薊野東町５－４３,JP,高知県,,高知市,,,薊野東町,5,43,,厚生労働省 医療情報ネットのオープンデータ (2026-06-01),,,,
3933393102320,39,33.561441,133.542875,原データ,dentist,dentist,大塚矯正歯科,大塚矯正歯科,大塚矯正歯科,おおつかきょうせいしか,Ootsukakyouseishika,,,orthodontics,,,高知県高知市はりまや町２－１－２０　パシフィックビル３Ｆ,JP,高知県,,高知市,,,はりまや町二丁目,1,20,,厚生労働省 医療情報ネットのオープンデータ (2026-06-01),yes,opening_hours から5件を除いた（開始が 06:00 より前）: 月 矯正歯科 01:00-18:00、火 矯正歯科 01:00-18:00 他3件 / opening_hours をタグ出力していない。営業日の月火水金土曜に時刻の記載が無い,パシフィックビル3F,
3933393102580,39,33.55212,133.554035,原データ,dentist,dentist,ひさのデンタルクリニック,ひさのデンタルクリニック,ひさのデンタルクリニック,ひさのでんたるくりにっく,,Hisano Dental Clinic,"Tu,We,Th 09:00-12:30,14:00-18:00; Fr,Sa 09:00-18:00; PH off; Dec 29-Jan 03,Apr 29,May 03,Aug 13 off",dentistry,,,高知県高知市北新田町１９－１９,JP,高知県,,高知市,,,北新田町,19,19,,厚生労働省 医療情報ネットのオープンデータ (2026-06-01),yes,opening_hours から2件を除いた（開始と終了が同一。実質NULL）: 月 歯科 00:00-00:00、月 歯科 00:00-00:00 / 休診日の記述「~15日~5日」を opening_hours に変換できていない,,
3933393102900,39,33.558321,133.531801,原データ,dentist,dentist,松浦歯科医院,松浦歯科医院,松浦歯科医院,まつうらしかいいん,Matsuurashikaiin,,"Mo,Tu,We,Th,Fr 10:00-13:00,14:30-19:00; Sa 09:30-13:00; PH off; Dec 29-Jan 03 off",dentistry;dental_oral_maxillo_facial_surgery;paediatric_dentistry,,,高知県高知市本町５－１－２　県庁前ビル２Ｆ,JP,高知県,,高知市,,,本町五丁目,1,2,,厚生労働省 医療情報ネットのオープンデータ (2026-06-01),,,県庁前ビル2F,
3933393103040,39,33.57503,133.531283,原データ,dentist,dentist,アーク歯科・矯正歯科クリニック,医療法人社団ティースアート　アーク歯科・矯正歯科クリニック,アーク歯科・矯正歯科クリニック,,,Ark Dental Clinic,"Mo,Tu,Th,Fr,Sa 09:30-13:30,15:00-19:00; PH off; Dec 31-Jan 03 off",dentistry;orthodontics;dental_oral_maxillo_facial_surgery;paediatric_dentistry,,http://www.ark-dc.com/,高知県高知市一ツ橋町１丁目１４５－３,JP,高知県,,高知市,,,一ツ橋町一丁目,,,,厚生労働省 医療情報ネットのオープンデータ (2026-06-01),yes,名称の先頭の「ティースアート」を運営主体とみなして name から除いた。official_name と short_name で確かめてください,,
3933393103170,39,33.567184,133.531279,原データ,dentist,dentist,いりあけ歯科クリニック,いりあけ歯科クリニック,いりあけ歯科クリニック,いりあけしかくりにっく,,,"Mo,Tu,We,Fr,Sa 09:00-12:30,14:00-18:00; PH off",dentistry;paediatric_dentistry,,,高知県高知市入明町１３－１９,JP,高知県,,高知市,,,入明町,13,19,,厚生労働省 医療情報ネットのオープンデータ (2026-06-01),,,,
3933393103460,39,33.568411,133.51976,原データ,dentist,dentist,いとう歯科,いとう歯科,いとう歯科,いとうしか,Itoshika,,"Mo,Tu,We,Fr,Sa 09:00-12:30,14:00-18:00; PH off; Dec 29-Jan 03 off",dentistry,,,高知県高知市南万々２０－４０,JP,高知県,,高知市,,,南万々,,,,厚生労働省 医療情報ネットのオープンデータ (2026-06-01),,,,
3933393103590,39,33.559653,133.594814,原データ,dentist,dentist,こまつ歯科クリニック,医療法人翠松会　こまつ歯科クリニック,こまつ歯科クリニック,,,Komatsu Dental Clinic,"Mo,Tu,We,Fr,Sa 09:00-12:30,14:00-18:00; PH off; Dec 29-Jan 04,Aug 07-Aug 12 off",dentistry;dental_oral_maxillo_facial_surgery;paediatric_dentistry,,http://www.komatsu-dc.net,高知県高知市介良乙１００４－２０,JP,高知県,,高知市,,,介良乙,,,,厚生労働省 医療情報ネットのオープンデータ (2026-06-01),,,1004-20,
3933393103880,39,33.544755,133.500495,原データ,dentist,dentist,たにもと歯科・矯正歯科,医療法人　たにもと歯科・矯正歯科,たにもと歯科・矯正歯科,,,TANIMOTO Dental Clinic,"Mo,Tu,We,Fr,Sa 09:00-12:30,14:00-18:00; PH off; Dec 30-Jan 03,Aug 13-Aug 15 off",dentistry;orthodontics;paediatric_dentistry,,,高知県高知市朝倉東町３０－１７　アーバンビレッジ３　１Ｆ,JP,高知県,,高知市,,,朝倉東町,30,17,,厚生労働省 医療情報ネットのオープンデータ (2026-06-01),yes,opening_hours から5件を除いた（開始と終了が同一。実質NULL）: 月 小児矯正歯科 00:00-00:00、火 小児矯正歯科 00:00-00:00 他3件,アーバンビレッジ3 1F,
3933393104180,39,33.567684,133.545988,原データ,dentist,dentist,おかざき矯正歯科クリニック,医療法人　おかざき矯正歯科クリニック,おかざき矯正歯科クリニック,,,Okazaki Orthodontic Clinic,"Mo,Tu,We,Fr,Sa 09:00-12:00,14:00-18:00; PH off; Dec 29-Jan 03 off",orthodontics,,,高知県高知市栄田町３−８−７　ＯＳビル２Ｆ,JP,高知県,,高知市,,,栄田町三丁目,8,7,,厚生労働省 医療情報ネットのオープンデータ (2026-06-01),,,OSビル2F,
3933393104760,39,33.569322089,133.554616301,ジオコーディング,dentist,dentist,さたけ歯科クリニック,さたけ歯科クリニック,さたけ歯科クリニック,さたけしかくりにっく,,SatakeDentalClinic,"Mo,Tu,Th,Fr,Sa 09:00-12:30,14:00-18:30; We 09:00-12:30; PH off; Dec 30-Jan 03 off",dentistry;paediatric_dentistry,,http://www.satakeshika.net,高知県高知市杉井流５－７,JP,高知県,,高知市,,,杉井流,5,7,,厚生労働省 医療情報ネットのオープンデータ (2026-06-01),,座標は住所から付与（位置レベル8）,,
3933393104890,39,33.565984516,133.549907673,ジオコーディング,dentist,dentist,DENTAL OFFICE PEACE,ＤＥＮＴＡＬ　ＯＦＦＩＣＥ　ＰＥＡＣＥ,ｄｅｎｔａｌ　ｏｆｆｉｃｅ　ＰＥＡＣＥ,でんたるおふぃすぴーす,,dental office PEACE,,dentistry;orthodontics;dental_oral_maxillo_facial_surgery;paediatric_dentistry,,,高知県高知市北本町３－１０－４７　２階,JP,高知県,,高知市,,,北本町三丁目,10,47,,厚生労働省 医療情報ネットのオープンデータ (2026-06-01),yes,"元データの座標 33, 133 がジオコーダ座標から81,078m離れているため、ジオコーダ座標を採用 / opening_hours をタグ出力していない。営業日の月火水木金土曜に時刻の記載が無い",2階,
3933393104920,39,33.564201,133.618773,原データ,dentist,dentist,いちかわ歯科,いちかわ歯科,いちかわ歯科,いちかわしか,,Ichikawa Dental Clinic,"Mo,Tu,We,Fr,Sa 09:00-11:30,14:00-18:30; PH off",dentistry,,https://ichikawashika.jp/,高知県高知市介良甲１０９０－１,JP,高知県,,高知市,,,介良甲,,,,厚生労働省 医療情報ネットのオープンデータ (2026-06-01),yes,opening_hours から5件を除いた（開始と終了が同一。実質NULL）: 月 歯科 00:00-00:00、火 歯科 00:00-00:00 他3件,1090-1,
3933393105060,39,33.568164,133.508971,原データ,dentist,dentist,アポロニア歯科クリニック,アポロニア歯科クリニック,アポロニア歯科,あぽろにあしかくりにっく,,,"Mo,Tu,Fr,Sa 09:30-17:30; We 09:30-12:30,13:30-17:30; PH off; Dec 29-Jan 04 off",dentistry;orthodontics;dental_oral_maxillo_facial_surgery;paediatric_dentistry,,https://www.9238.jp,高知県高知市福井扇町１１８２−１,JP,高知県,,高知市,,,福井扇町,,,,厚生労働省 医療情報ネットのオープンデータ (2026-06-01),yes,地番のため addr:block_number と addr:housenumber をタグ出力していない,,
3933393105220,39,33.571864,133.545372,原データ,dentist,dentist,ほわいと歯科,ほわいと歯科,ほわいと歯科,ほわいとしか,Howaitosika,,"Mo,Tu,We,Fr 09:00-12:30,14:00-18:00; Th 09:00-12:30; Sa 09:00-12:30,14:00-17:00; PH off; Dec 31-Jan 03 off",dentistry;dental_oral_maxillo_facial_surgery;paediatric_dentistry,,https://kochi-white.com,高知県高知市塩田町１５ー２１,JP,高知県,,高知市,,,塩田町,15,21,,厚生労働省 医療情報ネットのオープンデータ (2026-06-01),,website に https を補った: kochi-white.com,,
3933393105350,39,33.556054,133.526462,原データ,dentist,dentist,かねこ矯正歯科,かねこ矯正歯科,かねこ矯正歯科,かねこきょうせいしか,,Kaneko Orthodontic Clinic,"Mo,Tu,We,Th,Fr,Sa 10:00-12:30,14:30-18:00; PH off; Dec 29-Jan 03,Aug 10-Aug 11 off",dentistry;orthodontics,,http://www.kaneko-orthodontic.net/,高知県高知市上町１丁目８－１３,JP,高知県,,高知市,,,上町一丁目,8,13,,厚生労働省 医療情報ネットのオープンデータ (2026-06-01),,,,
3933393105480,39,33.578225,133.555034,原データ,dentist,dentist,うえた歯科医院,うえた歯科医院,うえた歯科,うえたしかいいん,,Ueta Dental Clinic,"Tu,We,Th,Fr,Sa 09:30-13:30,15:00-19:00; PH off; Dec 29-Jan 04 off",dentistry;dental_oral_maxillo_facial_surgery,,https://www.ueta-shika.com,高知県高知市薊野西町３丁目３１－１９,JP,高知県,,高知市,,,薊野西町三丁目,31,19,,厚生労働省 医療情報ネットのオープンデータ (2026-06-01),,,,
3933393105510,39,33.546716235,133.541606074,ジオコーディング,dentist,dentist,ひゃっこく歯科,ひゃっこく歯科,ひゃっこく歯科,ひゃっこくしか,,Hyakkoku Dental Clinic,"Mo,Tu,We,Fr 09:00-12:30,14:30-18:00; Sa 09:00-12:30,14:00-16:30; PH off",dentistry;dental_oral_maxillo_facial_surgery;paediatric_dentistry,,,高知県高知市百石町２丁目２４番１５号,JP,高知県,,高知市,,,百石町二丁目,24,15,,厚生労働省 医療情報ネットのオープンデータ (2026-06-01),,座標は住所から付与（位置レベル8）,,
3933393105770,39,33.552350787,133.504435321,ジオコーディング,dentist,dentist,田岡歯科・矯正歯科クリニック,田岡歯科・矯正歯科クリニック,田岡歯科・矯正歯科クリニック,たおかしかきょうせいしかくりにっく,Taokashika Kyouseishika Kurinikku,,"Mo,Tu,We,Fr,Sa 08:30-12:00,13:30-17:00; PH off; Dec 28-Jan 04,May 03-May 07,Aug 09-Aug 13 off",dentistry;orthodontics;dental_oral_maxillo_facial_surgery;paediatric_dentistry,,https://taokadental.com/,高知県高知市鴨部１丁目１０－３３,JP,高知県,,高知市,,,鴨部一丁目,10,33,,厚生労働省 医療情報ネットのオープンデータ (2026-06-01),yes,座標は住所から付与（位置レベル8） / opening_hours から1件を除いた（開始と終了が同一。実質NULL）: 水 歯科口腔外科 00:00-00:00,,
3933393106070,39,33.540718485,133.48378277,ジオコーディング,dentist,dentist,うぐるす歯科医院,医療法人　静高会　うぐるす歯科医院,うぐるす歯科医院,,,,"Mo,Tu,We,Fr,Sa 09:00-13:00,14:00-18:00; Th 09:00-13:00; Th[1,2,3] off; PH off; Dec 30-Jan 03,May 03-May 05 off",dentistry;dental_oral_maxillo_facial_surgery;paediatric_dentistry,,http://www.ug-shika.com/,高知県高知市鵜来巣　１１－３８－９,JP,高知県,,高知市,,,鵜来巣,11,38-9,,厚生労働省 医療情報ネットのオープンデータ (2026-06-01),,座標は住所から付与（位置レベル8）,,
3933393106100,39,33.567361509,133.541953338,ジオコーディング,dentist,dentist,高知駅つちもと歯科,高知駅つちもと歯科,高知駅つちもと歯科,こうちえきつちもとしか,,,"Mo,Tu,We,Fr 09:00-13:00,15:00-19:00; Sa 09:00-13:00,14:00-17:00; Dec 29-Jan 03 off",dentistry;dental_oral_maxillo_facial_surgery;paediatric_dentistry,,,高知県高知市栄田町１丁目２－２,JP,高知県,,高知市,,,栄田町一丁目,2,2,,厚生労働省 医療情報ネットのオープンデータ (2026-06-01),,座標は住所から付与（位置レベル8）,,
3933393106360,39,33.561212,133.522706,原データ,dentist,dentist,中村歯科診療所,中村歯科診療所,中村歯科診療所,なかむらしかしんりょうしょ,Makamurasikasinnryousyo,,"Mo,Tu,We,Th,Fr,Sa 09:00-12:30; PH off; Dec 30-Jan 03,May 06,Aug 12,Nov 04 off",dentistry,,,高知県高知市山ノ端町,JP,高知県,,高知市,,,山ノ端町,,,,厚生労働省 医療情報ネットのオープンデータ (2026-06-01),,,,
3933393106520,39,33.5773,133.533143,原データ,dentist,dentist,えびす歯科・矯正歯科クリニック,えびす歯科・矯正歯科クリニック,えびす歯科・矯正歯科クリニック,えびすしかきょうせいしかくりにっく,,Ebisu Dental And Orthodontic Clinic,"Mo,Tu,We,Fr,Sa 09:00-12:30,14:00-18:00; PH off",dentistry;orthodontics;paediatric_dentistry,,http://www.ebisudental.jp,高知県高知市西秦泉寺８３－１,JP,高知県,,高知市,,,西秦泉寺,,,,厚生労働省 医療情報ネットのオープンデータ (2026-06-01),,,,
3933393106650,39,33.560013,133.538175,原データ,dentist,dentist,じゅん歯科クリニック,じゅん歯科クリニック,じゅん歯科クリニック,じゅんしかくりにっく,,junshika clinic,"Mo,Tu,We,Fr 09:30-13:30,15:00-18:30; Sa 09:30-13:30,15:00-17:00; PH off; Dec 28-Jan 03,Aug 09-Aug 12 off",dentistry;dental_oral_maxillo_facial_surgery,,http://www.jun-shika.com/index.htm,高知県高知市帯屋町,JP,高知県,,高知市,,,,,,,厚生労働省 医療情報ネットのオープンデータ (2026-06-01),yes,営業曜日と時刻が食い違う曜日が1件。曜日フラグを採用（営業日と同一時刻のため一律入力とみなす）,帯屋町,
3933393106780,39,33.568026,133.545985,原データ,dentist,dentist,AAf橋本歯科医院,ＡＡｆ橋本歯科医院,ＡＡｆ橋本歯科医院,えーえーえふはしもとしかいいん,Aaf Hashimoto Shika Iin,,"Mo,Tu,Th,Fr,Sa 09:00-13:00,14:00-18:00; PH off; Dec 30-Jan 03 off",dentistry;dental_oral_maxillo_facial_surgery;paediatric_dentistry,,http://www.aaf-dent.jp/,高知県高知市栄田町３丁目１２－１９　ポルテス１階西,JP,高知県,,高知市,,,栄田町三丁目,12,19,,厚生労働省 医療情報ネットのオープンデータ (2026-06-01),,,ポルテス1階西,
3933393107110,39,33.565621566,133.558504065,ジオコーディング,dentist,dentist,ソフィアデンタル,ソフィアデンタル,ソフィアデンタル,そふぃあでんたる,,sophiadental,"Mo,Tu,We,Th 09:00-12:30,14:00-17:30; Fr 09:00-12:30,14:30-17:30; Sa 09:00-12:30,14:00-17:00; Th[1,3,5] off; Sa[2,4] off; PH off; Dec 29-Jan 03 off",dentistry;orthodontics;dental_oral_maxillo_facial_surgery;paediatric_dentistry,,http://www.sophiadental.or.jp,高知県高知市北金田１１－２２,JP,高知県,,高知市,,,北金田,11,22,,厚生労働省 医療情報ネットのオープンデータ (2026-06-01),,座標は住所から付与（位置レベル8）,,
3933393107240,39,33.544339081,133.493468674,ジオコーディング,dentist,dentist,あさくら歯科・矯正歯科,あさくら歯科・矯正歯科,あさくら歯科・矯正歯科,あさくらしかきょうせいしか,Asakurashikakyouseishika,,"Mo,Tu,Th,Fr,Sa 09:00-13:00,14:30-18:30; We 09:00-13:00; PH off; Dec 31-Jan 03,Aug 13-Aug 15 off",dentistry;orthodontics;dental_oral_maxillo_facial_surgery;paediatric_dentistry,,,高知県高知市朝倉横町２３番７－６号,JP,高知県,,高知市,,,朝倉横町,23,7-6,,厚生労働省 医療情報ネットのオープンデータ (2026-06-01),,座標は住所から付与（位置レベル8）,号,
3933393107370,39,33.57040762100001,133.556582673,ジオコーディング,dentist,dentist,広末歯科矯正,広末歯科矯正,広末歯科矯正,ひろすえしかきょうせい,,,"Tu,We,Th,Fr,Sa 09:30-18:30; PH off",orthodontics,,,高知県高知市杉井流１２番７号,JP,高知県,,高知市,,,杉井流,12,7,,厚生労働省 医療情報ネットのオープンデータ (2026-06-01),,座標は住所から付与（位置レベル8）,,
3933393107400,39,33.569737,133.566177,原データ,dentist,dentist,はみがき歯科クリニック,はみがき歯科クリニック,はみがき歯科クリニック,はみがきしかくりにっく,,Hamigaki Dental Clinic,"Mo,Tu,We,Th,Fr,Sa 09:00-13:00,14:30-18:30; PH off",dentistry,,,高知県高知市北久保１８－１,JP,高知県,,高知市,,,北久保,18,1,,厚生労働省 医療情報ネットのオープンデータ (2026-06-01),,,,
3933393107660,39,33.566165,133.491025,原データ,dentist,dentist,アール・ヴェール歯科,アール・ヴェール歯科,アール・ヴェール歯科,あーる・ゔぇーるしか,,,"Mo,Tu,Sa 09:00-12:30,14:00-18:00; We,Fr 09:00-12:30,14:00-17:00; PH off",dentistry;dental_oral_maxillo_facial_surgery;paediatric_dentistry,,,高知県高知市西塚ノ原７９－６,JP,高知県,,高知市,,,西塚ノ原,,,,厚生労働省 医療情報ネットのオープンデータ (2026-06-01),,,,
3933393108540,39,33.570272,133.557859,原データ,dentist,dentist,まつざわ歯科クリニック,まつざわ歯科クリニック,まつざわ歯科クリニック,まつざわしかくりにっく,,matsuzawa dental clinic,"Mo,Tu,Th,Fr,Sa 08:30-18:15; PH off; Dec 29-Jan 03,Aug 13-Aug 15 off",dentistry;dental_oral_maxillo_facial_surgery;paediatric_dentistry,,https://www.matsuzawa-shika.com,高知県高知市杉井流１４－２０,JP,高知県,,高知市,,,杉井流,14,20,,厚生労働省 医療情報ネットのオープンデータ (2026-06-01),,,,
3933393108700,39,33.568649553,133.537053956,ジオコーディング,dentist,dentist,あたご歯科,あたご歯科,あたご歯科,あたごしか,,Atago DentalCLINIC,"Mo,Tu,We,Th,Fr,Sa 09:00-12:00,14:00-17:00; PH off; Dec 29-Jan 03,Aug 09-Aug 12,Dec 24 off",dentistry;paediatric_dentistry,,http://httbi.itp.he.jp/0888568214,高知県高知市愛宕町２丁目２０番１０号,JP,高知県,,高知市,,,愛宕町二丁目,20,10,,厚生労働省 医療情報ネットのオープンデータ (2026-06-01),,座標は住所から付与（位置レベル8）,,
3933393108830,39,33.557912,133.508567,原データ,dentist,dentist,横田歯科クリニック,横田歯科クリニック,横田歯科,よこたしかくりにっく,,Yokota Dental Clinic,"Mo,Tu,Th,Fr 09:00-12:30,14:00-18:00; Sa 09:00-12:30,14:00-17:00; PH off",dentistry;dental_oral_maxillo_facial_surgery;paediatric_dentistry,,http://www.yokotadental.jp,高知県高知市旭駅前町３ー３,JP,高知県,,高知市,,,旭駅前町,,,,厚生労働省 医療情報ネットのオープンデータ (2026-06-01),,,,
3933393108960,39,33.557985325,133.522501431,ジオコーディング,dentist,dentist,たかぎ歯科,たかぎ歯科,たかぎ歯科,たかぎしか,Takagi Shika,,"Mo,Tu,We,Th,Fr,Sa 09:00-14:00,15:00-18:30; PH off; Dec 28-Jan 04,Mar 15,Mar 28,Apr 30-May 05,May 18 off",dentistry;orthodontics;paediatric_dentistry,,,高知県高知市上町３丁目５－１１,JP,高知県,,高知市,,,上町三丁目,5,11,,厚生労働省 医療情報ネットのオープンデータ (2026-06-01),,座標は住所から付与（位置レベル8）,,
3933393109000,39,33.563069484,133.558769034,ジオコーディング,dentist,dentist,歯科 地球33番地,歯科　地球３３番地,歯科　地球３３番地,しか ちきゅうさんじゅうさんばんち,,SikaChikyuu33babbchi DenntalClinic,"Mo,Tu,Th,Fr 09:00-12:30,14:00-18:30; Sa 09:00-12:30,14:00-18:00; PH off; Jan 03,Dec 30 off",dentistry;dental_oral_maxillo_facial_surgery;paediatric_dentistry,,,高知県高知市南金田１８－１０,JP,高知県,,高知市,,,南金田,18,10,,厚生労働省 医療情報ネットのオープンデータ (2026-06-01),,座標は住所から付与（位置レベル8）,,
3933393109710,39,33.512192,133.574209,原データ,dentist,dentist,すまいる歯科医院,すまいる歯科医院,すまいる歯科,すまいるしかいいん,Sumairu Shika,,"Mo,Tu,We,Fr,Sa 09:00-13:00,14:30-18:30; PH off; Aug 14-Aug 15,Dec 30-Dec 31 off",dentistry;dental_oral_maxillo_facial_surgery;paediatric_dentistry,,http://www.smiledentalclinickochi.com/,高知県高知市仁井田６４３－６,JP,高知県,,高知市,,,仁井田,,,,厚生労働省 医療情報ネットのオープンデータ (2026-06-01),,,,
3933393109840,39,33.570866,133.517158,原データ,dentist,dentist,スマイルプランみかづき歯科クリニック,医療法人スマイルプランみかづき歯科クリニック,医療法人スマイルプランみかづき歯科クリニック,,,,"Mo,Tu,Th,Fr 09:00-12:30,14:00-18:30; Sa 09:00-17:00; PH off",dentistry;dental_oral_maxillo_facial_surgery;paediatric_dentistry,,,高知県高知市中万々８１４番地４,JP,高知県,,高知市,,,中万々,,,,厚生労働省 医療情報ネットのオープンデータ (2026-06-01),,,,
3933393109970,39,33.560258923,133.591049073,ジオコーディング,dentist,dentist,高須岡林歯科,高須岡林歯科,高須岡林歯科,たかすおかばやししか,Takasuokabayashishika,,"Mo,Tu,Th,Fr 09:00-19:00; Sa 09:00-18:00; Th[5] off; PH off",dentistry;dental_oral_maxillo_facial_surgery;paediatric_dentistry,,,高知県高知市高須３－５－２０,JP,高知県,,高知市,,,高須三丁目,5,20,,厚生労働省 医療情報ネットのオープンデータ (2026-06-01),,座標は住所から付与（位置レベル8）,,
3933393110080,39,33.543315982,133.488284029,ジオコーディング,dentist,dentist,木口歯科医院,木口歯科医院,木口歯科,きぐちしかいいん,,kiguchi dental clinic,"Mo,Tu,We,Fr,Sa 09:00-12:30,14:00-18:30; PH off",dentistry;dental_oral_maxillo_facial_surgery;paediatric_dentistry,,,高知県高知市若草町９－１５,JP,高知県,,高知市,,,若草町,9,15,,厚生労働省 医療情報ネットのオープンデータ (2026-06-01),,座標は住所から付与（位置レベル8）,,
3933393110110,39,33.559974,133.543814,原データ,dentist,dentist,はりまや橋溝渕歯科クリニック,はりまや橋溝渕歯科クリニック,溝渕歯科クリニック,はりまやばしみぞぶちしかくりにっく,,,"Mo,We,Fr 09:00-13:00,14:30-19:00; Tu,Th,Sa 09:00-13:00,14:30-17:00",dentistry,,http://www.mizobuchi-shika.com/clinic/access.html,高知県高知市はりまや町１－５－１２,JP,高知県,,高知市,,,はりまや町一丁目,5,12,,厚生労働省 医療情報ネットのオープンデータ (2026-06-01),,,,
3933393110240,39,33.558207,133.512544,原データ,dentist,dentist,あさひ歯科,あさひ歯科,あさひ歯科,あさひしか,,Asahi dental office,"Mo,Tu,We,Fr,Sa 08:30-12:30,14:00-18:00; PH off; Dec 30-Jan 03 off",dentistry;orthodontics;dental_oral_maxillo_facial_surgery;paediatric_dentistry,,,高知県高知市中須賀町,JP,高知県,,高知市,,,中須賀町,,,,厚生労働省 医療情報ネットのオープンデータ (2026-06-01),,,,
3933393110370,39,33.56196,133.550599,原データ,dentist,dentist,嶋本歯科クリニック,嶋本歯科クリニック,嶋本歯科クリニック,しまもとしかくりにっく,,,"Mo,Tu,We,Th,Fr 09:00-12:00,13:30-18:30; Sa 09:00-12:00,13:30-18:00; Su unknown",dentistry;orthodontics;dental_oral_maxillo_facial_surgery;paediatric_dentistry,,http://www.shimamotoshika.info/,高知県高知市桜井町２丁目６番３８号,JP,高知県,,高知市,,,桜井町二丁目,6,38,,厚生労働省 医療情報ネットのオープンデータ (2026-06-01),yes,営業日の日曜に時刻の記載が無いため opening_hours に unknown と書いた,,
3933393110400,39,33.565948,133.554471,原データ,dentist,dentist,さとみデンタルクリニック,さとみデンタルクリニック,さとみデンタルクリニック,さとみでんたるくりにっく,,Satomi Dental Clinic,"Mo,Tu,We,Fr 09:30-13:00,14:30-18:30; Sa 09:30-13:00,14:30-17:30; Th unknown; PH off",dentistry;orthodontics;dental_oral_maxillo_facial_surgery;paediatric_dentistry,,,高知県高知市北本町４－５－３３－１Ｆ,JP,高知県,,高知市,,,北本町四丁目,5,33,,厚生労働省 医療情報ネットのオープンデータ (2026-06-01),yes,営業日の木曜に時刻の記載が無いため opening_hours に unknown と書いた,1 F,番地の3要素目以降を確認: 1
3933393110950,39,33.547808,133.547269,原データ,dentist,dentist,かたた歯科クリニック,かたた歯科クリニック,かたた歯科クリニック,かたたしかくりにっく,,,"Mo,Tu,We,Fr 09:00-18:00; Sa 09:00-16:00; PH off; Dec 29-Jan 03 off",dentistry;dental_oral_maxillo_facial_surgery,,http://katata-dc.com,高知県高知市桟橋通２－８－１８,JP,高知県,,高知市,,,桟橋通二丁目,8,18,,厚生労働省 医療情報ネットのオープンデータ (2026-06-01),,,,
3933393111120,39,33.557518681,133.548354632,ジオコーディング,dentist,dentist,はまだデンタルクリニック,はまだデンタルクリニック,はまだデンタルクリニック,はまだでんたるくりにっく,,hamadadentalclinic,"Mo,Tu,Th,Fr,Sa 09:00-12:30,14:00-18:30; PH off; Dec 30-Jan 03,Aug 13-Aug 15 off",dentistry;dental_oral_maxillo_facial_surgery;paediatric_dentistry,,,高知県高知市九反田８－１７,JP,高知県,,高知市,,,九反田,8,17,,厚生労働省 医療情報ネットのオープンデータ (2026-06-01),,座標は住所から付与（位置レベル8）,,
3933393111540,39,33.54778656,133.491299348,ジオコーディング,dentist,dentist,いしもと歯科クリニック,医療法人緑智会　いしもと歯科クリニック,いしもと歯科クリニック,,,,"Mo,Tu,We,Fr,Sa 09:00-12:30,14:00-18:30; Th 09:00-12:30; PH off; Jan 02-Jan 03,May 04-May 06,Aug 12-Aug 15,Dec 30-Dec 31 off",dentistry;dental_oral_maxillo_facial_surgery;paediatric_dentistry,,https://ishimoto-d.jp,高知県高知市朝倉本町１丁目９番４０号,JP,高知県,,高知市,,,朝倉本町一丁目,9,40,,厚生労働省 医療情報ネットのオープンデータ (2026-06-01),,座標は住所から付与（位置レベル8）,,
3933393112260,39,33.562171,133.549561,原データ,dentist,dentist,さえんば 嶋本歯科,さえんば　嶋本歯科,さえんば嶋本歯科,さえんばしまもとしか,Senba Shimamoto Shika,,"Mo,We 09:00-18:30; Tu 09:00-17:30; Fr 08:30-17:30; Sa 08:30-17:00; PH off; Dec 29-Jan 03 off",dentistry;paediatric_dentistry,,https://saenba-shimamotoshika.jp,高知県高知市桜井町１－９－３５,JP,高知県,,高知市,,,桜井町一丁目,9,35,,厚生労働省 医療情報ネットのオープンデータ (2026-06-01),,,,
3933393112550,39,33.588263482,133.57451525700003,ジオコーディング,dentist,dentist,島﨑歯科医院,島﨑歯科医院,島﨑歯科医院,しまさきしかいいん,Shimasakisikaiin,,"Mo,Tu,We,Fr 09:00-18:00; Sa 09:00-17:00; PH off",dentistry;paediatric_dentistry,,https://www.shimasaki-dental-clinic.com,高知県高知市一宮中町３－１１－１７,JP,高知県,,高知市,,,一宮中町三丁目,11,17,,厚生労働省 医療情報ネットのオープンデータ (2026-06-01),,座標は住所から付与（位置レベル8）,,
3933393112680,39,33.567886174,133.562331117,ジオコーディング,dentist,dentist,やすおか歯科医院,やすおか歯科医院,やすおか歯科医院,やすおかしかいいん,,Yasuoka Dental Clinic,,dentistry;dental_oral_maxillo_facial_surgery;paediatric_dentistry,,https://www.yasuokadc.com/,高知県高知市北御座１１－２１,JP,高知県,,高知市,,,北御座,11,21,,厚生労働省 医療情報ネットのオープンデータ (2026-06-01),yes,座標は住所から付与（位置レベル8） / opening_hours をタグ出力していない。営業日の月火水金土曜に時刻の記載が無い,,
3933395100870,39,33.556996,133.536847,原データ,dentist,dentist,岡本歯科診療所,岡本歯科診療所,岡本歯科医院,おかもとしかしんりょうしょ,,,"Mo,Tu,We,Th,Fr 08:30-12:30,13:30-17:30; Sa 08:30-12:30; PH off; Dec 30-Jan 03 off",dentistry,,,高知県高知市鷹匠町１－１－１,JP,高知県,,高知市,,,鷹匠町一丁目,1,1,,厚生労働省 医療情報ネットのオープンデータ (2026-06-01),,,,
3933395101040,39,33.558969,133.552929,原データ,dentist,dentist,金子歯科クリニック,金子歯科クリニック,金子歯科,かねこしかくりにっく,,,"Mo,Tu,We,Fr,Sa 09:00-12:00,13:30-18:00; PH off; Dec 29-Jan 03,Aug 13-Aug 15 off",dentistry;paediatric_dentistry,,,高知県高知市中宝永町,JP,高知県,,高知市,,,中宝永町,,,,厚生労働省 医療情報ネットのオープンデータ (2026-06-01),yes,opening_hours から10件を除いた（開始と終了が同一。実質NULL）: 月 歯科 00:00-00:00、火 歯科 00:00-00:00 他8件,,
3933395103060,39,33.571358,133.537117,原データ,dentist,dentist,長野歯科,長野歯科,長野歯科,ながのしか,,Nagano Dental Clinic,"Mo,Tu,We,Th,Fr 08:30-12:00,13:30-17:00; PH off; Dec 29-Jan 03 off",dentistry,,,高知県高知市愛宕町３－１２－３２,JP,高知県,,高知市,,,愛宕町三丁目,12,32,,厚生労働省 医療情報ネットのオープンデータ (2026-06-01),,,,
3933395103190,39,33.513895,133.543415,原データ,dentist,dentist,西岡歯科診療所,西岡歯科診療所,西岡歯科,にしおか しかしんりょうじょ,,,"Mo,Tu,We,Fr 09:00-12:00,13:30-18:00; Sa 09:00-12:00,13:30-17:00; PH off; Dec 29-Jan 03 off",dentistry,,,高知県高知市瀬戸西町２－１８８－２,JP,高知県,,高知市,,,瀬戸西町二丁目,,,,厚生労働省 医療情報ネットのオープンデータ (2026-06-01),,,,
3933395103640,39,33.558419,133.55464,原データ,dentist,dentist,松岡歯科医院,松岡歯科医院,松岡歯科医院,まつおかしかいいん,,Matsuoka Dental Clinic,"Mo,Tu,We,Th,Fr 09:00-18:00; Sa 09:00-13:00; PH off; Dec 29-Jan 03 off",dentistry;paediatric_dentistry,,,高知県高知市中宝永町１１番３号,JP,高知県,,高知市,,,中宝永町,11,3,,厚生労働省 医療情報ネットのオープンデータ (2026-06-01),,,,
3933395104070,39,33.559144,133.551057,原データ,dentist,dentist,山崎歯科診療所,山崎歯科診療所,山崎歯科,やまさきしかしんりょうしょ,,Yamasaki Dental Clinic,"Mo,Tu,We,Fr 09:00-12:00,14:30-17:00; Sa 09:00-12:00; PH off; Dec 29-Jan 04 off",dentistry,,,高知県高知市城見町４－３３,JP,高知県,,高知市,,,城見町,4,33,,厚生労働省 医療情報ネットのオープンデータ (2026-06-01),,,,
3933395104100,39,33.560906,133.585139,原データ,dentist,dentist,吉岡歯科診療所,吉岡歯科診療所,吉岡歯科診療所,よしおかしかしんりょうしょ,Yoshioka Shika Shinryosho,,"Mo,Tu,We,Fr 09:00-12:30,14:00-18:00; Th 09:00-12:30,14:00-16:00; Sa 09:00-13:00; PH off; Dec 29-Jan 03 off",dentistry;paediatric_dentistry;orthodontics,,,高知県高知市高須２丁目１３－５７,JP,高知県,,高知市,,,高須二丁目,13,57,,厚生労働省 医療情報ネットのオープンデータ (2026-06-01),,,,
3933395104780,39,33.557798,133.524376,原データ,dentist,dentist,たおか歯科,たおか歯科,たおか歯科,たおかしか,Taoka Shika,,"Mo,Tu,We,Fr 09:00-20:00; Sa 09:00-17:00; PH off; Dec 30-Jan 03 off",dentistry;orthodontics;paediatric_dentistry,,http://www.taoka-shika.com/,高知県高知市上町二丁目二番二十四号,JP,高知県,,高知市,,,上町二丁目,2,24,,厚生労働省 医療情報ネットのオープンデータ (2026-06-01),,,,
3933395105080,39,33.564311,133.53152,原データ,dentist,dentist,岸歯科診療所,岸歯科診療所,岸歯科,きししかしんりょうしょ,,Kishi Dental Clinic,"Mo,Tu,We,Fr 08:50-12:30,13:50-17:00; Th 08:50-12:30; Sa 08:50-12:30,13:50-15:30; PH off; Dec 30-Jan 03 off",dentistry,,,高知県高知市大川筋２丁目５番３２号,JP,高知県,,高知市,,,大川筋二丁目,5,32,,厚生労働省 医療情報ネットのオープンデータ (2026-06-01),,,,
3933395105240,39,33.565989,133.538319,原データ,dentist,dentist,岡林歯科,医療法人　利重会　岡林歯科,岡林歯科,,,,"Mo,Tu,We,Th,Fr 09:00-12:00,14:00-18:00; PH off; Dec 29-Jan 03 off",dentistry,,,高知県高知市北本町,JP,高知県,,高知市,,,,,,,厚生労働省 医療情報ネットのオープンデータ (2026-06-01),yes,opening_hours から5件を除いた（開始と終了が同一。実質NULL）: 月 歯科 00:00-00:00、火 歯科 00:00-00:00 他3件,北本町,
3933395105370,39,33.556142,133.509339,原データ,dentist,dentist,小松歯科診療所,小松歯科診療所,小松歯科診療所,こまつしかしんりょうじょ,,Komatsu Dental Clinic,"Mo,Tu,We,Fr,Sa 09:00-13:00,14:00-17:00; PH off",dentistry;orthodontics,,,高知県高知市旭駅前町１－５,JP,高知県,,高知市,,,旭駅前町,,,,厚生労働省 医療情報ネットのオープンデータ (2026-06-01),yes,opening_hours から5件を除いた（開始と終了が同一。実質NULL）: 月 矯正歯科 00:00-00:00、火 矯正歯科 00:00-00:00 他3件,,
3933395105790,39,33.565171,133.563497,原データ,dentist,dentist,土本歯科,土本歯科,土本歯科,つちもとしか,,Tsuchimoto Dental Clinic,"Mo,Tu,We,Fr 09:00-18:30; Sa 09:00-17:00; PH off",dentistry;dental_oral_maxillo_facial_surgery;paediatric_dentistry,,,高知県高知市南御座３－１２,JP,高知県,,高知市,,,南御座,3,12,,厚生労働省 医療情報ネットのオープンデータ (2026-06-01),,,,
3933395106670,39,33.558699,133.548674,原データ,dentist,dentist,山本歯科診療所,山本歯科診療所,山本歯科,やまもとしかしんりょうしょ,,Yamamoto Dental Clinic,"Mo,Tu,We,Th,Fr,Sa 09:00-12:30; PH off; Dec 30-Jan 04,Aug 13-Aug 15 off",dentistry;paediatric_dentistry,,http://saenbayama.wp.xdomain.jp,高知県高知市菜園場町７－１８,JP,高知県,,高知市,,,菜園場町,7,18,,厚生労働省 医療情報ネットのオープンデータ (2026-06-01),yes,opening_hours から8件を除いた（開始が 06:00 より前）: 月 歯科 02:30-06:30、火 歯科 02:30-06:30 他6件,,
3933395106830,39,33.557068,133.52376,原データ,dentist,dentist,楠瀬歯科クリニック,楠瀬歯科クリニック,楠瀬歯科クリニック,くすのせしかくりにっく,Kusunose Sikakurinikku,,"Mo,Tu,We,Fr,Sa 09:00-13:00,14:00-18:00; PH off; Dec 30-Jan 04,Jan 14,Feb 11,Mar 20,Apr 29,May 03,May 05-May 06,Jul 20,Aug 13-Aug 15,Sep 15,Sep 21-Sep 23,Oct 12,Nov 03,Nov 23,Dec 23 off",dentistry;orthodontics;paediatric_dentistry,,,高知県高知市上町２－５－２５,JP,高知県,,高知市,,,上町二丁目,5,25,,厚生労働省 医療情報ネットのオープンデータ (2026-06-01),yes,opening_hours から15件を除いた（開始と終了が同一。実質NULL）: 月 歯科 00:00-00:00、火 歯科 00:00-00:00 他13件,,
3933395107130,39,33.551009,133.49061,原データ,dentist,dentist,西本歯科,西本歯科,西本歯科,にしもとしか,,Nishimoto Dental Clinic,"Mo,Tu,We,Fr 09:00-18:00; Th 09:00-13:00; Sa 09:00-17:00; PH off; Dec 31-Jan 03,Dec 24 off",dentistry;orthodontics;dental_oral_maxillo_facial_surgery;paediatric_dentistry,,,高知県高知市曙町１丁目８番３４号,JP,高知県,,高知市,,,曙町一丁目,8,34,,厚生労働省 医療情報ネットのオープンデータ (2026-06-01),yes,営業曜日と時刻が食い違う曜日が1件。時刻を採用（営業日と異なる独自の時刻）,,
3933395107390,39,33.557346,133.544805,原データ,dentist,dentist,友永歯科,友永歯科,友永歯科,ともながしか,,Tomonaga Dental Clinic,"Mo,Tu,We,Th,Fr 09:00-12:30,14:00-18:00; Sa 09:00-12:30; PH off; Dec 30-Jan 03,Dec 24 off",dentistry;paediatric_dentistry,,https://www.tomonaga-dental.com/,高知県高知市南はりまや町２－８－９,JP,高知県,,高知市,,,南はりまや町二丁目,8,9,,厚生労働省 医療情報ネットのオープンデータ (2026-06-01),yes,opening_hours から14件を除いた（開始と終了が同一。実質NULL）: 土 歯科 00:00-00:00、月 歯科 00:00-00:00 他12件,,
3933395107680,39,33.56207,133.543764,原データ,dentist,dentist,横山歯科診療所,横山歯科診療所,横山歯科診療所,よこやましかしんりょうしょ,,Yokoyama Dental Clinic Yokoyama Shika Shinryosho,"Mo,Tu,We,Fr 08:30-12:30,14:00-18:00; Th 08:30-12:00,13:00-17:00; PH off; Dec 30-Jan 03 off",dentistry,,,高知県高知市はりまや町２－３－８,JP,高知県,,高知市,,,はりまや町二丁目,3,8,,厚生労働省 医療情報ネットのオープンデータ (2026-06-01),,,,
3933395108430,39,33.569542,133.519568,原データ,dentist,dentist,国藤歯科診療所,国藤歯科診療所,国藤歯科,くにとうしか しんりょうしょ,,,"Mo,Tu,Th,Fr 09:00-12:00,13:00-18:00; Sa 09:00-12:00,13:00-15:00; PH off",dentistry,,,高知県高知市中万々１－８　小谷ビル２Ｆ,JP,高知県,,高知市,,,中万々,,,,厚生労働省 医療情報ネットのオープンデータ (2026-06-01),,,小谷ビル2F,
3933395108560,39,33.524015,133.574626,原データ,dentist,dentist,フカミ歯科診療所,フカミ歯科診療所,フカミ歯科,ふかみしかしんりょうしょ,,Fukami Dental Clinic,"Mo,Tu,We,Th,Fr 09:00-12:30,14:00-18:30; Sa 09:00-13:00; PH off; Dec 30-Jan 03,Aug 15 off",dentistry;paediatric_dentistry,,https://www.fukamishika.com,高知県高知市十津　３丁目６－２６－１,JP,高知県,,高知市,,,十津三丁目,6,26,,厚生労働省 医療情報ネットのオープンデータ (2026-06-01),yes,休診日の記述「祝日ない週水曜午前中」を opening_hours に変換できていない,1,番地の3要素目以降を確認: 1
3933395108980,39,33.587942,133.574599,原データ,dentist,dentist,島崎歯科医院,島崎歯科医院,島崎歯科医院,しまさきしかいいん,,Shimasaki Dental Clinic,"Mo,Tu,We,Fr 09:00-13:00,14:00-17:30; Th,Sa 09:00-13:00; PH off; Dec 29-Jan 03,Dec 24 off",dentistry,,,高知県高知市一宮中町　３－１１－２７,JP,高知県,,高知市,,,一宮中町三丁目,11,27,,厚生労働省 医療情報ネットのオープンデータ (2026-06-01),yes,opening_hours から8件を除いた（開始と終了が同一。実質NULL）: 木 歯科 00:00-00:00、土 歯科 00:00-00:00 他6件,,
3933395109020,39,33.550227,133.51713,原データ,dentist,dentist,山本歯科医院,山本歯科医院,山本歯科医院,やまもとしかいいん,,,"Mo,Tu,We,Th,Fr 09:00-12:30,13:45-17:30; Sa 09:00-12:30; PH off; Dec 30-Jan 03 off",dentistry,,,高知県高知市東城山町１００－１,JP,高知県,,高知市,,,東城山町,,,,厚生労働省 医療情報ネットのオープンデータ (2026-06-01),,,,
3933395109150,39,33.559441,133.541677,原データ,dentist,dentist,窪歯科,窪歯科,窪歯科,くぼしか,Kubosika,,"Mo,Tu,Th,Fr 09:00-12:00,13:00-17:00; We,Sa 09:00-12:00; PH off; Dec 28-Jan 04,Aug 09-Aug 11 off",dentistry;orthodontics,,,高知県高知市堺町１－２１　ＪＴＢ高知ビル４Ｆ,JP,高知県,,高知市,,,堺町,1,21,,厚生労働省 医療情報ネットのオープンデータ (2026-06-01),,,JTB高知ビル4F,
3933395109310,39,33.55728,133.570986,原データ,dentist,dentist,前田歯科クリニック,前田歯科クリニック,前田歯科クリニック,まえだしかくりにっく,,Maeda Shika Clinic,"Mo,Tu,We,Fr 09:00-12:30,14:00-18:30; Th,Sa 09:00-12:30; PH off; Dec 30-Jan 03,Aug 13-Aug 14 off",dentistry;dental_oral_maxillo_facial_surgery,,,高知県高知市葛島２丁目２番１５号,JP,高知県,,高知市,,,葛島二丁目,2,15,,厚生労働省 医療情報ネットのオープンデータ (2026-06-01),,,,
3933395109440,39,33.570441,133.53177,原データ,dentist,dentist,川島歯科診療所,川島歯科診療所,川島歯科診療所,かわしましかしんりょうしょ,,,"Mo,We,Sa 10:00-12:00,13:30-17:00; PH off; Dec 29-Jan 03 off",dentistry;orthodontics,,http://www.kawashima-dental.com,高知県高知市伊勢崎町７－２０,JP,高知県,,高知市,,,伊勢崎町,7,20,,厚生労働省 医療情報ネットのオープンデータ (2026-06-01),,,,
3933395109860,39,33.576691,133.533662,原データ,dentist,dentist,青木歯科,青木歯科,青木歯科,あおきしか,,AOKI DENTAL OFFICE,"Mo,Tu,We,Fr 09:00-12:30,14:00-18:30; Sa 09:00-12:30,14:00-17:00; PH off; Dec 29-Jan 03,Aug 09-Aug 11 off",dentistry;orthodontics;dental_oral_maxillo_facial_surgery;paediatric_dentistry,,,高知県高知市西秦泉寺,JP,高知県,,高知市,,,西秦泉寺,,,,厚生労働省 医療情報ネットのオープンデータ (2026-06-01),yes,opening_hours から20件を除いた（開始と終了が同一。実質NULL）: 月 歯科 00:00-00:00、火 歯科 00:00-00:00 他18件,,
3933395110390,39,33.587531,133.621551,原データ,dentist,dentist,川添歯科診療所,川添歯科診療所,川添歯科診療所,かわぞえしかしんりょうしょ,Kawazoe Shika Shinryousho,,"Mo,Tu,We,Fr 09:00-12:00,14:30-18:00; Th,Sa 09:00-12:00; PH off; Dec 29-Jan 03,Dec 24 off",dentistry;orthodontics,,,高知県南国市岡豊町常通寺島１４８,JP,高知県,,南国市,,,岡豊町常通寺島,,,,厚生労働省 医療情報ネットのオープンデータ (2026-06-01),,,148,
3933395110680,39,33.577799,133.646514,原データ,dentist,dentist,平和歯科診療所,平和歯科診療所,平和歯科診療所,へいわしかしんりょうしょ,Heiwasikasinryousyo,,"Mo,Tu,We,Fr,Sa 09:00-12:30,14:00-18:30; PH off; Dec 30-Jan 04 off",dentistry;paediatric_dentistry,,,高知県南国市駅前町２－６－２３,JP,高知県,,南国市,,,駅前町二丁目,6,23,,厚生労働省 医療情報ネットのオープンデータ (2026-06-01),,,,
3933395110840,39,33.574533,133.650362,原データ,dentist,dentist,森本歯科診療所,医療法人泰和会森本歯科診療所,森本歯科診療所,,,MORIMOTO DENTAL CLINIC,"Mo,Tu,We,Fr,Sa 08:30-12:30,13:30-17:30; PH off; Dec 29-Jan 04,Aug 13,Aug 15 off",dentistry;orthodontics,,,高知県南国市大そね甲１２１８,JP,高知県,,南国市,,,,,,,厚生労働省 医療情報ネットのオープンデータ (2026-06-01),yes,名称の先頭の「泰和会」を運営主体とみなして name から除いた。official_name と short_name で確かめてください / opening_hours から10件を除いた（開始と終了が同一。実質NULL）: 月 歯科 00:00-00:00、火 歯科 00:00-00:00 他8件,大そね甲1218,
3933395111300,39,33.554883,133.676287,原データ,dentist,dentist,西川歯科診療所,西川歯科診療所,西川歯科,にしがわしかしんりょうしょ,,,"Mo,Tu,We,Fr 08:30-12:00,13:30-18:00; Th,Sa 08:30-12:00; PH off; Dec 29-Jan 03 off",dentistry,,,高知県南国市物部１５１２番地,JP,高知県,,南国市,,,物部,,,,厚生労働省 医療情報ネットのオープンデータ (2026-06-01),,,1512,
3933395111430,39,33.574523,133.642581,原データ,dentist,dentist,高島歯科医院,高島歯科医院,高島歯科医院,たかしましかいいん,,Takashima Dental Clinic,"Mo,Tu,We,Th,Fr 09:00-12:00,14:00-18:45; Sa 09:00-12:00; PH off; Dec 29-Jan 03,Aug 12-Aug 14 off",dentistry;paediatric_dentistry,,http://www.dentaka.net,高知県南国市大そね甲２２８７,JP,高知県,,南国市,,,,,,,厚生労働省 医療情報ネットのオープンデータ (2026-06-01),yes,opening_hours から14件を除いた（開始と終了が同一。実質NULL）: 土 歯科 00:00-00:00、月 歯科 00:00-00:00 他12件,大そね甲2287,
3933395111850,39,33.54681,133.411721,原データ,dentist,dentist,西村歯科医院,西村歯科医院,西村歯科医院,にしむらしかいいん,,Nishimura Dental Clinic,"Mo,Tu,We,Fr 08:30-10:30,13:30-15:30; Sa 08:30-10:30; PH off; Dec 28-Jan 04 off",dentistry,,,高知県吾川郡いの町波川５５４ー２,JP,高知県,吾川郡,いの町,,,波川,,,,厚生労働省 医療情報ネットのオープンデータ (2026-06-01),,,,
3933395111980,39,33.504363,133.461005,原データ,dentist,dentist,別役歯科,別役歯科,別役歯科,べっちゃく しか,Bettyakushika,,"Mo,Tu,We,Th,Fr 09:00-12:00,14:00-17:00; Sa 09:00-12:00; PH off",dentistry;paediatric_dentistry,,,高知県高知市春野町弘岡上９１－１,JP,高知県,,高知市,,,春野町弘岡上,,,,厚生労働省 医療情報ネットのオープンデータ (2026-06-01),,,,
3933395112310,39,33.558870883,133.536800146,ジオコーディング,dentist,dentist,野村歯科医院,医療法人健歯野村会野村歯科医院,野村歯科医院,,,,"Mo,Tu,We,Fr,Sa 08:30-12:30,14:00-18:00; Th 08:30-12:30; Th[2,4] off; PH off; Dec 30-Jan 04 off",dentistry,,,高知県高知市本町２－２－２７　３Ｆ,JP,高知県,,高知市,,,本町二丁目,2,27,,厚生労働省 医療情報ネットのオープンデータ (2026-06-01),yes,座標は住所から付与（位置レベル8） / 名称の先頭の「健歯野村会」を運営主体とみなして name から除いた。official_name と short_name で確かめてください,3F,
3933395112440,39,33.561721556,133.550861799,ジオコーディング,dentist,dentist,嶋本歯科医院,嶋本歯科医院,嶋本歯科医院,しまもとしかいいん,,Shimamoto Dental Clinic,"Mo,Tu,We,Th 08:00-12:00,13:00-17:00; Fr 10:00-12:00,13:00-19:00; Sa 08:00-12:00,13:00-15:00; PH off; Dec 29-Jan 03 off",dentistry;orthodontics;dental_oral_maxillo_facial_surgery;paediatric_dentistry,,https://www.shimamotoshika.net/home.html,高知県高知市桜井町２－５－１３,JP,高知県,,高知市,,,桜井町二丁目,5,13,,厚生労働省 医療情報ネットのオープンデータ (2026-06-01),,座標は住所から付与（位置レベル8）,,
3933395112570,39,33.570773,133.600171,原データ,dentist,dentist,田村歯科医院,田村歯科医院,田村歯科医院,たむら しかいいん,,Tamura Dental Clinic,"Mo,Tu,We,Fr,Sa 09:00-12:30,14:00-18:30; PH off; Dec 29-Jan 03 off",dentistry;paediatric_dentistry,,,高知県高知市大津乙１６１番地１７,JP,高知県,,高知市,,,大津乙,,,,厚生労働省 医療情報ネットのオープンデータ (2026-06-01),,,161-17,
3933395112600,39,33.551844,133.544775,原データ,dentist,dentist,須藤歯科医院,須藤歯科医院,須藤歯科医院,すとうしかいいん,Sutou Shika Iin,,"Mo,Tu,We,Th,Fr 09:00-18:30; Sa 09:00-13:00; PH off; Dec 29-Jan 03 off",dentistry,,,高知県高知市桟橋通り１－１３－２,JP,高知県,,高知市,,,,,,,厚生労働省 医療情報ネットのオープンデータ (2026-06-01),,,桟橋通り1-13-2,
3933395112730,39,33.509907,133.543938,原データ,dentist,dentist,崎岡歯科医院,崎岡歯科医院,崎岡歯科,さきおかしかいいん,,Sakioka Dental Clinic,"Mo,Tu,We,Fr,Sa 09:00-12:00,14:00-18:00; PH off; Dec 29-Jan 03 off",dentistry;dental_oral_maxillo_facial_surgery;paediatric_dentistry,,,高知県高知市瀬戸南町１－２－３,JP,高知県,,高知市,,,瀬戸南町一丁目,2,3,,厚生労働省 医療情報ネットのオープンデータ (2026-06-01),,,,
3933395113030,39,33.567479,133.536971,原データ,dentist,dentist,岡林歯科医院,医療法人茂見会　岡林歯科医院,岡林歯科医院,,,OKABAYASHI DentalClinic OKABAYASHI SHIKA,"Mo,Tu,We,Fr,Sa 09:00-12:30,14:00-18:00; PH off; Dec 30-Jan 03 off",dentistry;orthodontics;dental_oral_maxillo_facial_surgery;paediatric_dentistry,,http://www.shigemikai.com/,高知県高知市愛宕町２丁目１０番２３号,JP,高知県,,高知市,,,愛宕町二丁目,10,23,,厚生労働省 医療情報ネットのオープンデータ (2026-06-01),yes,opening_hours から20件を除いた（開始と終了が同一。実質NULL）: 月 歯科 00:00-00:00、火 歯科 00:00-00:00 他18件,,
3933395113290,39,33.549279,133.4893,原データ,dentist,dentist,福井歯科医院,福井歯科医院,医療法人高義会福井歯科医院,ふくいしかいいん,,Medical Corporation Kougikai Fukui Dental Clinic,"Mo,Tu,We,Fr 09:15-12:00,13:30-17:00; Sa 09:15-12:00; PH off; Dec 29-Jan 04 off",dentistry,,,高知県高知市朝倉本町１ー１３ー２１,JP,高知県,,高知市,,,朝倉本町一丁目,13,21,,厚生労働省 医療情報ネットのオープンデータ (2026-06-01),,,,
3933395113450,39,33.557533,133.527393,原データ,dentist,dentist,小松歯科,小松歯科,小松歯科,こまつしか,,,,dentistry;orthodontics;paediatric_dentistry,,,高知県高知市升形３－７　森崎ビル　２Ｆ,JP,高知県,,高知市,,,升形,3,7,,厚生労働省 医療情報ネットのオープンデータ (2026-06-01),yes,opening_hours をタグ出力していない。営業日の月火水金土曜に時刻の記載が無い,森崎ビル 2F,
3933395113580,39,33.545952,133.506415,原データ,dentist,dentist,山本歯科医院,医療法人山本歯科医院,山本歯科医院,,,Yamamoto Dental Clinic,"Mo,Tu,Th,Fr 09:00-19:00; We,Sa 09:00-17:00; PH off; Dec 31-Jan 03 off",dentistry,,,高知県高知市鴨部１１４３－４,JP,高知県,,高知市,,,鴨部,,,,厚生労働省 医療情報ネットのオープンデータ (2026-06-01),,,,
3933395114200,39,33.553069,133.545358,原データ,dentist,dentist,武井歯科医院,武井歯科医院,武井歯科,たけいしかいいん,,Takei Dentl Clinic,"Mo,Tu,Fr,Sa 09:00-12:30,14:00-17:00; PH off; Dec 30-Jan 03 off",dentistry,,https://www.takei-shikaiin.net,高知県高知市桟橋通,JP,高知県,,高知市,,,,,,,厚生労働省 医療情報ネットのオープンデータ (2026-06-01),,,桟橋通,
3933395114330,39,33.556041,133.575613,原データ,dentist,dentist,高橋歯科医院,高橋歯科医院,高橋歯科医院,たかはししかいいん,,Takahashi Dental Clinic,"Mo,Tu,Th,Fr 09:00-12:00,14:00-18:00; We 09:00-12:00; Sa 09:00-12:00,14:00-16:00; PH off; Dec 29-Jan 03 off",dentistry,,,高知県高知市高須新町３－１－５２,JP,高知県,,高知市,,,高須新町三丁目,1,52,,厚生労働省 医療情報ネットのオープンデータ (2026-06-01),,,,
3933395114460,39,33.567433,133.505075,原データ,dentist,dentist,竹中歯科診療所,竹中歯科診療所,竹中歯科,たけなかしかしんりょうしょ,,Takenaka Dental Clinic,"Mo,Tu,We,Fr 09:00-12:30,14:30-18:30; Sa 09:00-12:30,14:00-18:00; PH off; Dec 31-Jan 03,Apr 28,May 03,Aug 09,Dec 29 off",dentistry;orthodontics;dental_oral_maxillo_facial_surgery;paediatric_dentistry,,,高知県高知市福井町１４２８－３０,JP,高知県,,高知市,,,福井町,,,,厚生労働省 医療情報ネットのオープンデータ (2026-06-01),yes,休診日の記述「29日4日5日6日30日~12日15日」を opening_hours に変換できていない,,
3933395114590,39,33.557985,133.528365,原データ,dentist,dentist,織田歯科医院,織田歯科医院,織田歯科医院,おだしかいいん,,Oda Dental Office,"Mo,Tu,We,Th,Fr 09:00-13:30,14:30-17:30; Sa 09:00-12:00; PH off; Dec 30-Jan 04,Aug 09-Aug 13 off",dentistry,,https://oda-dental-office.jp,高知県高知市升形４－１４,JP,高知県,,高知市,,,升形,4,14,,厚生労働省 医療情報ネットのオープンデータ (2026-06-01),,,,
3933395114750,39,33.559189,133.578071,原データ,dentist,dentist,高須歯科医院,高須歯科医院,高須歯科,たかすしかいいん,,Takasu Dental Clinic,"Mo,Tu,We,Fr 09:00-19:00; Sa 09:00-17:30; PH off; Dec 29-Jan 03 off || off ""お盆は休診""",dentistry;paediatric_dentistry,,,高知県高知市高須新町,JP,高知県,,高知市,,,,,,,厚生労働省 医療情報ネットのオープンデータ (2026-06-01),yes,町字が入力と別のものになったため addr:neighbourhood をタグ出力していない。修正候補: 高須新町,新町,
3933395114880,39,33.551615,133.494188,原データ,dentist,dentist,あけぼのちょう高橋歯科,あけぼのちょう高橋歯科,あけぼのちょう　高橋　歯科,あけぼのちょうたかはし しか,,Akebono-town Takahashi Dental Clinic,"Mo,Tu,We,Fr,Sa 09:00-12:00,13:30-18:30; PH off; Dec 29-Jan 04,Aug 13-Aug 15 off",dentistry;orthodontics;paediatric_dentistry,,https://www.poncho-dc.com/,高知県高知市曙町,JP,高知県,,高知市,,,,,,,厚生労働省 医療情報ネットのオープンデータ (2026-06-01),yes,opening_hours から15件を除いた（開始と終了が同一。実質NULL）: 月 歯科 00:00-00:00、火 歯科 00:00-00:00 他13件,曙町,
3933395114910,39,33.565526,133.543908,原データ,dentist,dentist,梅原歯科医院,梅原歯科医院,梅原歯科,うめばらしかいいん,Umebara Shika Iin,,"Mo,Th 09:00-20:00; Tu,Fr 11:00-20:00; Sa 09:00-16:00; PH off; Dec 29-Jan 03 off",dentistry;orthodontics;dental_oral_maxillo_facial_surgery;paediatric_dentistry,,,高知県高知市駅前町５－１　駅前観光ビル３Ｆ,JP,高知県,,高知市,,,駅前町,5,1,,厚生労働省 医療情報ネットのオープンデータ (2026-06-01),,,駅前観光ビル3F,
3933395115180,39,33.561803,133.542044,原データ,dentist,dentist,前田歯科医院,前田歯科医院,前田歯科,まえだしかいいん,,MaeDa Dental Clinic Maeda Shika,"Mo,Tu,We,Fr,Sa 09:00-12:00,13:00-17:00; PH off; Dec 30-Jan 03 off",dentistry,,,高知県高知市追手筋１丁目１－８,JP,高知県,,高知市,,,追手筋一丁目,1,8,,厚生労働省 医療情報ネットのオープンデータ (2026-06-01),,,,
3933395115210,39,33.547078,133.548666,原データ,dentist,dentist,依岡歯科,依岡歯科,依岡歯科,よりおかしか,Yorioka Shika,,"Mo,Tu,We,Th,Fr,Sa 09:00-12:30,14:00-18:00; Th[1,3] off; Sa[2,4] off; PH off; Dec 30-Jan 03 off",dentistry,,https://www.yorioka-dc.com,高知県高知市桟橋通３丁目１番２２号,JP,高知県,,高知市,,,桟橋通三丁目,1,22,,厚生労働省 医療情報ネットのオープンデータ (2026-06-01),,,,
3933395115340,39,33.497045,133.54885,原データ,dentist,dentist,オザカ歯科診療所,オザカ歯科診療所,オザカ歯科,おざかしかしんりょうじょ,,OZAKA Dental Clinic,"Mo,Tu,We,Th,Fr 09:00-12:00,14:30-17:30; Sa 09:00-12:00; PH off; Dec 31-Jan 03 off",dentistry;paediatric_dentistry,,,高知県高知市長浜,JP,高知県,,高知市,,,長浜,,,,厚生労働省 医療情報ネットのオープンデータ (2026-06-01),yes,opening_hours から12件を除いた（開始と終了が同一。実質NULL）: 月 歯科 00:00-00:00、火 歯科 00:00-00:00 他10件,,
3933395115890,39,33.513425,133.521617,原データ,dentist,dentist,山崎歯科医院,山崎歯科医院,山崎歯科医院,やまざきしかいいん,,Yamazaki Dental Clinic,"Mo,Tu,We,Fr 09:00-12:30,14:00-18:00; Sa 09:00-12:30,14:00-16:30; PH off; Dec 30-Jan 03 off",dentistry;paediatric_dentistry,,,高知県高知市春野町内ノ谷１３８７－２,JP,高知県,,高知市,,,春野町内ノ谷,,,,厚生労働省 医療情報ネットのオープンデータ (2026-06-01),yes,opening_hours から10件を除いた（開始と終了が同一。実質NULL）: 月 歯科 00:00-00:00、火 歯科 00:00-00:00 他8件,,
3933395116220,39,33.559396,133.540433,原データ,dentist,dentist,桑名歯科診療所,桑名歯科診療所,桑名歯科,くわなしかしんりょうしょ,,Kuwana Dental Clinic,"Mo,Tu,We,Th,Fr,Sa 08:30-12:00,13:00-17:00; PH off; Dec 30-Jan 03 off",dentistry,,https://www.jda.or.jp/search/detail_13784.html,高知県高知市堺町２－２０,JP,高知県,,高知市,,,堺町,2,20,,厚生労働省 医療情報ネットのオープンデータ (2026-06-01),yes,opening_hours から5件を除いた（開始と終了が同一。実質NULL）: 月 歯科 00:00-00:00、火 歯科 00:00-00:00 他3件,,
3933395116510,39,33.547921,133.429111,原データ,dentist,dentist,臼歯会安岡診療所,臼歯会安岡診療所,安岡歯科,きゅうしかいやすおかしんりょうしょ,,YASUOKA DENTAL CLINIC,"Mo,Tu,We,Fr 09:00-12:30,14:00-18:00; Th 09:00-12:30; Sa 09:00-12:00,13:00-17:00; PH off; Dec 30-Jan 03,Dec 24 off",dentistry;dental_oral_maxillo_facial_surgery,,http://hyddsukyulkiokvoe.p2.weblife.me/,高知県吾川郡いの町新町３５番地,JP,高知県,吾川郡,いの町,,,新町,,,,厚生労働省 医療情報ネットのオープンデータ (2026-06-01),,,,
3933395116770,39,33.555173,133.521744,原データ,dentist,dentist,西岡歯科,西岡歯科,西岡歯科,にしおかしか,,NISHIOKA DENTAL CLINIC,"Th 09:00-01:00; Mo,Tu,We,Fr,Sa unknown; PH off; Dec 30-Jan 03,Aug 13-Aug 15 off",dentistry,,,高知県高知市上町,JP,高知県,,高知市,,,,,,,厚生労働省 医療情報ネットのオープンデータ (2026-06-01),yes,opening_hours から5件を除いた（終了が開始より前で、日跨ぎとしても 18時間を超える。打ち間違いの疑い）: 月 歯科 09:00-06:00、火 歯科 09:00-06:00 他3件 / 営業日の月火水金土曜に時刻の記載が無いため opening_hours に unknown と書いた,上町,
3933395116800,39,33.545487,133.501824,原データ,dentist,dentist,橋村歯科診療所,橋村歯科診療所,橋村歯科診療所,はしむらしかしんりょうしょ,Hashimura Shika Shinryosho,,"Mo,Tu,We,Fr,Sa 09:00-12:00,14:00-18:00; PH off; Dec 29-Jan 03,Jul 18 off",dentistry,,,高知県高知市鴨部８９１－５　ＭＴビル２Ｆ,JP,高知県,,高知市,,,鴨部,,,,厚生労働省 医療情報ネットのオープンデータ (2026-06-01),,,MTビル2F,
3933395117230,39,33.571198,133.597186,原データ,dentist,dentist,大津歯科医院,大津歯科医院,大津歯科,おおつしかいいん,Ootsu Sika,,"Mo,Tu,We,Fr,Sa 09:00-18:00; PH off; Dec 29-Jan 04,Aug 16 off",dentistry;paediatric_dentistry,,,高知県高知市大津乙,JP,高知県,,高知市,,,大津乙,,,,厚生労働省 医療情報ネットのオープンデータ (2026-06-01),,,,
3933395117520,39,33.550481,133.552054,原データ,dentist,dentist,野本歯科診療所,野本歯科診療所,野本歯科診療所,のもとしかしんりょうしょ,Nomoto Shika Shinryosho,,"Mo,Tu,We,Fr,Sa 09:00-18:00; PH off; Dec 29-Jan 03 off",dentistry,,,高知県高知市潮新町２－１－２５　細川ビルＩＩ　２Ｆ,JP,高知県,,高知市,,,潮新町二丁目,1,25,,厚生労働省 医療情報ネットのオープンデータ (2026-06-01),yes,opening_hours から5件を除いた（開始と終了が同一。実質NULL）: 月 歯科 00:00-00:00、火 歯科 00:00-00:00 他3件,細川ビルII 2F,
3933395117940,39,33.517698,133.545248,原データ,dentist,dentist,池田歯科医院,池田歯科医院,池田歯科医院,いけだしかいいん,Ikeda Shika Iin,,"Mo,Tu,Th,Fr 09:00-12:00,14:00-18:00; We,Sa 09:00-12:00; PH off; Dec 29-Jan 04 off",dentistry,,,高知県高知市横浜東町１３－３９,JP,高知県,,高知市,,,横浜東町,13,39,,厚生労働省 医療情報ネットのオープンデータ (2026-06-01),yes,opening_hours から4件を除いた（開始と終了が同一。実質NULL）: 月 歯科 00:00-00:00、火 歯科 00:00-00:00 他2件,,
3933395118110,39,33.550604,133.48545,原データ,dentist,dentist,上岡歯科医院,上岡歯科医院,上岡歯科医院,かみおかしかいいん,,Kamioka Dental Clinic,"Mo,Tu,We,Fr,Sa 09:00-12:30,14:00-18:00; PH off; Dec 29-Jan 03 off",dentistry;orthodontics;paediatric_dentistry,,,高知県高知市曙町２丁目４番２５号,JP,高知県,,高知市,,,曙町二丁目,4,25,,厚生労働省 医療情報ネットのオープンデータ (2026-06-01),,,,
3933395118370,39,33.563757,133.560803,原データ,dentist,dentist,中山歯科医院,中山歯科医院,中山歯科医院,なかやましかいいん,,Nakayama Dental Clinic,"Mo,Tu,Th,Fr 09:00-12:30,14:00-18:00; Sa 09:00-12:30,14:00-17:00; PH off; Dec 29-Jan 04,Aug 09-Aug 11 off",dentistry;orthodontics;dental_oral_maxillo_facial_surgery;paediatric_dentistry,,,高知県高知市札場１８番６号,JP,高知県,,高知市,,,札場,18,6,,厚生労働省 医療情報ネットのオープンデータ (2026-06-01),,,,
3933395118820,39,33.549044,133.545453,原データ,dentist,dentist,藤岡歯科医院,藤岡歯科医院,藤岡歯科,ふじおかしかいいん,,Fujioka Dental Clinic,"Mo,Tu,We,Fr 09:00-12:00,14:00-19:00; Th,Sa 09:00-12:00; PH off; Dec 30-Jan 03 off",dentistry,,,高知県高知市百石町　２丁目９番６号,JP,高知県,,高知市,,,百石町二丁目,9,6,,厚生労働省 医療情報ネットのオープンデータ (2026-06-01),yes,opening_hours から8件を除いた（開始と終了が同一。実質NULL）: 木 歯科 00:00-00:00、土 歯科 00:00-00:00 他6件,,
3933395119090,39,33.564772,133.522118,原データ,dentist,dentist,西内歯科医院,西内歯科医院,西内歯科,にしうちしかいいん,,Nishiuchi Dental Clinic,"Mo,Tu,We,Fr 09:00-12:30,14:00-18:00; Sa 09:00-12:30,14:00-17:00; PH off; Jan 02-Jan 03,Dec 29-Dec 31 off",dentistry;dental_oral_maxillo_facial_surgery;paediatric_dentistry,,https://nishiuchi-dental-clinic.com/,高知県高知市新屋敷１丁目８番７号,JP,高知県,,高知市,,,新屋敷一丁目,8,7,,厚生労働省 医療情報ネットのオープンデータ (2026-06-01),,,,
3933395119250,39,33.558516,133.558112,原データ,dentist,dentist,岸本歯科,岸本歯科,岸本歯科,きしもとしか,,kishimoto dental clinic,"Mo,We,Fr,Sa 09:00-13:00,14:30-18:30; Tu 09:00-13:00,14:30-19:30; PH off; Dec 29-Jan 03,Aug 15-Aug 17 off",dentistry;dental_oral_maxillo_facial_surgery;paediatric_dentistry,,https://kishimotoshika.wixsite.com/kishimoto,高知県高知市知寄町１の４の１７清涼ハイツ１階,JP,高知県,,高知市,,,知寄町一丁目,4,17,,厚生労働省 医療情報ネットのオープンデータ (2026-06-01),yes,opening_hours から5件を除いた（開始と終了が同一。実質NULL）: 月 歯科 00:00-00:00、火 歯科 00:00-00:00 他3件 / 休診日の記述「おおよそ」を opening_hours に変換できていない,清涼ハイツ1階,
3933395119540,39,33.566103,133.537886,原データ,dentist,dentist,坂本歯科,坂本歯科,坂本歯科,さかもと しか,,Sakamoto Dental Clinic,"Mo,Tu,We,Fr 09:00-12:30,14:00-18:00; Th 09:00-12:30; Sa 09:00-12:30,14:00-17:00; Th[1] off; Dec 29-Jan 03 off",dentistry,,,高知県高知市愛宕町１－５－８（２Ｆ）,JP,高知県,,高知市,,,愛宕町一丁目,5,8,,厚生労働省 医療情報ネットのオープンデータ (2026-06-01),,,（2F）,
3933395119700,39,33.578829,133.645412,原データ,dentist,dentist,西村歯科医院,西村歯科医院,西村歯科医院,にしむらしかいいん,,Nisimura Dental Clinic,"Mo,Tu,We,Fr,Sa 09:00-12:30,14:00-18:30; PH off; Dec 29-Jan 03,Aug 14-Aug 15 off",dentistry,,,高知県南国市駅前町１丁目４番２０号,JP,高知県,,南国市,,,駅前町一丁目,4,20,,厚生労働省 医療情報ネットのオープンデータ (2026-06-01),yes,opening_hours から5件を除いた（開始と終了が同一。実質NULL）: 月 歯科 00:00-00:00、火 歯科 00:00-00:00 他3件,,
3933395119960,39,33.562855,133.493013,原データ,dentist,dentist,岡本歯科医院,岡本歯科医院,岡本歯科医院,おかもとしかいいん,,Okamoto Dental Clinic,"Mo,Tu,We,Fr 09:00-12:00,14:00-19:00; Sa 09:00-12:00,13:00-17:00; PH off; Dec 27-Jan 03 off",dentistry;dental_oral_maxillo_facial_surgery;paediatric_dentistry,,,高知県高知市塚ノ原９８－４,JP,高知県,,高知市,,,塚ノ原,,,,厚生労働省 医療情報ネットのオープンデータ (2026-06-01),,,,
3933395120070,39,33.539298,133.541611,原データ,dentist,dentist,六泉寺歯科,六泉寺歯科,六泉寺歯科,ろくせんじしか,,Rokusenji Dental Clinic,"Mo,We,Fr 09:00-12:30,14:00-18:00; Tu 09:00-12:30,14:00-17:30; Sa 09:00-12:30,14:00-17:00; PH off; Dec 29-Jan 03 off",dentistry;paediatric_dentistry,,https://rokusenji-shika.com/,高知県高知市六泉寺町１５－１３,JP,高知県,,高知市,,,六泉寺町,,,,厚生労働省 医療情報ネットのオープンデータ (2026-06-01),,,,
3933395120100,39,33.558539,133.572518,原データ,dentist,dentist,鬼谷歯科医院,鬼谷歯科医院,鬼谷歯科,おにたにしかいいん,,Onitani Dental Clinic,"Mo,Tu,We,Fr 09:00-12:30,14:00-18:00; Sa 09:00-12:30,14:00-17:00; PH off; Dec 29-Jan 03,Dec 24 off",dentistry;dental_oral_maxillo_facial_surgery,,,高知県高知市葛島１－１０－７５ファミリープラザ２階,JP,高知県,,高知市,,,葛島一丁目,10,75,,厚生労働省 医療情報ネットのオープンデータ (2026-06-01),,,ファミリープラザ2階,
3933395120230,39,33.569477,133.647383,原データ,dentist,dentist,みもと歯科医院,みもと歯科医院,みもと歯科医院,みもとしかいいん,,,"Mo,Tu,We,Th,Fr 09:00-12:30,14:00-18:00; Sa 09:00-12:00",dentistry;orthodontics;paediatric_dentistry,,,高知県南国市大そね甲１５１５,JP,高知県,,南国市,,,,,,,厚生労働省 医療情報ネットのオープンデータ (2026-06-01),,,大そね甲1515,
3933395120490,39,33.5467,133.543783,原データ,dentist,dentist,きよとお歯科,きよとお歯科,きよとお歯科,きよとおしか,,Kiyotoo Dental Clinic,"Mo,Tu,We,Fr 09:00-18:00; Th,Sa 09:00-12:30; PH off; Dec 30-Jan 03 off",dentistry,,,高知県高知市百石町２丁目２９－１２,JP,高知県,,高知市,,,百石町二丁目,29,12,,厚生労働省 医療情報ネットのオープンデータ (2026-06-01),,,,
3933395120520,39,33.547439,133.553441,原データ,dentist,dentist,ありた歯科,ありた歯科,ありた歯科,ありたしか,Aritashika,,"Mo,Tu,Th,Fr,Sa 09:00-12:30,14:00-18:00; PH off; Dec 29-Jan 04 off",dentistry,,http://www.arita-dc.net,高知県高知市潮新町２－１２－３４,JP,高知県,,高知市,,,潮新町二丁目,12,34,,厚生労働省 医療情報ネットのオープンデータ (2026-06-01),yes,opening_hours から5件を除いた（開始と終了が同一。実質NULL）: 月 歯科 00:00-00:00、火 歯科 00:00-00:00 他3件,,
3933395120650,39,33.543645,133.510727,原データ,dentist,dentist,神田歯科クリニック,医療法人　吉野会　神田歯科クリニック,神田歯科クリニック,,,Koda Dental Clinic,"Mo,Tu,We,Th,Fr 09:00-13:00,14:30-18:30; Sa 09:00-13:30,14:30-18:00; PH off; Dec 29-Jan 03 off",dentistry;dental_oral_maxillo_facial_surgery,,https://www.koda-dc.com,高知県高知市神田,JP,高知県,,高知市,,,神田,,,,厚生労働省 医療情報ネットのオープンデータ (2026-06-01),,,,
3933395120780,39,33.572106,133.524828,原データ,dentist,dentist,宮川歯科医院,宮川歯科医院,宮川歯科医院,みやがわしかいいん,Miyagawashikaiin,,"Mo,Tu,We,Fr,Sa 09:00-12:30,14:00-18:00; PH off; Dec 28-Jan 03 off",dentistry,,http://www.ne.jp/asahi/miyagawa/dentalclinic/,高知県高知市中久万２２３－１,JP,高知県,,高知市,,,中久万,,,,厚生労働省 医療情報ネットのオープンデータ (2026-06-01),yes,opening_hours から5件を除いた（開始と終了が同一。実質NULL）: 月 歯科 00:00-00:00、火 歯科 00:00-00:00 他3件,,
3933395121110,39,33.546881,133.545828,原データ,dentist,dentist,森澤歯科医院,森澤歯科医院,森澤歯科医院,もりさわしかいいん,,,"Mo,Tu,We,Fr,Sa 09:30-12:30,14:00-18:30; Dec 29-Jan 03 off",dentistry;orthodontics;paediatric_dentistry,,,高知県高知市桟橋通２－１０－４,JP,高知県,,高知市,,,桟橋通二丁目,10,4,,厚生労働省 医療情報ネットのオープンデータ (2026-06-01),,,,
3933395121370,39,33.551166,133.515688,原データ,dentist,dentist,のむら歯科,のむら歯科,のむら歯科,のむらしか,,Nomura Dental Clinic,"Mo,Tu,Th,Fr,Sa 09:30-18:30; PH off",dentistry;paediatric_dentistry,,,高知県高知市城山町１０－６,JP,高知県,,高知市,,,城山町,,,,厚生労働省 医療情報ネットのオープンデータ (2026-06-01),,,,
3933395121400,39,33.57169,133.595897,原データ,dentist,dentist,オオニシ歯科,オオニシ歯科,オオニシ歯科,おおにししか,,OHNISHI Dental Clinic,"Mo,Tu,We,Fr 09:00-12:00,13:30-18:00; Sa 08:30-13:00; PH off; Dec 29-Jan 03 off",dentistry,,http://www.866-0024.com/,高知県高知市大津乙,JP,高知県,,高知市,,,大津乙,,,,厚生労働省 医療情報ネットのオープンデータ (2026-06-01),,,,
3933395121530,39,33.560666,133.535308,原データ,dentist,dentist,たかはし矯正歯科,たかはし矯正歯科,たかはし矯正歯科,たかはしきょうせいしか,,Takahashi Orthodontic Clinic,"Mo,Tu,We,Fr,Sa 09:30-12:30,14:00-18:00; PH off; Dec 29-Jan 03,Aug 10-Aug 12 off",orthodontics,,http://www.takahashi-kyosei.com/,高知県高知市追手筋２丁目５番１１号,JP,高知県,,高知市,,,追手筋二丁目,5,11,,厚生労働省 医療情報ネットのオープンデータ (2026-06-01),,,,
3933395121660,39,33.566302,133.500781,原データ,dentist,dentist,ふじい小児・矯正歯科クリニック,ふじい小児・矯正歯科クリニック,ふじい歯科クリニック,ふじいしょうにきょうせいしかくりにっく,,Fujii Dental Clinic,"We 09:30-12:30,14:30-18:30; Sa 09:30-12:30,14:00-18:00; PH off; Dec 29-Jan 03 off",dentistry;orthodontics;paediatric_dentistry,,,高知県高知市横内４５７－１,JP,高知県,,高知市,,,横内,,,,厚生労働省 医療情報ネットのオープンデータ (2026-06-01),,,,
3933395121790,39,33.540968,133.49288,原データ,dentist,dentist,井上歯科医院,井上歯科医院,井上歯科,いのうえしかいいん,,INOUE Dental Clinic,"Mo,Tu,We,Fr 09:30-13:30,15:00-18:00; Th 09:30-13:30; Sa 09:30-13:00,14:00-16:00; PH off; Dec 30-Jan 04,Aug 12-Aug 15,Dec 24 off",dentistry;orthodontics;paediatric_dentistry,,,高知県高知市朝倉甲藤原ビル２階,JP,高知県,,高知市,,,朝倉甲,,,,厚生労働省 医療情報ネットのオープンデータ (2026-06-01),yes,opening_hours から18件を除いた（開始と終了が同一。実質NULL）: 月 歯科 00:00-00:00、火 歯科 00:00-00:00 他16件,藤原ビル2階,
3933395121820,39,33.57884,133.536731,原データ,dentist,dentist,秦泉寺歯科医院,秦泉寺歯科医院,秦泉寺歯科,じんぜんじしかいいん,,,"Mo,Tu,We,Fr,Sa 09:00-12:30,14:00-18:00; PH off; Dec 30-Jan 03 off",dentistry,,http://www.jnznj-dc.com/,高知県高知市中秦泉寺４５－２Ｆ,JP,高知県,,高知市,,,中秦泉寺,,,,厚生労働省 医療情報ネットのオープンデータ (2026-06-01),,,F,
3933395121950,39,33.560477,133.541027,原データ,dentist,dentist,藤崎歯科医院,藤崎歯科医院,藤崎歯科,ふじさきしかいいん,,Fujisaki Dental Clinic,"Mo,Tu,Th,Fr,Sa 09:00-12:00,14:00-18:00; PH off; Dec 31-Jan 03 off",dentistry,,,高知県高知市帯屋町１丁目７番１８号,JP,高知県,,高知市,,,帯屋町一丁目,7,18,,厚生労働省 医療情報ネットのオープンデータ (2026-06-01),yes,opening_hours から5件を除いた（開始と終了が同一。実質NULL）: 月 歯科 00:00-00:00、火 歯科 00:00-00:00 他3件,,
3933395122090,39,33.556034,133.518474,原データ,dentist,dentist,いのべ歯科医院,いのべ歯科医院,いのべ歯科医院,いのべ しかいいん,,Inobe Dental Office,"Mo,Th,Fr 09:00-13:00,14:30-18:00; Tu 09:00-13:00,14:30-18:30; We 09:00-13:00,14:00-17:00; Sa 09:00-13:00,14:00-17:30; PH off; Jan 01-Jan 03,Dec 03,Dec 29-Dec 30 off",dentistry,,,高知県高知市上町５丁目６－７,JP,高知県,,高知市,,,上町五丁目,6,7,,厚生労働省 医療情報ネットのオープンデータ (2026-06-01),,,,
3933395122120,39,33.553527,133.542733,原データ,dentist,dentist,岩田歯科診療所,岩田歯科診療所,岩田歯科,いわたしかしんりょうしょ,,Iwata Dental Clinic(Iwata Shika),"Mo,Tu,Th,Fr 09:00-12:30,13:30-17:30; We 09:00-12:30,13:30-15:00; Sa 09:00-12:00; PH off; Jan 02,Feb 06,Aug 10,Dec 29-Dec 31 off",dentistry,,,高知県高知市梅ノ辻９－１８,JP,高知県,,高知市,,,梅ノ辻,9,18,,厚生労働省 医療情報ネットのオープンデータ (2026-06-01),yes,休診日の記述「R8;R9;」を opening_hours に変換できていない,,
3933395122250,39,33.56894,133.547307,原データ,dentist,dentist,津田歯科,津田歯科,津田歯科,つだ しか,,tsuda dental office,,dentistry,,,高知県高知市新本町２丁目１３－４６,JP,高知県,,高知市,,,新本町二丁目,13,46,,厚生労働省 医療情報ネットのオープンデータ (2026-06-01),yes,opening_hours をタグ出力していない。元データに診療時間の記載が無い,,
3933395122380,39,33.569476,133.52906,原データ,dentist,dentist,まえだ歯科,まえだ歯科,まえだ歯科,まえだしか,,Maeda Dental Clinic,"Mo,Tu,We,Fr 09:00-12:30,14:00-18:30; Sa 09:00-12:30,14:00-17:30; PH off; Dec 30-Jan 03 off",dentistry,,,高知県高知市伊勢崎町１１－７,JP,高知県,,高知市,,,伊勢崎町,11,7,,厚生労働省 医療情報ネットのオープンデータ (2026-06-01),,,,
3933395122670,39,33.530212,133.447309,原データ,dentist,dentist,安光歯科,安光歯科,安光歯科,やすみつしか,,Yasumitsu Dental Clinic,"Mo,Th,Fr 09:00-12:30,14:30-18:30; Tu,Sa 09:00-12:30,14:00-17:00; PH off; Dec 30-Jan 03 off",dentistry;orthodontics;dental_oral_maxillo_facial_surgery;paediatric_dentistry,,,高知県吾川郡いの町天王南２丁目１－１,JP,高知県,吾川郡,いの町,,,天王南二丁目,,,,厚生労働省 医療情報ネットのオープンデータ (2026-06-01),yes,website に使えない形式のため出力しない: HTTP://www.yasumitsu.net / 地番のため addr:block_number と addr:housenumber をタグ出力していない,,
3933395122700,39,33.559964,133.593053,原データ,dentist,dentist,森本歯科医院,森本歯科医院,森本歯科,もりもとしかいいん,,Morimoto Dental Clinic,"Mo,Tu,Fr 09:00-12:30,14:00-18:30; We 09:00-12:30,14:00-17:00; Sa 09:00-12:30,14:00-16:30; PH off; Dec 29-Jan 03,Aug 13-Aug 15,Dec 24 off",dentistry,,,高知県高知市高須東町７－１５,JP,高知県,,高知市,,,高須東町,7,15,,厚生労働省 医療情報ネットのオープンデータ (2026-06-01),,,,
3933395122960,39,33.561158,133.555759,原データ,dentist,dentist,西山歯科,西山歯科,西山歯科,にしやましか,,nishiyama dental clinic,"Mo,Tu,We,Fr 09:00-18:00; Sa 09:00-17:00; PH off; Dec 28-Jan 03 off",dentistry,,,高知県高知市日の出町４－１０,JP,高知県,,高知市,,,日の出町,4,10,,厚生労働省 医療情報ネットのオープンデータ (2026-06-01),,,,
3933395123000,39,33.53749,133.478634,原データ,dentist,dentist,前田歯科医院,前田歯科医院,前田歯科医院,まえだしかいいん,,Maeda Dental Clinic,"Mo,Tu,We,Fr,Sa 09:00-12:30,14:00-18:00; PH off; Dec 29-Jan 03 off",dentistry,,,高知県高知市朝倉西町２丁目１６番１２号　アーネスト針木２１７号,JP,高知県,,高知市,,,朝倉西町二丁目,16,12,,厚生労働省 医療情報ネットのオープンデータ (2026-06-01),yes,opening_hours から5件を除いた（開始と終了が同一。実質NULL）: 月 歯科 00:00-00:00、火 歯科 00:00-00:00 他3件,アーネスト針木217号,
3933395123130,39,33.548671,133.427708,原データ,dentist,dentist,大原歯科医院,大原歯科医院,大原歯科,おおはらしかいいん,Ooharashikaiinn,,"Mo,Tu,We,Fr,Sa 08:30-12:00,13:30-18:00; PH off; Dec 30-Jan 03,Dec 24 off",dentistry,,https://ohara-dent.com,高知県吾川郡いの町３６３０,JP,高知県,吾川郡,いの町,,,,,,,厚生労働省 医療情報ネットのオープンデータ (2026-06-01),,website に https を補った: ohara-dent.com,3630,
3933395123260,39,33.559477,133.584611,原データ,dentist,dentist,あさぎ歯科医院,あさぎ歯科医院,あさぎ歯科医院,あさぎしかいいん,,Asagi Dental Clinic,"Mo,Tu,We,Fr 09:30-12:30,14:00-18:00; Sa 09:30-12:30,14:00-16:00; PH off; Dec 31-Jan 03,Aug 15 off",dentistry,,,高知県高知市高須２－３－５０,JP,高知県,,高知市,,,高須二丁目,3,50,,厚生労働省 医療情報ネットのオープンデータ (2026-06-01),,,,
3933395123420,39,33.543365,133.498231,原データ,dentist,dentist,岡本歯科,岡本歯科,岡本歯科,おかもとしか,,Okamoto Dental Clinic,"Mo,Tu,We,Th,Fr 09:00-13:00,14:30-18:30; PH off; Dec 29-Jan 03,Aug 12-Aug 15 off",dentistry;orthodontics,,https://dental-okamoto.com/,高知県高知市朝倉甲８６−４,JP,高知県,,高知市,,,朝倉甲,,,,厚生労働省 医療情報ネットのオープンデータ (2026-06-01),,,86-4,
3933395123550,39,33.550111,133.543619,原データ,dentist,dentist,はまだ子ども歯科矯正歯科,はまだ子ども歯科矯正歯科,はまだ子ども歯科矯正歯科,はまだこどもしかきょうせいしか,,Hamada Dental Clinic For Children,"Mo,We,Fr 10:30-13:00,14:30-19:00; Sa 09:00-13:00,14:30-19:00; Su 09:00-13:00,14:00-17:30; Su[3,5] off; Dec 30-Jan 03 off",orthodontics;paediatric_dentistry,,http://www.hamada-ddsc.jp/index.html,高知県高知市百石町１－１５－１５,JP,高知県,,高知市,,,百石町一丁目,15,15,,厚生労働省 医療情報ネットのオープンデータ (2026-06-01),yes,opening_hours から9件を除いた（開始と終了が同一。実質NULL）: 月 矯正歯科 00:00-00:00、水 矯正歯科 00:00-00:00 他7件,,
3933395123680,39,33.558307,133.53995,原データ,dentist,dentist,かっとう歯科,かっとう歯科,かっとう歯科,かっとうしか,,Katto Dental Office,"Mo,Tu,We,Th,Fr 09:00-12:00,13:00-17:30; PH off; Dec 30-Jan 03 off",dentistry,,,高知県高知市本町１－７－１４,JP,高知県,,高知市,,,本町一丁目,7,14,,厚生労働省 医療情報ネットのオープンデータ (2026-06-01),,,,
3933395123840,39,33.566181,133.539905,原データ,dentist,dentist,吉川歯科医院,吉川歯科医院,吉川歯科医院,よしかわしかいいん,Yosikawasikaiin,,"Mo,Tu,We,Fr,Sa 09:00-17:00; PH off; Dec 29-Jan 03,Aug 11 off",dentistry,,,高知県高知市北本町１－７－１８,JP,高知県,,高知市,,,北本町一丁目,7,18,,厚生労働省 医療情報ネットのオープンデータ (2026-06-01),,,,
3933395123970,39,33.518281,133.534216,原データ,dentist,dentist,横浜ニュータウンくぼ歯科,横浜ニュータウンくぼ歯科,横浜ニュータウンくぼ歯科,よこはまにゅーたうんくぼしか,Yokohamanyu-taunkuboshika,,"Mo,Tu,We,Fr,Sa 09:00-12:30,14:00-18:00; PH off; Dec 30-Jan 03,Aug 13-Aug 14 off",dentistry;paediatric_dentistry,,,高知県高知市横浜新町３丁目１１８,JP,高知県,,高知市,,,横浜新町三丁目,,,,厚生労働省 医療情報ネットのオープンデータ (2026-06-01),,,,
3933395124010,39,33.57428,133.538355,原データ,dentist,dentist,安田歯科,安田歯科,安田歯科,やすだしか,Yasuda Shika,,"Mo,Tu,We,Fr,Sa 09:00-18:00; PH off; Dec 30-Jan 04 off",dentistry;paediatric_dentistry,,,高知県高知市愛宕山南町３－９,JP,高知県,,高知市,,,愛宕山南町,3,9,,厚生労働省 医療情報ネットのオープンデータ (2026-06-01),,,,
3933395124140,39,33.55534,133.505023,原データ,dentist,dentist,大野歯科,医療法人　口誠会　大野歯科,大野歯科,,,,"Mo,Tu,We,Fr,Sa 09:00-13:00,14:00-19:00; PH off; Dec 30-Jan 03,Aug 10-Aug 11 off",dentistry,,http://www.ohno-dental.net/,高知県高知市旭町３丁目６７番地１,JP,高知県,,高知市,,,旭町三丁目,,,,厚生労働省 医療情報ネットのオープンデータ (2026-06-01),,,,
3933395124300,39,33.535635,133.483187,原データ,dentist,dentist,大西歯科,大西歯科,大西歯科,おおにししか,Onishi Shika,,"Mo,Tu,We,Fr 09:00-18:45; Sa 09:00-17:30; PH off; Dec 30-Jan 04,Aug 14-Aug 16 off",dentistry,,,高知県高知市槇山町１３番５号,JP,高知県,,高知市,,,,,,,厚生労働省 医療情報ネットのオープンデータ (2026-06-01),,,槇山町13番5号,
3933395124560,39,33.504953,133.516607,原データ,dentist,dentist,広田歯科医院,広田歯科医院,広田歯科医院,ひろたしかいいん,Hirotashikaiin,,"Mo,Tu,We,Fr,Sa 08:30-12:30,14:00-18:00; PH off; Dec 30-Jan 03 off",dentistry;dental_oral_maxillo_facial_surgery;paediatric_dentistry,,http://hirotashika.la.coocan.jp,高知県高知市春野町芳原３４０１,JP,高知県,,高知市,,,春野町芳原,,,,厚生労働省 医療情報ネットのオープンデータ (2026-06-01),,,3401,
3933395124690,39,33.574758,133.537494,原データ,dentist,dentist,松木歯科医院,松木歯科医院,松木歯科医院,まつぎしかいいん,,Matsugi DentalClinic,"Mo,We,Fr 09:00-12:00,14:00-18:00; Tu 10:00-12:00,14:00-18:00; Sa 09:00-12:00,14:00-17:00; PH off; Dec 27-Jan 03 off",dentistry,,,高知県高知市愛宕町４－１３－４,JP,高知県,,高知市,,,愛宕町四丁目,13,4,,厚生労働省 医療情報ネットのオープンデータ (2026-06-01),,,,
3933395124850,39,33.549572,133.542075,原データ,dentist,dentist,潮江歯科クリニック,医療法人社団圭翔会　潮江歯科クリニック,潮江歯科クリニック,,,Ushioe Shika Clinic,"Mo,Tu,Th,Fr 09:00-11:00,13:30-20:00; We 09:00-11:00,17:00-20:00; Sa,PH 09:00-12:00,14:30-16:30; Su 09:00-12:00,14:30-17:30; Jan 01-Jan 03 off",dentistry,,,高知県高知市塩屋崎町２－１－１,JP,高知県,,高知市,,,塩屋崎町二丁目,1,1,,厚生労働省 医療情報ネットのオープンデータ (2026-06-01),,,,
3933395125020,39,33.558208,133.560842,原データ,dentist,dentist,つつい歯科,つつい歯科,つつい歯科,つついしか,,TSUTSUI Dental Clinic TSUTSUI Shika,"Mo,Tu,We,Fr,Sa 09:00-18:30; PH off; Dec 30-Jan 03 off",dentistry;orthodontics;dental_oral_maxillo_facial_surgery;paediatric_dentistry,,,高知県高知市知寄町２－２－４１知寄町マンション１Ｆ,JP,高知県,,高知市,,,知寄町二丁目,2,41,,厚生労働省 医療情報ネットのオープンデータ (2026-06-01),,,知寄町マンション1F,
3933395125150,39,33.566355,133.511538,原データ,dentist,dentist,おおくぼ歯科,おおくぼ歯科,おおくぼ歯科,おおくぼしか,,Okubo Dental Clinic,"Mo,Tu,Th,Fr 08:45-12:30,13:45-18:00; We 08:45-12:30; Sa 08:45-13:00; PH off",dentistry,,https://www.8230052.com,高知県高知市福井町８０４ー１,JP,高知県,,高知市,,,福井町,,,,厚生労働省 医療情報ネットのオープンデータ (2026-06-01),,,,
3933395125310,39,33.557423,133.505045,原データ,dentist,dentist,たけさき歯科,たけさき歯科,たけさき歯科,たけさきしか,Takesakisika,,"Mo,Tu,We,Fr 09:00-12:30,14:00-18:00; Th,Sa 09:00-12:30; PH off; Dec 29-Jan 03 off",dentistry,,,高知県高知市旭上町６番３号,JP,高知県,,高知市,,,旭上町,,,,厚生労働省 医療情報ネットのオープンデータ (2026-06-01),,,,
3933395125440,39,33.56072,133.589909,原データ,dentist,dentist,志和デンタルオフィス,志和デンタルオフィス,志和デンタルオフィス,しわでんたるおふぃす,,Shiwa Dental Office,"Mo,Tu,We,Fr,Sa 09:00-12:30,14:00-18:00; PH off; Dec 30-Jan 04 off",dentistry,,,高知県高知市高須３丁目４番５０号,JP,高知県,,高知市,,,高須三丁目,4,50,,厚生労働省 医療情報ネットのオープンデータ (2026-06-01),,,,
3933395125570,39,33.54697,133.492438,原データ,dentist,dentist,山﨑歯科診療所,山﨑歯科診療所,山﨑歯科,やまさきしかしんりょうじょ,,,"Mo,Tu,We,Fr,Sa 08:30-12:30; PH off; Dec 29-Jan 03 off",dentistry;orthodontics;paediatric_dentistry,,,高知県高知市朝倉本町,JP,高知県,,高知市,,,,,,,厚生労働省 医療情報ネットのオープンデータ (2026-06-01),yes,opening_hours から30件を除いた（開始と終了が同一。実質NULL）: 月 歯科 00:00-00:00、火 歯科 00:00-00:00 他28件,朝倉本町,
3933395125600,39,33.559085,133.544566,原データ,dentist,dentist,小松歯科診療所,小松歯科診療所,小松歯科,こまつしかしんりょうしょ,,,"Mo,Tu,We,Th,Fr 09:00-19:00; Sa 09:00-16:00; PH off; Dec 29-Jan 04 off",dentistry;orthodontics;paediatric_dentistry,,,高知県高知市南はりまや町１－１７－８,JP,高知県,,高知市,,,南はりまや町一丁目,17,8,,厚生労働省 医療情報ネットのオープンデータ (2026-06-01),,,,
3933395125730,39,33.558643,133.524338,原データ,dentist,dentist,みやべ歯科,みやべ歯科,みやべ歯科,みやべしか,Miyabe Sika,,"Mo,Tu,We,Th,Fr,Sa 09:00-13:00,14:30-18:30; PH off; Dec 30-Jan 03 off",dentistry;orthodontics;dental_oral_maxillo_facial_surgery;paediatric_dentistry,,https://itp.ne.jp/info/399002395400000899/,高知県高知市大膳町１－３６,JP,高知県,,高知市,,,大膳町,1,36,,厚生労働省 医療情報ネットのオープンデータ (2026-06-01),,,,
3933395125860,39,33.563819,133.528272,原データ,dentist,dentist,依岡歯科クリニック,依岡歯科クリニック,依岡歯科クリニック,よりおかくりにっく,,yorioka dental clinic,"Mo,Tu,Fr 09:00-18:30; We,Sa 09:00-12:30; PH off; Dec 28-Jan 03 off",dentistry,,http://8203208.com,高知県高知市小津町８－３,JP,高知県,,高知市,,,小津町,8,3,,厚生労働省 医療情報ネットのオープンデータ (2026-06-01),,,,
3933395125990,39,33.577903,133.54623,原データ,dentist,dentist,ほそかわ歯科医院,ほそかわ歯科医院,ほそかわ歯科医院,ほそかわしかいいん,Hosokawa Sikaiin,,"Mo,Tu,Th,Fr,Sa 09:00-12:30,14:00-18:00; Su 10:00-14:00; PH off; Dec 29-Jan 03 off",dentistry;orthodontics;dental_oral_maxillo_facial_surgery;paediatric_dentistry,,,高知県高知市東秦泉寺７６－１,JP,高知県,,高知市,,,東秦泉寺,,,,厚生労働省 医療情報ネットのオープンデータ (2026-06-01),yes,opening_hours から12件を除いた（開始と終了が同一。実質NULL）: 月 歯科 00:00-00:00、火 歯科 00:00-00:00 他10件 / 営業曜日と時刻が食い違う曜日が1件。時刻を採用（営業日と異なる独自の時刻）,,
3933395126030,39,33.495355,133.428369,原データ,dentist,dentist,田原歯科診療所,田原歯科診療所,田原歯科診療所,たはらしかしんりょうしょ,Tahara Shika Shinryosho,,"Mo,Tu,We,Fr,Sa 09:00-12:00,14:00-18:00; PH off; Dec 29-Jan 03 off",dentistry,,,高知県土佐市高岡町甲１９６５番地１,JP,高知県,,土佐市,,,高岡町甲,,,,厚生労働省 医療情報ネットのオープンデータ (2026-06-01),,,1965-1,
3933395126160,39,33.551092,133.447642,原データ,dentist,dentist,久万田歯科,久万田歯科,久万田歯科,くまだしか,,Kumada Dental Clinic,"Mo,Tu,We,Fr 09:00-12:30,13:30-17:30; Sa 09:00-12:30,13:30-17:00; PH off; Dec 30-Jan 03 off",dentistry,,,高知県吾川郡いの町枝川２９９,JP,高知県,吾川郡,いの町,,,枝川,,,,厚生労働省 医療情報ネットのオープンデータ (2026-06-01),,,299,
3933395126320,39,33.581697,133.571001,原データ,dentist,dentist,ごとう歯科,ごとう歯科,ごとう歯科,ごとうしか,,Goto Dental Clinic,"Mo,Tu,Th,Fr,Sa 09:00-11:30,14:00-17:30; PH off; Dec 29-Jan 03,Aug 09-Aug 13 off",dentistry;paediatric_dentistry,,,高知県高知市一宮中町１丁目１４番４０号　シルキーハイツ１階,JP,高知県,,高知市,,,一宮中町一丁目,14,40,,厚生労働省 医療情報ネットのオープンデータ (2026-06-01),,,シルキーハイツ1階,
3933395126580,39,33.568251,133.536144,原データ,dentist,dentist,公文歯科,公文歯科,公文歯科,くもんしか,Kumon Shika,,"Mo,Tu,We,Fr,Sa 08:30-12:00,13:30-18:00; PH off; Dec 30-Jan 03,Aug 10-Aug 11 off",dentistry,,http://www.kumon-shika.com/,高知県高知市中水道７－１９,JP,高知県,,高知市,,,中水道,7,19,,厚生労働省 医療情報ネットのオープンデータ (2026-06-01),,,,
3933395126610,39,33.557548,133.502834,原データ,dentist,dentist,高橋歯科,高橋歯科,高橋歯科,たかはししか,,Takahashi Dental Clinic,"Mo,Tu,We,Fr,Sa 09:00-12:30,14:30-19:00; PH off; Dec 29-Jan 04,Aug 13-Aug 15 off",dentistry;paediatric_dentistry,,,高知県高知市長尾山町８３,JP,高知県,,高知市,,,長尾山町,,,,厚生労働省 医療情報ネットのオープンデータ (2026-06-01),yes,opening_hours から10件を除いた（開始と終了が同一。実質NULL）: 月 歯科 00:00-00:00、火 歯科 00:00-00:00 他8件,,
3933395200190,39,33.503291,133.899374,原データ,dentist,dentist,岡崎歯科クリニック,岡崎歯科クリニック,岡崎歯科クリニック,おかざきしかくりにっく,,Okazaki Dentalclinic,"Mo,Tu,We,Fr 09:00-12:30,14:00-18:30; Sa 09:00-12:00,13:00-15:00; PH off; Dec 29-Jan 03 off",dentistry,,,高知県安芸市庄之芝町９－４２,JP,高知県,,安芸市,,,庄之芝町,9,42,,厚生労働省 医療情報ネットのオープンデータ (2026-06-01),,,,
3933395200350,39,33.499044,133.906308,原データ,dentist,dentist,津田歯科医院,津田歯科医院,津田歯科,つだしかいいん,Tudasika,,"Mo,Tu,Th 09:00-12:00,13:00-17:00; Sa 09:00-12:00; PH off; Dec 29-Jan 03 off || off ""GW・お盆は休診""",dentistry,,,高知県安芸市本町２丁目４－２９,JP,高知県,,安芸市,,,本町二丁目,4,29,,厚生労働省 医療情報ネットのオープンデータ (2026-06-01),,,,
3933395200510,39,33.501,133.905888,原データ,dentist,dentist,長野歯科,長野歯科,長野歯科,ながのしか,Naganosika,,"Mo,Tu,We,Th,Fr 09:00-18:00; Sa 09:00-13:00; PH off; Dec 29-Jan 03 off",dentistry,,,高知県安芸市久世町２－１,JP,高知県,,安芸市,,,久世町,2,1,,厚生労働省 医療情報ネットのオープンデータ (2026-06-01),,,,
3933395200770,39,33.499889,133.907366,原データ,dentist,dentist,松田歯科医院,松田歯科医院,松田歯科,まつだしかいいん,Matsuda Shika,,"Mo,Tu,We,Fr 09:00-12:00,13:30-17:30; Th,Sa 09:00-12:30; PH off; Dec 29-Jan 03 off",dentistry,,,高知県安芸市本町２－６－５,JP,高知県,,安芸市,,,本町二丁目,6,5,,厚生労働省 医療情報ネットのオープンデータ (2026-06-01),,,,
3933395201490,39,33.4301,134.00689,原データ,dentist,dentist,安岡歯科診療所,安岡歯科診療所,安岡歯科診療所,やすおかしかしんりょうしょ,,Yasuoka Dental Clinic,"Mo,We,Th,Fr 09:00-11:30,14:00-16:00; Tu,Sa 09:00-11:30; PH off; Dec 29-Jan 04 off",dentistry,,,高知県安芸郡田野町１４４７－３,JP,高知県,安芸郡,田野町,,,,,,,厚生労働省 医療情報ネットのオープンデータ (2026-06-01),,,1447-3,
3933395201780,39,33.426745,134.009201,原データ,dentist,dentist,普光江歯科診療所,普光江歯科診療所,普光江歯科,ふこうえ しか しんりょうしょ,,FUKOE DENTAL CLINIC,,dentistry;orthodontics,,http://fukoe-shika.com,高知県安芸郡田野町２１４７−３,JP,高知県,安芸郡,田野町,,,,,,,厚生労働省 医療情報ネットのオープンデータ (2026-06-01),yes,opening_hours をタグ出力していない。営業日の月火水木金土日曜に時刻の記載が無い,2147-3,
3933395201940,39,33.426967,134.020205,原データ,dentist,dentist,手島歯科,手島歯科,手島歯科,てしましか,Tesimasika,,"Mo,Tu,We,Fr 09:00-12:00,14:00-18:30; Sa 09:00-12:00,14:00-17:00; PH off; Jan 02-Jan 03,Jan 19,Dec 28-Dec 31 off",dentistry,,,高知県安芸郡奈半利町乙,JP,高知県,安芸郡,奈半利町,,,乙,,,,厚生労働省 医療情報ネットのオープンデータ (2026-06-01),,,,
3933395202240,39,33.499186,133.90465,原データ,dentist,dentist,おぎ歯科医院,おぎ歯科医院,おぎ歯科,おぎしかいいん,,,"Mo,Tu,We,Fr,Sa 09:00-12:30,14:00-18:00; PH off; Dec 29-Jan 03,Dec 24 off",dentistry;paediatric_dentistry,,,高知県安芸市本町３丁目４－１６,JP,高知県,,安芸市,,,本町三丁目,4,16,,厚生労働省 医療情報ネットのオープンデータ (2026-06-01),,,,
3933395202370,39,33.503676,133.907188,原データ,dentist,dentist,せんとう歯科,せんとう歯科,せんとう歯科,せんとうしか,,SENTO Dental Clinic,"Mo,Tu,We,Fr 09:00-13:00,14:30-18:00; Sa 09:00-13:00,14:30-17:00; PH off; Dec 29-Jan 03 off",dentistry;dental_oral_maxillo_facial_surgery;paediatric_dentistry;orthodontics,,,高知県安芸市矢ノ丸３丁目２番１９号,JP,高知県,,安芸市,,,矢ノ丸三丁目,2,19,,厚生労働省 医療情報ネットのオープンデータ (2026-06-01),,,,
3933395202400,39,33.425267,134.02103,原データ,dentist,dentist,小森歯科医院,小森歯科医院,小森歯科医院,こもりしかいいん,,Komori Sika Clinic,"Mo,Tu,We,Fr,Sa 09:00-12:00,13:00-17:30; Th 09:00-13:00; PH off; Dec 28-Jan 03 off",dentistry,,,高知県安芸郡奈半利町乙１６７７ー１,JP,高知県,安芸郡,奈半利町,,,乙,,,,厚生労働省 医療情報ネットのオープンデータ (2026-06-01),yes,営業曜日と時刻が食い違う曜日が1件。時刻を採用（営業日と異なる独自の時刻）,1677-1,
3933395202530,39,33.526582,133.80882,原データ,dentist,dentist,芸西歯科,芸西歯科,芸西歯科,げいせいしか,,Geisei Dental Clinic,"Mo,Tu,Th,Fr 08:30-12:00,14:00-17:00; Sa 08:30-12:00; PH off; Dec 29-Jan 04,Aug 13-Aug 15 off",dentistry,,,高知県安芸郡芸西村和食甲１２９０,JP,高知県,安芸郡,芸西村,,和食,甲,,,,厚生労働省 医療情報ネットのオープンデータ (2026-06-01),,,1290,
3933395202790,39,33.435615,133.983461,原データ,dentist,dentist,みやた歯科,みやた歯科,みやた歯科,みやたしか,Miyata Shika,,"Mo,Tu,We,Fr 09:00-12:30,14:00-18:00; Sa 09:00-12:30,14:00-17:00; PH off; Dec 29-Jan 03,Aug 13-Aug 15 off",dentistry,,,高知県安芸郡安田町安田１６５３,JP,高知県,安芸郡,安田町,,,大字安田,,,,厚生労働省 医療情報ネットのオープンデータ (2026-06-01),,,1653,
3933395300120,39,33.446598,133.438489,原データ,dentist,dentist,河合歯科医院,河合歯科医院,河合歯科医院,かわいしかいいん,Kawaishikaiinn,,"Mo,Tu,We,Th,Fr 09:00-12:00,14:00-18:00; Sa 09:00-12:00; Su unknown; PH off; Dec 30-Jan 03 off",dentistry;orthodontics;dental_oral_maxillo_facial_surgery;paediatric_dentistry,,http://www.kawai-shika.jp,高知県土佐市宇佐町宇佐,JP,高知県,,土佐市,,,宇佐町宇佐,,,,厚生労働省 医療情報ネットのオープンデータ (2026-06-01),yes,営業日の日曜に時刻の記載が無いため opening_hours に unknown と書いた,,
3933395300410,39,33.497133,133.422892,原データ,dentist,dentist,瀬戸歯科診療所,瀬戸歯科診療所,瀬戸歯科,せとしかしんりょうしょ,Seto Shika Sinryosho,,"Mo,Tu,We,Fr 09:00-12:00,13:30-18:00; Th,Sa 09:00-12:00; PH off; Dec 29-Jan 03 off",dentistry;paediatric_dentistry,,,高知県土佐市高岡町乙１５３,JP,高知県,,土佐市,,,高岡町乙,,,,厚生労働省 医療情報ネットのオープンデータ (2026-06-01),,,153,
3933395300670,39,33.493093,133.413239,原データ,dentist,dentist,福島歯科医院,福島歯科医院,福島歯科医院,ふくしましかいいん,Fukushima Shika Iin,,"Mo,Tu,We,Th,Fr 09:00-12:00,14:00-17:00; Sa 09:00-12:00; PH off; Dec 30-Jan 03 off",dentistry,,,高知県土佐市蓮池１２０６－２,JP,高知県,,土佐市,,,蓮池,,,,厚生労働省 医療情報ネットのオープンデータ (2026-06-01),,,,
3933395300830,39,33.498019,133.426816,原データ,dentist,dentist,秋山歯科診療所,秋山歯科診療所,秋山歯科,あきやましかしんりょうしょ,Akiyama Shika Shinryoso,,"Mo,Tu,Th,Fr 09:00-12:00,13:30-18:00; Sa 09:00-12:00; PH off; Dec 30-Jan 04 off",dentistry,,,高知県土佐市高岡町乙３４７６－６,JP,高知県,,土佐市,,,高岡町乙,,,,厚生労働省 医療情報ネットのオープンデータ (2026-06-01),,,3476-6,
3933395301420,39,33.390727,133.289988,原データ,dentist,dentist,福島歯科医院,福島歯科医院,福島歯科医院,ふくしましかいいん,,Fukushima dental clinic,"Mo,Tu,We,Fr 09:00-12:00,14:00-17:00; Th,Sa 09:00-12:00",dentistry,,,高知県須崎市青木町６－５,JP,高知県,,須崎市,,,青木町,6,5,,厚生労働省 医療情報ネットのオープンデータ (2026-06-01),,,,
3933395301550,39,33.391159,133.289363,原データ,dentist,dentist,田村歯科診療所,田村歯科診療所,田村歯科,たむらしかしんりょうしょ,,,"Mo,Tu,We,Th,Fr 09:00-12:30,14:00-18:00; Sa 09:00-12:30; PH off; Dec 29-Jan 04 off",dentistry;paediatric_dentistry,,http://tamura-dent.cihp.jp/,高知県須崎市鍛冶町６－３０,JP,高知県,,須崎市,,,鍛冶町,,,,厚生労働省 医療情報ネットのオープンデータ (2026-06-01),,,6-30,
3933395301840,39,33.393681,133.026224,原データ,dentist,dentist,高橋歯科診療所,高橋歯科診療所,高橋歯科診療所,たかはししかしんりょうじょ,Takahashi Shika Shinryosho,,"Mo,Tu,We,Th 09:00-12:00,14:00-17:30; Fr 09:00-12:00; PH off; Dec 30-Jan 04,Aug 14-Aug 16 off",dentistry;paediatric_dentistry,,,高知県高岡郡津野町力石２９０１番地２,JP,高知県,高岡郡,津野町,,,力石,,,,厚生労働省 医療情報ネットのオープンデータ (2026-06-01),,,,
3933395301970,39,33.392712,132.924475,原データ,dentist,dentist,梼原歯科診療所,国民健康保険梼原歯科診療所,梼原歯科,,,,"Mo,Tu,Th,Fr 09:00-13:00,15:00-19:00; We,Sa 09:00-13:00; PH off; Jan 01-Jan 03,Aug 15 off",dentistry,,,高知県高岡郡檮原町川西路２３０３番地１,JP,高知県,高岡郡,檮原町,,,川西路,,,,厚生労働省 医療情報ネットのオープンデータ (2026-06-01),,,,
3933395302010,39,33.41217,133.29258,原データ,dentist,dentist,野中歯科,野中歯科,野中歯科,のなかしか,Nonaka Sika,,"Mo,Th 09:00-13:00,14:30-18:00; Tu,Fr 09:00-13:00,14:30-20:00; Sa 09:00-13:00; We unknown; Sa[4] off; PH off; Dec 29-Jan 03 off",dentistry;paediatric_dentistry,,,高知県須崎市西崎町７－２６,JP,高知県,,須崎市,,,西崎町,7,26,,厚生労働省 医療情報ネットのオープンデータ (2026-06-01),yes,営業日の水曜に時刻の記載が無いため opening_hours に unknown と書いた,,
3933395302690,39,33.495894,133.422661,原データ,dentist,dentist,矢野歯科医院,矢野歯科医院,矢野歯科,やのしかいいん,,YanoDentalOffice,"Mo,Tu,We,Fr 09:00-12:30,14:00-18:00; Sa 09:00-12:30,14:00-17:30; PH off; Dec 30-Jan 03,Aug 13-Aug 16 off",dentistry;paediatric_dentistry,,https://yano-do.com,高知県土佐市高岡町甲１８４１ー１,JP,高知県,,土佐市,,,高岡町甲,,,,厚生労働省 医療情報ネットのオープンデータ (2026-06-01),,,1841-1,
3933395302720,39,33.406928,133.287602,原データ,dentist,dentist,たかはし歯科医院,たかはし歯科医院,たかはし歯科医院,たかはししかいいん,,Takahashi Dental Clinic,"Mo,Tu,We,Th,Fr 09:00-12:30,14:00-18:00; Sa 09:00-12:30; PH off",dentistry,,,高知県須崎市大間東町１－７,JP,高知県,,須崎市,,,大間東町,1,7,,厚生労働省 医療情報ネットのオープンデータ (2026-06-01),,,,
3933395303600,39,33.388891,133.282964,原データ,dentist,dentist,高橋歯科医院,高橋歯科医院,高橋歯科医院,たかはし しかいいん,Takahashi Shika Iin,,"Mo,Tu,We,Fr 09:00-13:00,15:00-18:00; Sa 09:00-13:00; PH off; Dec 30-Jan 03 off",dentistry,,,高知県須崎市中町,JP,高知県,,須崎市,,,,,,,厚生労働省 医療情報ネットのオープンデータ (2026-06-01),yes,opening_hours から4件を除いた（開始と終了が同一。実質NULL）: 月 歯科 00:00-00:00、火 歯科 00:00-00:00 他2件,中町,
3933395303860,39,33.390773358,133.288076884,ジオコーディング,dentist,dentist,山田歯科医院,山田歯科医院,山田歯科,やまだしかいいん,,Yamada Dental Clinic,"Mo,Tu,Th,Fr 09:00-12:00; We 09:00-12:00,14:00-18:00; Sa unknown; PH off; Dec 30-Jan 03,Apr 29,May 03-May 05 off",dentistry;paediatric_dentistry,,,高知県須崎市東古市町１－３,JP,高知県,,須崎市,,,東古市町,1,3,,厚生労働省 医療情報ネットのオープンデータ (2026-06-01),yes,座標は住所から付与（位置レベル8） / 営業日の土曜に時刻の記載が無いため opening_hours に unknown と書いた,,
3933395303990,39,33.410125,133.289551,原データ,dentist,dentist,吉野歯科,吉野歯科,吉野歯科,よしのしか,Yoshino Sika,,"Mo,Tu,We,Fr 09:00-12:30,14:00-18:00; Sa 09:00-12:30,14:00-16:00; PH off; Dec 30-Jan 03 off",dentistry,,,高知県須崎市大間東町１８８,JP,高知県,,須崎市,,,大間東町,,,,厚生労働省 医療情報ネットのオープンデータ (2026-06-01),yes,営業曜日と時刻が食い違う曜日が1件。曜日フラグを採用（営業日と同一時刻のため一律入力とみなす） / 地番のため addr:block_number と addr:housenumber をタグ出力していない,,
3933395304160,39,33.387418,133.279126,原データ,dentist,dentist,まるとみ歯科医院,まるとみ歯科医院,まるとみ歯科,まるとみしかいいん,Marutomi Shika,,"Mo,Tu,We,Fr 09:00-12:30,14:00-18:30; Sa 09:00-12:30,13:30-17:30; PH off; Dec 30-Jan 03 off",dentistry;paediatric_dentistry,,,高知県須崎市西町,JP,高知県,,須崎市,,,,,,,厚生労働省 医療情報ネットのオープンデータ (2026-06-01),,,西町,
3933395400440,39,32.992234,132.931952,原データ,dentist,dentist,町田歯科診療所,町田歯科診療所,町田歯科,まちだしかしんりょうしょ,,Machida Dental Clinic,"Mo,Tu,We,Fr 08:40-12:00,13:30-17:30; Th 08:40-12:00; Sa 08:40-12:00,13:30-15:30; PH off; Dec 28-Jan 04,Aug 15 off",dentistry,,,高知県四万十市中村東下町２３番地,JP,高知県,,四万十市,,,中村東下町,,,,厚生労働省 医療情報ネットのオープンデータ (2026-06-01),,,,
3933395400860,39,32.993143,132.93381,原データ,dentist,dentist,本田歯科,本田歯科,本田歯科,ほんだしか,Honda Shika,,"Mo,Tu,We,Fr,Sa 09:30-12:00,13:30-17:30; Th 09:30-12:00; PH off; Dec 31-Jan 03 off",dentistry;orthodontics,,,高知県四万十市中村本町１－４,JP,高知県,,四万十市,,,中村本町一丁目,,,,厚生労働省 医療情報ネットのオープンデータ (2026-06-01),,,,
3933395401160,39,32.988479,132.93874,原データ,dentist,dentist,宮定歯科医院,宮定歯科医院,宮定歯科医院,みやさだしかいいん,,Miyasada Dental Clinic,"Mo,Tu,We,Fr 08:30-12:30,14:00-18:00; Sa 08:30-12:30,14:00-17:00; PH off; Dec 30-Jan 03,Aug 13-Aug 15 off",dentistry,,,高知県四万十市右山五月町３番２０号,JP,高知県,,四万十市,,,右山五月町,,,,厚生労働省 医療情報ネットのオープンデータ (2026-06-01),yes,対応する住居表示レコードが無いため番地をタグ出力していない,,
3933395401320,39,32.984246,132.921826,原データ,dentist,dentist,山本歯科医院,山本歯科医院,山本歯科,やまもとしかいいん,,Yamamoto Dental Clinic,"Mo,Tu,We,Fr,Sa 09:00-12:00,14:00-17:00; Th 09:00-12:00; PH off; Dec 30-Jan 04,Aug 13-Aug 15 off",dentistry,,,高知県四万十市具同田黒２－１６－５,JP,高知県,,四万十市,,,具同田黒二丁目,,,,厚生労働省 医療情報ネットのオープンデータ (2026-06-01),yes,対応する住居表示レコードが無いため番地をタグ出力していない,,
3933395401450,39,32.993696,132.936074,原データ,dentist,dentist,朝日歯科,医療法人　紀親会　朝日歯科,朝日歯科,,,,"Mo,We,Fr 09:00-12:00,14:00-18:00; Tu,Th 09:00-12:00; Sa 09:00-13:00; PH off; Dec 29-Jan 03,Aug 13-Aug 15 off",dentistry;orthodontics;dental_oral_maxillo_facial_surgery;paediatric_dentistry,,,高知県四万十市中村於東町２６,JP,高知県,,四万十市,,,中村於東町,,,,厚生労働省 医療情報ネットのオープンデータ (2026-06-01),,,26,
3933395401610,39,32.994187,132.932952,原データ,dentist,dentist,田中歯科医院,田中歯科医院,田中歯科医院,たなかしかいいん,Tanaka Shika Iin,,"Mo,Tu,We,Fr,Sa 09:00-12:00,13:30-17:00; PH off; Jan 02-Jan 03,Aug 13-Aug 15,Dec 29-Dec 31 off",dentistry,,https://kyujin-tanakadc.jp,高知県四万十市中村小姓町４９,JP,高知県,,四万十市,,,中村小姓町,,,,厚生労働省 医療情報ネットのオープンデータ (2026-06-01),,,,
3933395401900,39,32.938419,132.725261,原データ,dentist,dentist,前田歯科矯正歯科,前田歯科矯正歯科,前田歯科,まえだ しかきょうせいしか,,Maeda Dental Clinic,"Mo,Tu,We,Fr,Sa 09:00-12:00,14:00-18:00; PH off; Dec 29-Jan 03,Aug 13-Aug 15 off",dentistry;orthodontics;paediatric_dentistry,,,高知県宿毛市萩原１番３１号,JP,高知県,,宿毛市,,,萩原,1,31,,厚生労働省 医療情報ネットのオープンデータ (2026-06-01),yes,営業曜日と時刻が食い違う曜日が1件。曜日フラグを採用（営業日と同一時刻のため一律入力とみなす）,,
3933395402620,39,33.031169,133.014413,原データ,dentist,dentist,芝﨑歯科医院,芝﨑歯科医院,芝崎歯科,しばさきしかいいん,,,"Mo,Tu,We,Fr,Sa 09:00-12:00,13:30-17:00; PH off; Dec 29-Jan 03 off || off ""GW・お盆は休診""",dentistry,,,高知県幡多郡黒潮町入野２９４０－１,JP,高知県,幡多郡,黒潮町,,,入野,,,,厚生労働省 医療情報ネットのオープンデータ (2026-06-01),,,,
3933395402880,39,33.041751,133.055783,原データ,dentist,dentist,小谷歯科診療所,小谷歯科診療所,小谷歯科,おだにしかしんりょうしょ,,Odani Dental Clinic,"Mo,Tu,We,Fr,Sa 12:00-17:00; PH off; Dec 30-Jan 03 off",dentistry,,,高知県幡多郡黒潮町上川口８７７,JP,高知県,幡多郡,黒潮町,,,上川口,,,,厚生労働省 医療情報ネットのオープンデータ (2026-06-01),yes,opening_hours から5件を除いた（開始と終了が同一。実質NULL）: 月 歯科 00:00-00:00、火 歯科 00:00-00:00 他3件,,
3933395404350,39,32.952657,132.797218,原データ,dentist,dentist,二神歯科医院,二神歯科医院,二神歯科医院,ふたがみしかいいん,Hutagami Shika Iin,,"Mo,Tu,We,Fr 09:00-12:00,13:30-18:00; Th 09:00-12:00; Sa 09:00-12:00,13:30-15:00; PH off; Dec 30-Jan 03 off",dentistry,,,高知県宿毛市平田町戸内４３００－１,JP,高知県,,宿毛市,,,平田町戸内,,,,厚生労働省 医療情報ネットのオープンデータ (2026-06-01),,,,
3933395404510,39,32.987346,132.941387,原データ,dentist,dentist,池本歯科医院,池本歯科医院,池本歯科医院,いけもとしかいいん,,Ikemoto Dental Clinic,"Mo,Tu,We,Fr 09:00-17:30; Sa 09:00-16:00; PH off; Dec 29-Jan 03 off",dentistry;dental_oral_maxillo_facial_surgery;paediatric_dentistry,,,高知県四万十市右山五月町１０－１４,JP,高知県,,四万十市,,,右山五月町,,,,厚生労働省 医療情報ネットのオープンデータ (2026-06-01),yes,対応する住居表示レコードが無いため番地をタグ出力していない,,
3933395404640,39,32.937636,132.724663,原データ,dentist,dentist,竹松歯科,竹松歯科,竹松歯科,たけまつしか,,Takematsu Dental Clinic,"Mo,Tu,We,Fr 09:00-12:30,14:00-18:00; Th 09:00-12:30; Sa 09:00-12:30,14:00-17:00; PH off; Dec 30-Jan 03,Aug 14-Aug 15 off",dentistry,,,高知県宿毛市中央１－６－３５,JP,高知県,,宿毛市,,,中央一丁目,6,35,,厚生労働省 医療情報ネットのオープンデータ (2026-06-01),,,,
3933395404800,39,32.935828,132.722771,原データ,dentist,dentist,坂本歯科医院,坂本歯科医院,坂本歯科医院,さかもとしかいいん,,Sakamoto Dental Clinic,"Mo,Tu,We,Fr 09:00-12:00,14:00-17:00; Sa 09:00-12:00; PH off; Dec 29-Jan 03,Aug 13-Aug 15 off",dentistry,,,高知県宿毛市幸町２－１８,JP,高知県,,宿毛市,,,幸町,2,18,,厚生労働省 医療情報ネットのオープンデータ (2026-06-01),,,,
3933395404930,39,32.927159,132.701591,原データ,dentist,dentist,平井歯科医院,平井歯科医院,平井歯科,ひらいしかいいん,Hirai Shika Iin,,"Mo,Tu,We,Fr 09:00-12:00,14:00-18:30; Th 09:00-12:00; Sa 09:00-12:00,14:00-17:30; PH off; Dec 30-Jan 03,Aug 13-Aug 15,Dec 24 off",dentistry,,,高知県宿毛市高砂２２－１１,JP,高知県,,宿毛市,,,高砂,22,11,,厚生労働省 医療情報ネットのオープンデータ (2026-06-01),,,,
3933395405070,39,32.982154,132.920606,原データ,dentist,dentist,にいや歯科医院,にいや歯科医院,にいや歯科医院,にいやしかいいん,,Niiya Dental Clinic,"Mo,Tu,We,Fr 09:00-12:00,13:30-18:00; Sa 09:00-12:00,13:30-17:00; PH off; Dec 29-Jan 03,Aug 13-Aug 14 off",dentistry,,,高知県四万十市具同２２４１－５,JP,高知県,,四万十市,,,具同,,,,厚生労働省 医療情報ネットのオープンデータ (2026-06-01),,,,
3933395405230,39,32.993137,132.932344,原データ,dentist,dentist,北代歯科,北代歯科,北代歯科,きただいしか,,KITADAI Dental Clinic,"Mo,Tu,We,Fr,Sa 09:00-12:00,14:00-17:00; PH off; Dec 29-Jan 03,Aug 13-Aug 15 off",dentistry;dental_oral_maxillo_facial_surgery,,,高知県四万十市中村小姓町６番地,JP,高知県,,四万十市,,,中村小姓町,,,,厚生労働省 医療情報ネットのオープンデータ (2026-06-01),yes,opening_hours から5件を除いた（開始と終了が同一。実質NULL）: 月 歯科 00:00-00:00、火 歯科 00:00-00:00 他3件,,
3933395405490,39,32.991212,132.936799,原データ,dentist,dentist,幸徳歯科,幸徳歯科,幸徳歯科,こうとくしか,Koutoku Shika,,"Mo 08:30-12:00,14:00-17:00; Tu,Sa 08:30-12:00,14:00-16:00; We,Fr 08:30-12:00,14:00-18:00; PH off; Dec 26-Jan 03,Aug 13-Aug 15 off",dentistry,,,高知県四万十市中村大橋通６丁目１番２４号,JP,高知県,,四万十市,,,中村大橋通六丁目,,,,厚生労働省 医療情報ネットのオープンデータ (2026-06-01),yes,opening_hours から5件を除いた（開始と終了が同一。実質NULL）: 月 歯科 00:00-00:00、火 歯科 00:00-00:00 他3件 / 対応する住居表示レコードが無いため番地をタグ出力していない,,
3933395405650,39,33.028538,133.012627,原データ,dentist,dentist,光,医療法人光,安光歯科医院,,,,"Mo,Tu,We,Fr 09:00-11:30,14:00-16:30; Sa 09:00-11:30,13:30-16:30; PH off; Dec 30-Jan 03,Aug 13-Aug 15 off",dentistry;orthodontics;dental_oral_maxillo_facial_surgery;paediatric_dentistry,,,高知県幡多郡黒潮町入野２５８１－１,JP,高知県,幡多郡,黒潮町,,,入野,,,,厚生労働省 医療情報ネットのオープンデータ (2026-06-01),yes,opening_hours から15件を除いた（開始と終了が同一。実質NULL）: 月 歯科 00:00-00:00、火 歯科 00:00-00:00 他13件,,
3933395405810,39,33.025072,133.010169,原データ,dentist,dentist,和泉歯科医院,和泉歯科医院,和泉歯科医院,いずみしかいいん,,Izumi Dental clinic,"Mo,Tu,Fr,Sa 09:30-12:00,14:00-18:30; Dec 30-Jan 03,Aug 13-Aug 15 off",dentistry;paediatric_dentistry,,,高知県幡多郡黒潮町入野２０８２－９,JP,高知県,幡多郡,黒潮町,,,入野,,,,厚生労働省 医療情報ネットのオープンデータ (2026-06-01),,,,
3933395405940,39,32.926231,132.700997,原データ,dentist,dentist,カタクラ歯科,カタクラ歯科,カタクラ歯科,かたくら しか,Katakura Shika,,"Mo,Tu,We,Fr,Sa 09:00-18:00; Th 09:00-12:00; PH off; Dec 30-Jan 04,Aug 13-Aug 16 off",dentistry,,,高知県宿毛市片島１５番２１号,JP,高知県,,宿毛市,,,片島,15,21,,厚生労働省 医療情報ネットのオープンデータ (2026-06-01),,,,
3933395406080,39,32.987837,132.920098,原データ,dentist,dentist,高畑歯科,高畑歯科,高畑歯科,たかはたしか,Takahatashika,,"Mo,Tu,We,Fr 09:30-18:00; Sa 09:30-17:00; PH off; Dec 30-Jan 03 off",dentistry;orthodontics;paediatric_dentistry,,,高知県四万十市具同田黒２－４－２８,JP,高知県,,四万十市,,,具同田黒二丁目,,,,厚生労働省 医療情報ネットのオープンデータ (2026-06-01),yes,対応する住居表示レコードが無いため番地をタグ出力していない,,
3933395406110,39,32.986263,132.940899,原データ,dentist,dentist,さつき新谷歯科,さつき新谷歯科,さつき新谷歯科,さつきにいやしか,Satsukiniiya Sika,,"Mo,Tu,We,Fr 09:00-13:00,14:30-18:00; Th 09:00-12:30; Sa 09:00-13:00,14:30-17:00; PH off; Dec 29-Jan 03,Aug 13-Aug 15 off",dentistry,,,高知県四万十市右山五番１４番１６号,JP,高知県,,四万十市,,,右山,,,,厚生労働省 医療情報ネットのオープンデータ (2026-06-01),,,5-14番16号,
3933395406240,39,32.990945,132.932824,原データ,dentist,dentist,京町歯科診療所,京町歯科診療所,京町歯科,きょうまちしかしんりょうしょ,Kyomachi Shika Shinryosyo,,"Mo,Tu,We,Fr 09:00-12:00,14:00-18:00; Th,Sa 09:00-12:00; PH off",dentistry,,,高知県四万十市中村大橋通３－２４－１,JP,高知県,,四万十市,,,中村大橋通三丁目,,,,厚生労働省 医療情報ネットのオープンデータ (2026-06-01),,,,
3933395406370,39,33.080486,133.107658,原データ,dentist,dentist,佐賀歯科診療所,佐賀歯科診療所,佐賀歯科診療所,さがしかしんりょうしょ,Sagasikasinryousho,,"We,Th 09:00-12:00,14:00-18:30; Sa 09:00-12:00,14:00-16:30; Dec 30-Jan 03 off",dentistry;paediatric_dentistry,,,高知県幡多郡黒潮町佐賀,JP,高知県,幡多郡,黒潮町,,,佐賀,,,,厚生労働省 医療情報ネットのオープンデータ (2026-06-01),,,,
3933395406400,39,32.843704,132.707473,原データ,dentist,dentist,ながおか歯科医院,ながおか歯科医院,ながおか歯科,ながおかしかいいん,Nagaoka Shika,,"Mo,Tu,We,Th,Fr 09:00-12:00,14:00-18:00; Sa 09:00-12:30; PH off; Dec 30-Jan 03,Aug 14-Aug 16,Dec 24 off",dentistry;paediatric_dentistry,,,高知県幡多郡大月町弘見２１０３－２,JP,高知県,幡多郡,大月町,,,大字弘見,,,,厚生労働省 医療情報ネットのオープンデータ (2026-06-01),,,,
3933395406530,39,32.927814,132.686482,原データ,dentist,dentist,西町歯科医院,西町歯科医院,西町歯科医院,にしまち しかいいん,,Nishimachi Dental Clinic,"Mo,Tu,We,Fr,Sa 09:00-12:30,14:00-18:00; PH off; Dec 30-Jan 03,Aug 13-Aug 15 off",dentistry;orthodontics;paediatric_dentistry,,,高知県宿毛市西町２－２０－１５,JP,高知県,,宿毛市,,,西町二丁目,20,15,,厚生労働省 医療情報ネットのオープンデータ (2026-06-01),yes,opening_hours から15件を除いた（開始と終了が同一。実質NULL）: 月 歯科 00:00-00:00、火 歯科 00:00-00:00 他13件,,
3933395406660,39,32.997128,132.937346,原データ,dentist,dentist,松岡歯科医院,松岡歯科医院,松岡歯科医院,まつおかしかいいん,,,"Mo,Tu,We,Th,Fr 09:00-13:00,14:30-19:00; Sa 09:00-13:00; PH off; Dec 28-Jan 03,Aug 13-Aug 15,Dec 24 off",dentistry;paediatric_dentistry,,,高知県四万十市中村東町３丁目２番２２号,JP,高知県,,四万十市,,,中村東町三丁目,,,,厚生労働省 医療情報ネットのオープンデータ (2026-06-01),yes,対応する住居表示レコードが無いため番地をタグ出力していない,,
3933395406790,39,32.844179,132.709231,原データ,dentist,dentist,佐々山歯科,佐々山歯科,佐々山歯科,ささやましか,,Sasayama Dental Clinic,"Mo,Tu,We,Fr,Sa 09:00-12:00,14:00-18:30; Th 09:00-12:00; PH off; Jan 02-Jan 03,Dec 30-Dec 31 off",dentistry;paediatric_dentistry,,,高知県幡多郡大月町弘見,JP,高知県,幡多郡,大月町,,,大字弘見,,,,厚生労働省 医療情報ネットのオープンデータ (2026-06-01),,,,
3933395406820,39,32.967826,132.81327,原データ,dentist,dentist,米花歯科医院,米花歯科医院,米花歯科,べいかしかいいん,Beikashikaiin,,"Mo,Tu,We,Th,Fr 09:00-12:00,13:30-19:00; PH off; Dec 30-Jan 03,Aug 13-Aug 16 off || off ""GWは休診""",dentistry,,,高知県宿毛市山奈町山田１３７６－３,JP,高知県,,宿毛市,,,山奈町山田,,,,厚生労働省 医療情報ネットのオープンデータ (2026-06-01),,,,
3933395406950,39,33.135733,133.123492,原データ,dentist,dentist,黒潮町拳ノ川歯科診療所,黒潮町拳ノ川歯科診療所,拳ノ川歯科診療所,くろしおちょう こぶしのかわしかしんりょうしょ,,,"Tu 09:00-12:00; Tu[1,3,5] off; PH off; Dec 30-Jan 03 off",dentistry;dental_oral_maxillo_facial_surgery;paediatric_dentistry,,,高知県幡多郡黒潮町拳ノ川,JP,高知県,幡多郡,黒潮町,,,拳ノ川,,,,厚生労働省 医療情報ネットのオープンデータ (2026-06-01),yes,opening_hours から4件を除いた（開始と終了が同一。実質NULL）: 火 歯科 00:00-00:00、火 歯科 00:00-00:00 他2件,,
3933395407090,39,32.984252,132.919966,原データ,dentist,dentist,川村歯科,川村歯科,川村歯科,かわむらしか,,KawamuraDentalClinic,"Mo,Tu,Th,Fr 09:00-13:00,14:30-17:00; We,Sa 09:00-13:00; PH off; Dec 29-Jan 03,Aug 13-Aug 15 off",dentistry,,http://www.kawamurashika.jp,高知県四万十市具同田黒,JP,高知県,,四万十市,,,,,,,厚生労働省 医療情報ネットのオープンデータ (2026-06-01),yes,町字が入力と別のものになったため addr:neighbourhood をタグ出力していない。修正候補: 具同田黒,田黒,
3933395407410,39,32.985066,132.956792,原データ,dentist,dentist,岡村歯科医院,岡村歯科医院,岡村歯科,おかむらしかいいん,Okamurashika,,"Mo,Tu,We,Fr,Sa 09:00-12:30,14:30-17:50; PH off; Dec 29-Jan 02,Jan 04,Aug 13-Aug 15 off",dentistry,,,高知県四万十市古津賀１丁目１４６,JP,高知県,,四万十市,,,古津賀一丁目,,,,厚生労働省 医療情報ネットのオープンデータ (2026-06-01),,,,
3933395407700,39,32.730282,132.542321,原データ,dentist,dentist,おきのしま歯科,おきのしま歯科,おきのしま歯科,おきのしましか,,,"Mo,Tu,We,Th,Fr,Sa 09:00-12:30,14:00-17:00; PH off; Dec 28-Jan 04,Aug 13-Aug 15 off",dentistry,,,高知県宿毛市沖の島町母島１７３９,JP,高知県,,宿毛市,,,沖の島町母島,,,,厚生労働省 医療情報ネットのオープンデータ (2026-06-01),,,,
3933395407830,39,32.777276,132.95516,原データ,dentist,dentist,楠井 歯科,楠井　歯科,楠井歯科,くすい しか,Kusui Shika,,"Mo,Tu,We,Fr,Sa 08:30-12:30,14:00-17:30; PH off; Dec 31-Jan 03,Aug 15-Aug 16,Dec 24 off",dentistry;paediatric_dentistry,,,高知県土佐清水市本町１０－６,JP,高知県,,土佐清水市,,,本町,,,,厚生労働省 医療情報ネットのオープンデータ (2026-06-01),yes,対応する住居表示レコードが無いため番地をタグ出力していない,,
3933395408130,39,32.937128743,132.7295566,ジオコーディング,dentist,dentist,HONDAデンタルクリニック,ＨＯＮＤＡデンタルクリニック,ＨＯＮＤＡデンタルクリニック,ほんだでんたるくりにっく,,,"Mo,We 09:00-13:00,14:00-17:00; Tu,Fr 09:00-12:00,14:00-18:00; Sa 09:00-14:00; PH off; Jan 01-Jan 03 off",dentistry;dental_oral_maxillo_facial_surgery;paediatric_dentistry,,,高知県宿毛市中央４－２－２９,JP,高知県,,宿毛市,,,中央四丁目,2,29,,厚生労働省 医療情報ネットのオープンデータ (2026-06-01),,座標は住所から付与（位置レベル8）,,
3933395500210,39,33.54016,133.727303,原データ,dentist,dentist,恒石歯科,医療法人恒石会恒石歯科,医療法人恒石会恒石歯科,,,,"Mo,Tu,We,Th,Fr,Sa 09:00-12:30,14:00-17:30; PH off; Dec 29-Jan 03,Dec 24 off",dentistry;paediatric_dentistry,,,高知県香南市赤岡町９８０－４,JP,高知県,,香南市,,,赤岡町,,,,厚生労働省 医療情報ネットのオープンデータ (2026-06-01),yes,名称の先頭の「恒石会」を運営主体とみなして name から除いた。official_name と short_name で確かめてください,,
3933395500470,39,33.617297,133.715291,原データ,dentist,dentist,岡西歯科診療所,岡西歯科診療所,岡西歯科診療所,おかにししかしんりょうしょ,,Okanishi Dental Clinic,"Mo,Tu,We,Th,Fr 09:00-12:00,15:00-18:00; Sa 08:30-12:00; PH off; Dec 29-Jan 03 off",dentistry,,,高知県香美市土佐山田町神母ノ木３７７－８,JP,高知県,,香美市,,,土佐山田町神母ノ木,,,,厚生労働省 医療情報ネットのオープンデータ (2026-06-01),,,,
3933395500890,39,33.60672,133.687197,原データ,dentist,dentist,たけもと歯科,たけもと歯科,たけもと歯科,たけもとしか,,Takemoto Dental Clinic,"Mo,Tu,We,Fr 09:00-12:00,13:30-19:00; Sa 09:00-12:00,13:30-17:00; PH off; Dec 29-Jan 03,Aug 12-Aug 15 off",dentistry;dental_oral_maxillo_facial_surgery;paediatric_dentistry,,,高知県香美市土佐山田町東本町２－２－４５,JP,高知県,,香美市,,,土佐山田町東本町二丁目,2,45,,厚生労働省 医療情報ネットのオープンデータ (2026-06-01),,,,
3933395500920,39,33.606379,133.689416,原データ,dentist,dentist,山下歯科,医療法人　奉徳会　山下歯科,山下歯科,,,Yamashita Dental clinic,"Mo,Tu,Fr 09:00-12:00,14:00-18:30; We 09:00-12:00,13:30-18:30; Sa 09:00-12:00,13:00-18:30; PH off; Dec 28-Jan 03 off",dentistry;orthodontics;dental_oral_maxillo_facial_surgery;paediatric_dentistry,,,高知県香美市土佐山田町東本町３－５７－３,JP,高知県,,香美市,,,土佐山田町東本町三丁目,,,,厚生労働省 医療情報ネットのオープンデータ (2026-06-01),yes,地番のため addr:block_number と addr:housenumber をタグ出力していない,,
3933395501190,39,33.560868,133.700434,原データ,dentist,dentist,黒岩歯科医院,黒岩歯科医院,黒岩歯科医院,くろいわしかいいん,,Kuroiwa Dental Clinic,"Mo,Tu,We,Fr 08:30-12:00,13:30-17:00; Th,Sa 08:30-12:00; PH off; Dec 29-Jan 03 off || off ""お盆は休診""",dentistry,,,高知県香南市野市町西野２６６７－１,JP,高知県,,香南市,,,野市町西野,,,,厚生労働省 医療情報ネットのオープンデータ (2026-06-01),,,,
3933395501220,39,33.563368,133.69488,原データ,dentist,dentist,小松歯科診療所,小松歯科診療所,小松歯科,こまつしかしんりょうしょ,,,"Mo,Tu,We,Fr 09:30-12:00,14:00-18:00; Th,Sa 09:30-12:00; Su unknown; PH off",dentistry,,,高知県香南市野市町西野１９８６,JP,高知県,,香南市,,,野市町西野,,,,厚生労働省 医療情報ネットのオープンデータ (2026-06-01),yes,営業日の日曜に時刻の記載が無いため opening_hours に unknown と書いた,1986,
3933395501480,39,33.56473,133.700412,原データ,dentist,dentist,乾歯科,医療法人乾会乾歯科,乾歯科,,,Inui Dental Clinic,"Mo,Tu,We,Fr 09:00-12:15,14:00-18:15; Th,Sa 08:45-12:15,13:00-16:00; PH off; Dec 30-Jan 02 off",dentistry;dental_oral_maxillo_facial_surgery;paediatric_dentistry,,https://www.inui-shika.com,高知県香南市野市町西野２７０６－２０,JP,高知県,,香南市,,,野市町西野,,,,厚生労働省 医療情報ネットのオープンデータ (2026-06-01),yes,名称の先頭の「乾会」を運営主体とみなして name から除いた。official_name と short_name で確かめてください,,
3933395501770,39,33.648638,133.781814,原データ,dentist,dentist,高橋歯科医院,高橋歯科医院,高橋歯科医院,たかはししかいいん,,Takahashi Dentel Clinic,"Mo,Tu,Th,Fr 09:00-13:00,14:00-18:00; Sa 09:00-13:00,14:00-17:00; PH off; Dec 30-Jan 03 off",dentistry,,,高知県香美市香北町美良布１２０８－１,JP,高知県,,香美市,,,香北町美良布,,,,厚生労働省 医療情報ネットのオープンデータ (2026-06-01),,,,
3933395501800,39,33.65197,133.779315,原データ,dentist,dentist,佐々木歯科診療所,佐々木歯科診療所,佐々木歯科,ささきしかしんりょうしょ,,Sasaki Dental Clinic,"Mo,Tu,We,Fr,Sa 09:00-12:00,13:00-17:00; PH off; Dec 29-Jan 03 off",dentistry;dental_oral_maxillo_facial_surgery;paediatric_dentistry,,,高知県香美市香北町美良布１０８１－１,JP,高知県,,香美市,,,香北町美良布,,,,厚生労働省 医療情報ネットのオープンデータ (2026-06-01),yes,opening_hours から15件を除いた（開始と終了が同一。実質NULL）: 月 歯科 00:00-00:00、火 歯科 00:00-00:00 他13件,,
3933395501930,39,33.542057,133.723183,原データ,dentist,dentist,今井歯科医院,今井歯科医院,今井歯科,いまいしかいいん,Imai Shika Iin,,"Mo,Tu,We,Th,Fr 08:30-11:30,13:30-17:30; Sa 08:30-11:30; PH off",dentistry,,,高知県香南市赤岡町５７４,JP,高知県,,香南市,,,赤岡町,,,,厚生労働省 医療情報ネットのオープンデータ (2026-06-01),yes,休診日の記述「土曜日不定休」を opening_hours に変換できていない,,
3933395502070,39,33.558152,133.688214,原データ,dentist,dentist,大島歯科医院,大島歯科医院,大島歯科,おおしま しかいいん,,Ohshima Dental Office,"Mo,Tu,We,Fr,Sa 09:00-12:30,14:00-17:30; PH off; Dec 30-Jan 03 off",dentistry;dental_oral_maxillo_facial_surgery;paediatric_dentistry,,,高知県香南市野市町下井,JP,高知県,,香南市,,,野市町下井,,,,厚生労働省 医療情報ネットのオープンデータ (2026-06-01),yes,opening_hours から15件を除いた（開始と終了が同一。実質NULL）: 月 歯科 00:00-00:00、火 歯科 00:00-00:00 他13件,,
3933395502230,39,33.604416,133.679893,原データ,dentist,dentist,八井田歯科医院,八井田歯科医院,八井田歯科,やいだしかいいん,,YaIDa Dental Clinic YaIDa Shika Iin,"Mo,Tu,We,Fr,Sa 09:00-18:00; PH off; Dec 30-Jan 03 off",dentistry,,,高知県香美市土佐山田町西本町５－３－１９,JP,高知県,,香美市,,,土佐山田町西本町五丁目,3,19,,厚生労働省 医療情報ネットのオープンデータ (2026-06-01),yes,opening_hours から10件を除いた（開始と終了が同一。実質NULL）: 月 歯科 00:00-00:00、火 歯科 00:00-00:00 他8件,,
3933395600240,39,33.209192,133.129313,原データ,dentist,dentist,矢野歯科診療所,矢野歯科診療所,矢野歯科診療所,やのしかしんりょうしょ,,Yano Dental Clinic,"Mo,Fr 08:30-11:30,14:00-18:00; Tu,Th 08:30-11:30,15:00-19:00; Sa 08:30-11:30,14:00-17:00; PH off; Dec 29-Jan 03,Dec 24 off",dentistry,,,高知県高岡郡四万十町新開町,JP,高知県,高岡郡,四万十町,,,新開町,,,,厚生労働省 医療情報ネットのオープンデータ (2026-06-01),yes,opening_hours から5件を除いた（開始と終了が同一。実質NULL）: 月 歯科 00:00-00:00、火 歯科 00:00-00:00 他3件,,
3933395600820,39,33.225391,133.19307,原データ,dentist,dentist,長山歯科診療所,長山歯科診療所,長山歯科医院,ながやましかしんりょうしょ,,Nagayama Dental Clinic,"Mo,Tu,We,Th,Fr 08:30-11:30,13:30-17:00; Sa 08:30-12:00; PH off; Dec 29-Jan 04,Aug 14-Aug 16 off",dentistry,,,高知県高岡郡四万十町黒石５６４ー１,JP,高知県,高岡郡,四万十町,,,黒石,,,,厚生労働省 医療情報ネットのオープンデータ (2026-06-01),,,,
3933395601120,39,33.214511,133.136792,原データ,dentist,dentist,どい歯科クリニック,どい歯科クリニック,どい歯科クリニック,どいしかくりにっく,,Doi Dental Clinic,"Mo,Tu,We,Th,Fr 09:00-12:00,14:30-18:30; PH off; Dec 30-Jan 03 off",dentistry,,,高知県高岡郡四万十町北琴平町１２－２９,JP,高知県,高岡郡,四万十町,,,北琴平町,12,29,,厚生労働省 医療情報ネットのオープンデータ (2026-06-01),yes,opening_hours から5件を除いた（開始と終了が同一。実質NULL）: 月 歯科 00:00-00:00、火 歯科 00:00-00:00 他3件,,
3933395601250,39,33.198687,132.974351,原データ,dentist,dentist,いわさき歯科,医療法人善佳会いわさき歯科,いわさき歯科,,,Iwasaki Dental Clinic,"Mo,Tu,We,Th,Fr 09:00-12:30,14:00-18:00; PH off; Dec 29-Jan 03,Aug 14-Aug 16 off",dentistry,,,高知県高岡郡四万十町大正４６０番地８,JP,高知県,高岡郡,四万十町,,,大正,,,,厚生労働省 医療情報ネットのオープンデータ (2026-06-01),yes,名称の先頭の「善佳会」を運営主体とみなして name から除いた。official_name と short_name で確かめてください / opening_hours から5件を除いた（開始と終了が同一。実質NULL）: 月 歯科 00:00-00:00、火 歯科 00:00-00:00 他3件,,
3933395601380,39,33.212436,133.13949,原データ,dentist,dentist,こうなん歯科,こうなん歯科,こうなん歯科,こうなんしか,,Kohnan Dental Clinic,"Mo,Tu,We,Fr,Sa 09:00-13:00,14:30-18:00; PH off; Dec 29-Jan 04,Aug 12-Aug 15 off",dentistry,,,高知県高岡郡四万十町榊山町,JP,高知県,高岡郡,四万十町,,,榊山町,,,,厚生労働省 医療情報ネットのオープンデータ (2026-06-01),,,,
3933395601410,39,33.212702,133.136107,原データ,dentist,dentist,小畠 歯科医院,小畠　歯科医院,小畠歯科医院,こばたしかいいん,Kobata Shikaiin,,"Mo,Tu,We,Fr 09:00-12:00,14:30-18:30; Sa 09:00-12:00,14:30-17:30; PH off; Dec 28-Jan 05 off",dentistry;paediatric_dentistry,,,高知県高岡郡四万十町琴平町１４－３５,JP,高知県,高岡郡,四万十町,,,琴平町,14,35,,厚生労働省 医療情報ネットのオープンデータ (2026-06-01),yes,opening_hours から5件を除いた（開始と終了が同一。実質NULL）: 月 歯科 00:00-00:00、火 歯科 00:00-00:00 他3件,,
3933395601540,39,33.243767,133.161138,原データ,dentist,dentist,かつみ歯科,かつみ歯科,かつみ歯科,かつみしか,,katsumi Dental Clinic,"Mo,Tu,We,Fr 09:00-12:30,14:00-18:00; Th 09:00-12:30; Sa 09:00-12:30,14:00-16:00; Th[2,4] off; PH off || off ""GW・お盆・年末年始は休診""",dentistry,,,高知県高岡郡四万十町仁井田１２２３－１,JP,高知県,高岡郡,四万十町,,,仁井田,,,,厚生労働省 医療情報ネットのオープンデータ (2026-06-01),,,,
3933395700720,39,33.53558,133.129377,原データ,dentist,dentist,中内歯科診療所,中内歯科診療所,中内歯科,なかうちしかしんりょうじょ,,,"Mo,Tu,We,Th,Fr 08:30-12:00,14:00-18:00; Sa 08:30-12:00; PH off; Dec 29-Jan 03,Dec 24 off",dentistry,,,高知県吾川郡仁淀川町森２５７７－１８,JP,高知県,吾川郡,仁淀川町,,,森,,,,厚生労働省 医療情報ネットのオープンデータ (2026-06-01),,,,
3933395700980,39,33.507162,133.282507,原データ,dentist,dentist,岡林歯科医院,岡林歯科医院,岡林歯科,おかばやし しかいいん,,Okabayashi Dental Clinic,"Mo,Tu,We,Fr 09:00-11:30,14:30-17:00; Th 09:00-11:00; Sa 09:00-11:30,14:30-16:00; PH off; Dec 30-Jan 04,Aug 11-Aug 13 off",dentistry,,,高知県高岡郡佐川町乙１８３９－１,JP,高知県,高岡郡,佐川町,,,乙,,,,厚生労働省 医療情報ネットのオープンデータ (2026-06-01),,,1839-1,
3933395701600,39,33.509251,133.284374,原データ,dentist,dentist,嶋崎歯科医院,嶋崎歯科医院,嶋崎歯科医院,しまさきしかいいん,,shimasaki dental clinic,"Mo,Tu,We,Fr,Sa 09:00-12:30,14:00-18:00; PH off; Dec 30-Jan 03 off",dentistry;orthodontics;paediatric_dentistry,,,高知県高岡郡佐川町乙１８７０－２,JP,高知県,高岡郡,佐川町,,,乙,,,,厚生労働省 医療情報ネットのオープンデータ (2026-06-01),,,1870-2,
3933395800620,39,33.748138,133.557053,原データ,dentist,dentist,西川歯科診療所,西川歯科診療所,西川歯科,にしがわしかしんりょうしょ,Nishigawa Shika Shinryosho,,"Mo,Tu,We,Th,Fr 09:00-12:00,14:00-17:00; Sa 09:00-12:00; Sa[2] off; PH off; Dec 29-Jan 03,Mar 30-Mar 31,Apr 30-May 02 off",dentistry,,,高知県土佐郡土佐町田井１３７０－９,JP,高知県,土佐郡,土佐町,,,田井,,,,厚生労働省 医療情報ネットのオープンデータ (2026-06-01),,,,
3933395800880,39,33.772097,133.658608,原データ,dentist,dentist,秋山歯科診療所,秋山歯科診療所,秋山歯科,あきやましかしんりょうしょ,,AKIYAMA DENNTAL CLINIC,"Mo,Tu,We,Fr 08:30-12:30,14:00-18:00; Sa 08:30-12:30; PH off; Dec 29-Jan 03,Aug 13-Aug 15 off",dentistry,,,高知県長岡郡大豊町川口１９１９－１,JP,高知県,長岡郡,大豊町,,,川口,,,,厚生労働省 医療情報ネットのオープンデータ (2026-06-01),yes,休診日の記述「土曜日午後」を opening_hours に変換できていない,,
3933395900230,39,33.331737,134.099001,原データ,dentist,dentist,村戸歯科診療所,村戸歯科診療所,村戸歯科,むらとしかしんりょうしょ,,,"Mo,Tu,We,Th,Fr 09:00-12:30,14:00-18:00; Sa 09:00-13:00; PH off; Dec 29-Jan 03,Aug 14-Aug 15 off",dentistry,,,高知県室戸市吉良川町甲２７８９,JP,高知県,,室戸市,,,吉良川町甲,,,,厚生労働省 医療情報ネットのオープンデータ (2026-06-01),yes,opening_hours から7件を除いた（開始と終了が同一。実質NULL）: 土 歯科 00:00-00:00、月 歯科 00:00-00:00 他5件 / 休診日の記述「土曜午後祝日がない週木曜午後」を opening_hours に変換できていない,2789,
3933395900520,39,33.292136,134.144944,原データ,dentist,dentist,浮津松本歯科クリニック,浮津松本歯科クリニック,松本歯科クリニック,うきつまつもとしかくりにっく,,Ukitsu Matsumoto Dental Clinic,"Mo,Tu,We,Fr 09:00-12:00,14:00-17:30; Sa 09:00-12:00; PH off; Dec 29-Jan 03,Aug 15 off",dentistry,,,高知県室戸市浮津二番町１２４,JP,高知県,,室戸市,,,浮津2番町,,,,厚生労働省 医療情報ネットのオープンデータ (2026-06-01),yes,営業曜日と時刻が食い違う曜日が1件。曜日フラグを採用（営業日と同一時刻のため一律入力とみなす）,,
3933395900780,39,33.546712,134.293155,原データ,dentist,dentist,東洋歯科クリニック,医療法人展久会東洋歯科クリニック,東洋歯科クリニック,,,ToYo Dental Clinic,"Mo,Tu,We,Fr 09:30-12:00,14:00-17:50; Th,Sa 09:30-12:00; Mo[1] off; Sa[2,4] off; PH off; Dec 29-Jan 04,Aug 13-Aug 15 off",dentistry,,,高知県安芸郡東洋町大字　河内１５１－１,JP,高知県,安芸郡,東洋町,,,大字河内,,,,厚生労働省 医療情報ネットのオープンデータ (2026-06-01),yes,名称の先頭の「展久会」を運営主体とみなして name から除いた。official_name と short_name で確かめてください,151-1,
3933395900940,39,33.367011,134.058729,原データ,dentist,dentist,山下歯科医院,山下歯科医院,山下歯科,やましたしかいいん,,Yamashita Dental Clinic,"Mo,Tu,We,Th,Fr 09:00-12:30,14:00-18:30; Sa 09:00-12:30; PH off; Dec 30-Jan 04,Aug 14-Aug 16 off",dentistry;orthodontics;dental_oral_maxillo_facial_surgery;paediatric_dentistry,,,高知県室戸市羽根町乙１２７１－１,JP,高知県,,室戸市,,,羽根町乙,,,,厚生労働省 医療情報ネットのオープンデータ (2026-06-01),,,1271-1,
3933395901110,39,33.331683,134.097849,原データ,dentist,dentist,松本歯科診療所,松本歯科診療所,松本歯科診療所,まつもとしかしんりょうじょ,Matsumoto Shika Shinryosho,,"Mo,Tu,We,Th,Fr 09:00-12:00,14:00-18:00; Sa 09:00-12:00; PH off",dentistry;paediatric_dentistry,,,高知県室戸市吉良川町甲２８２６,JP,高知県,,室戸市,,,吉良川町甲,,,,厚生労働省 医療情報ネットのオープンデータ (2026-06-01),yes,opening_hours から12件を除いた（開始と終了が同一。実質NULL）: 月 歯科 00:00-00:00、火 歯科 00:00-00:00 他10件,2826,
3933396000300,39,32.865632,132.955211,原データ,dentist,dentist,安岡歯科診療所,安岡歯科診療所,安岡歯科,やすおかしかしんりょうしょ,,,"Mo,We,Sa 09:00-12:00,13:30-17:00; Tu,Th 09:00-12:00,12:30-17:00; Fr 09:00-12:00,12:30-18:00; PH off; Dec 29-Jan 03 off",dentistry,,,高知県土佐清水市下ノ加江２１６番地,JP,高知県,,土佐清水市,,,下ノ加江,,,,厚生労働省 医療情報ネットのオープンデータ (2026-06-01),,,216,
3933396000560,39,32.779583,132.953125,原データ,dentist,dentist,大西歯科医院,大西歯科医院,大西歯科,おおにししかいいん,Onishi Shika,,"Mo,Tu,We,Th,Fr 09:00-12:00,13:00-18:00; Sa 09:00-12:00; PH off; Dec 30-Jan 03 off",dentistry,,,高知県土佐清水市寿町１－６－１,JP,高知県,,土佐清水市,,,寿町,,,,厚生労働省 医療情報ネットのオープンデータ (2026-06-01),yes,opening_hours から5件を除いた（開始と終了が同一。実質NULL）: 月 歯科 00:00-00:00、火 歯科 00:00-00:00 他3件 / 対応する住居表示レコードが無いため番地をタグ出力していない,1,番地の3要素目以降を確認: 1
3933396000720,39,32.778794,132.948506,原データ,dentist,dentist,植垣歯科,植垣歯科,植垣歯科,うえがきしか,Uegakishika,,"Mo,Tu,We,Fr 09:00-13:00,14:00-18:00; Sa 09:00-13:00; PH off; Dec 30-Jan 03,Aug 13-Aug 15 off",dentistry,,https://uegaki-dental.com/,高知県土佐清水市天神町１３－１,JP,高知県,,土佐清水市,,,天神町,13,1,,厚生労働省 医療情報ネットのオープンデータ (2026-06-01),yes,opening_hours から6件を除いた（開始と終了が同一。実質NULL）: 土 歯科 00:00-00:00、月 歯科 00:00-00:00 他4件,,
3933396000850,39,32.778165,132.954133,原データ,dentist,dentist,幸歯科医院,幸歯科医院,幸歯科医院,ゆきしかいいん,Yuki Shikaiin,,"Mo,Tu,We,Th,Fr 09:00-12:30,14:00-18:00; Sa 09:00-12:30; Sa[1,3] off; PH off; Dec 30-Jan 04 off",dentistry,,,高知県土佐清水市栄町２ー１４,JP,高知県,,土佐清水市,,,栄町,,,,厚生労働省 医療情報ネットのオープンデータ (2026-06-01),yes,対応する住居表示レコードが無いため番地をタグ出力していない,,
3933396100330,39,33.439753,133.214669,原データ,dentist,dentist,葉やまの歯いしゃさん,葉やまの歯いしゃさん,葉やまの歯いしゃさん,はやまのはいしゃさん,Hayamanohaishasan,,"Mo,Tu,We,Fr,Sa 09:00-12:30,14:00-18:00; PH off; Dec 30-Jan 03 off",dentistry,,,高知県高岡郡津野町姫野々４００－３,JP,高知県,高岡郡,津野町,,,姫野々,,,,厚生労働省 医療情報ネットのオープンデータ (2026-06-01),,,,
3933396100460,39,33.333408,133.222283,原データ,dentist,dentist,きらり歯科医院,きらり歯科医院,きらり歯科医院,きらりしかいいん,Kirari Shikaiin,,"Mo,Tu,We,Th,Fr 09:30-13:00,14:30-19:00; Sa 09:30-13:00; PH off; Dec 30-Jan 03 off",dentistry;dental_oral_maxillo_facial_surgery;paediatric_dentistry,,http://kirari-shika.jp/,高知県高岡郡中土佐町久礼２０９８－１,JP,高知県,高岡郡,中土佐町,,,久礼,,,,厚生労働省 医療情報ネットのオープンデータ (2026-06-01),,,,
3933396200100,39,33.536436,133.753311,原データ,dentist,dentist,ながの歯科,ながの歯科,ながの歯科,ながのしか,,Nagano Dental Clinic,"Mo,Tu,We,Fr 09:00-12:00,14:00-18:00; Th,Sa 09:00-12:00; PH off; Dec 30-Jan 03 off",dentistry,,,高知県香南市夜須町坪井４３１－１,JP,高知県,,香南市,,,夜須町坪井,,,,厚生労働省 医療情報ネットのオープンデータ (2026-06-01),,,,
3933396200360,39,33.619196,133.643217,原データ,dentist,dentist,間島歯科医院,間島歯科医院,間島歯科医院,ましましかいいん,,MASHIMA DENTAL OFFICE,"Mo,Tu,We,Fr 08:30-12:30,14:00-18:00; Sa 08:30-12:30,14:00-17:00; PH off; Dec 29-Jan 03 off",dentistry;orthodontics;paediatric_dentistry,,http://mashimadental.com,高知県南国市植野１７４−８,JP,高知県,,南国市,,,植野,,,,厚生労働省 医療情報ネットのオープンデータ (2026-06-01),,,,
3933396200490,39,33.533351,133.611524,原データ,dentist,dentist,米田歯科,米田歯科,米田歯科,よねだしか,,Yoneda Dental Clinic,"Mo,Tu,We,Fr 09:00-12:00,14:00-18:00; Sa 09:00-12:00,13:00-15:00; PH off; Dec 29-Jan 03 off",dentistry;dental_oral_maxillo_facial_surgery,,,高知県南国市緑ケ丘１丁目１１０５－１,JP,高知県,,南国市,,,緑ケ丘一丁目,,,,厚生労働省 医療情報ネットのオープンデータ (2026-06-01),,,,
3933396200520,39,33.559794,133.721603,原データ,dentist,dentist,池田歯科クリニック,池田歯科クリニック,池田歯科,いけだしかくりにっく,,Ikeda Dental Clinic,"Mo,Tu,We,Fr 09:00-12:30,14:00-18:30; Sa 09:00-12:30,14:00-18:00; PH off; Dec 29-Jan 03 off",dentistry;paediatric_dentistry,,,高知県香南市野市町土居１５１５－２,JP,高知県,,香南市,,,野市町土居,,,,厚生労働省 医療情報ネットのオープンデータ (2026-06-01),yes,opening_hours から10件を除いた（開始と終了が同一。実質NULL）: 月 歯科 00:00-00:00、火 歯科 00:00-00:00 他8件,,
3933396200650,39,33.608232,133.682087,原データ,dentist,dentist,佐々木歯科医院,あけぼの街道　佐々木歯科医院,あけぼの街道　佐々木歯科,,,Akebonokaidou Sasaki Dental Clinic,"Mo,Tu,We,Th,Fr,Sa 09:00-12:30,14:00-18:30; PH off; Dec 29-Jan 03 off",dentistry;paediatric_dentistry,,,高知県香美市土佐山田町４８２の３,JP,高知県,,香美市,,,土佐山田町,,,,厚生労働省 医療情報ネットのオープンデータ (2026-06-01),yes,名称の先頭の「あけぼの街道」を運営主体とみなして name から除いた。official_name と short_name で確かめてください,,
3933396200780,39,33.564973,133.715787,原データ,dentist,dentist,ながやま歯科医院,ながやま歯科医院,ながやま歯科,ながやましかいいん,,Nagayama Dental Clinic,"Mo,Tu,Th,Fr 09:00-13:00,14:30-19:00; Sa 09:00-13:00,14:30-17:30; PH off; Dec 30-Jan 03,Aug 12-Aug 15 off",dentistry,,,高知県香南市野市町みどり野３－５８－１,JP,高知県,,香南市,,,野市町みどり野三丁目,,,,厚生労働省 医療情報ネットのオープンデータ (2026-06-01),yes,営業曜日と時刻が食い違う曜日が1件。曜日フラグを採用（営業日と同一時刻のため一律入力とみなす）,,
3933396200810,39,33.607863,133.679404,原データ,dentist,dentist,山本歯科医院,山本歯科医院,山本歯科,やまもとしかいいん,,Yamamoto Dental Clinic,"Mo,Th,Fr 09:00-12:00,14:00-19:00; Tu,We 09:00-12:00,14:00-20:00; Sa 09:00-12:00,14:00-18:00; PH off; Dec 30-Jan 03,Aug 10-Aug 11 off",dentistry;paediatric_dentistry,,https://www.yamamotoshikaiin.net,高知県香美市土佐山田町４６１－５,JP,高知県,,香美市,,,土佐山田町,,,,厚生労働省 医療情報ネットのオープンデータ (2026-06-01),,,,
3933396200940,39,33.577292,133.62926,原データ,dentist,dentist,岡田歯科,岡田歯科,岡田歯科,おかだしか,,OKADA Dental Clinic,"Mo,Tu,We,Fr,Sa 09:00-13:00,14:30-18:00; PH off; Dec 30-Jan 03 off",dentistry,,,高知県南国市小籠８５３－６,JP,高知県,,南国市,,,小籠,,,,厚生労働省 医療情報ネットのオープンデータ (2026-06-01),,,,
3933396201110,39,33.759785,133.588056,原データ,dentist,dentist,辻益デンタルクリニック,辻益デンタルクリニック,辻益デンタル,つじますでんたるくりにっく,,Tsujimasu Dental Clinic,"Mo,Tu,We,Th,Fr 09:00-12:30,14:00-18:00; Sa 09:00-12:30; PH off; Dec 30-Jan 03,Dec 24 off",dentistry,,,高知県長岡郡本山町本山６２０,JP,高知県,長岡郡,本山町,,,本山,,,,厚生労働省 医療情報ネットのオープンデータ (2026-06-01),,,,
3933396201400,39,33.58403,133.746314,原データ,dentist,dentist,山北歯科診療所,医療法人　山北歯科診療所,山北歯科診療所,,,,"Mo,Tu,We,Th,Fr 08:45-12:45,14:00-17:45; PH off; Dec 29-Jan 04 off",dentistry;orthodontics;dental_oral_maxillo_facial_surgery,,,高知県香南市香我美町山北２８３３,JP,高知県,,香南市,,,香我美町山北,,,,厚生労働省 医療情報ネットのオープンデータ (2026-06-01),,,2833,
3933396201530,39,33.604312,133.684939,原データ,dentist,dentist,かぎやまデンタルクリニック,かぎやまデンタルクリニック,かぎやまデンタルクリニック,かぎやまでんたるくりにっく,,,"Mo,Tu,We,Fr,Sa 09:00-12:30,14:00-18:00; PH off; Dec 29-Jan 03 off",dentistry;paediatric_dentistry,,https://kagiyama-dc.com/,高知県香美市土佐山田町宝町１丁目１－２５,JP,高知県,,香美市,,,土佐山田町宝町一丁目,1,25,,厚生労働省 医療情報ネットのオープンデータ (2026-06-01),,,,
3933396201660,39,33.609012,133.700387,原データ,dentist,dentist,楠目歯科診療所,医療法人くずめ会　楠目歯科診療所,楠目歯科診療所,,,,"Mo,We 09:00-12:00,14:00-18:30; Tu,Fr 09:00-12:00,14:00-19:00; Sa 09:00-12:00,13:00-16:30; PH off; Dec 29-Jan 03 off",dentistry;dental_oral_maxillo_facial_surgery;paediatric_dentistry;orthodontics,,,高知県香美市土佐山田町楠目,JP,高知県,,香美市,,,土佐山田町楠目,,,,厚生労働省 医療情報ネットのオープンデータ (2026-06-01),,,,
3933396201950,39,33.528669,133.624413,原データ,dentist,dentist,やまもも歯科クリニック,やまもも歯科クリニック,やまもも歯科クリニック,やまももしかくりにっく,,yamamomo dental clinic,"Mo,Tu,Th,Fr 09:00-13:00,14:30-18:30; Sa 09:00-13:00,14:30-17:00; PH off; Dec 29-Jan 03 off",dentistry;paediatric_dentistry,,,高知県南国市十市１７７０－４,JP,高知県,,南国市,,,十市,,,,厚生労働省 医療情報ネットのオープンデータ (2026-06-01),,,,
3933396202120,39,33.573124,133.696841,原データ,dentist,dentist,どんぐり歯科,どんぐり歯科,どんぐり歯科,どんぐりしか,,,"Mo,Tu,We,Th,Fr 08:30-12:30,14:30-18:30; Sa 08:30-12:30; PH off; Dec 29-Jan 03 off",dentistry;dental_oral_maxillo_facial_surgery;paediatric_dentistry,,,高知県香南市野市町西野２２７－１,JP,高知県,,香南市,,,野市町西野,,,,厚生労働省 医療情報ネットのオープンデータ (2026-06-01),,,,
3933396202380,39,33.607953,133.693844,原データ,dentist,dentist,小松歯科,医療法人健仁会　小松歯科,小松歯科,,,Komatsu Dental Clinic,"Mo,Tu,We,Fr 09:00-12:30,14:00-18:30; Sa 09:00-12:30,14:00-17:00; PH off; Dec 29-Jan 03 off",dentistry;dental_oral_maxillo_facial_surgery;paediatric_dentistry,,,高知県香美市土佐山田町百石町１丁目６番１２号,JP,高知県,,香美市,,,土佐山田町百石町一丁目,6,12,,厚生労働省 医療情報ネットのオープンデータ (2026-06-01),,,,
3933396202700,39,33.574654,133.636547,原データ,dentist,dentist,おなが通り歯科,医療法人善哉会　おなが通り歯科,おなが通り歯科,,,,"Mo,Tu,We,Th,Fr 08:30-12:00,13:30-18:00; Sa 08:30-12:00; PH off; Dec 29-Jan 03,Aug 12-Aug 15 off",dentistry;orthodontics;dental_oral_maxillo_facial_surgery;paediatric_dentistry,,http://www.onagadorishika.com/,高知県南国市篠原１７０４－１,JP,高知県,,南国市,,,篠原,,,,厚生労働省 医療情報ネットのオープンデータ (2026-06-01),,,,
3933396202830,39,33.560914,133.531543,原データ,dentist,dentist,きよおか歯科,きよおか歯科,きよおか歯科,きよおかしか,,kiyooka dental clinic,"Mo,Tu,We,Fr,Sa 09:00-12:00,14:00-18:00; PH off; Jan 02-Jan 05,Aug 11-Aug 12,Dec 24,Dec 31 off",dentistry;paediatric_dentistry,,,高知県南国市篠原１２０－１２,JP,高知県,,南国市,,,篠原,,,,厚生労働省 医療情報ネットのオープンデータ (2026-06-01),,,,
3933396203550,39,33.567152,133.649919,原データ,dentist,dentist,くにとう歯科医院,くにとう歯科医院,,くにとうしかいいん,Kunitoushikaiin,,"Mo,Tu,Th,Fr,Sa 09:00-18:00; PH off",dentistry;orthodontics;dental_oral_maxillo_facial_surgery;paediatric_dentistry,,,高知県南国市大そね甲９５３－１,JP,高知県,,南国市,,,,,,,厚生労働省 医療情報ネットのオープンデータ (2026-06-01),,,大そね甲953-1,
3933396300010,39,33.569333,133.515332,原データ,dentist,dentist,まつおか歯科,まつおか歯科,まつおか歯科,まつおかしか,Matsuoka Shika,,"Mo,Tu,We,Fr,Sa 09:00-12:30,14:00-18:30; Dec 30-Jan 03 off",dentistry,,http://nttbj.itp.ne.jp/0888754180/index.html,高知県高知市中万々１８４－９,JP,高知県,,高知市,,,中万々,,,,厚生労働省 医療情報ネットのオープンデータ (2026-06-01),,,,
3933396300030,39,33.566668,133.696769,原データ,dentist,dentist,長岡歯科医院,長岡歯科医院,長岡歯科,ながおか しかいいん,Nagaoka Shika,,"Mo,Tu,Th,Fr 09:00-12:00,14:00-17:00; Sa 09:00-12:00; PH off; Dec 24,Dec 29,Dec 31 off",dentistry,,,高知県香南市野市町西野６５２－２０,JP,高知県,,香南市,,,野市町西野,,,,厚生労働省 医療情報ネットのオープンデータ (2026-06-01),,,,
3933396300040,39,33.548641,133.427682,原データ,dentist,dentist,森歯科医院,森歯科医院,森歯科医院,もりしかいいん,,,"Mo,We 09:00-11:00,16:00-18:00; PH off; Dec 29-Jan 03 off",dentistry,,,高知県吾川郡いの町１７００,JP,高知県,吾川郡,いの町,,,,,,,厚生労働省 医療情報ネットのオープンデータ (2026-06-01),,,1700,
3933396300390,39,33.558644,133.531282,原データ,dentist,dentist,森本歯科,森本歯科,森本歯科,もりもとしか,Morimoto Shika,,"Mo,Tu,Fr 09:00-12:30,14:00-18:00; We 09:00-12:30,14:30-19:00; Sa 09:00-12:30,14:00-17:30; PH off; Dec 31-Jan 03,Dec 29 off || off ""お盆は休診""",dentistry;orthodontics;paediatric_dentistry,,,高知県高知市春野町弘岡下３９９３－９,JP,高知県,,高知市,,,春野町弘岡下,,,,厚生労働省 医療情報ネットのオープンデータ (2026-06-01),,,,
3933396300550,39,33.646024,133.340152,原データ,dentist,dentist,片岡歯科,片岡歯科,片岡歯科,かたおかしか,Kataoka Shika,,"Mo,Tu,We,Fr,Sa 09:00-12:30,14:00-18:00; Th 09:00-13:00; PH off; Dec 31-Jan 03,Aug 08-Aug 11 off",dentistry,,,高知県吾川郡いの町上八川甲１９４１ー４,JP,高知県,吾川郡,いの町,,,,,,,厚生労働省 医療情報ネットのオープンデータ (2026-06-01),,,上八川甲1941-4,
3933396300840,39,33.498926,133.421434,原データ,dentist,dentist,ふくしまデンタルクリニック,ふくしまデンタルクリニック,ふくしまデンタルクリニック,ふくしまでんたるくりにっく,,Fukushima Dental Clinic,"Mo,Tu,Fr 09:00-12:30,14:00-18:30; We,Sa 09:00-12:30,14:00-17:30; PH off",dentistry;dental_oral_maxillo_facial_surgery;paediatric_dentistry,,,高知県土佐市高岡町乙,JP,高知県,,土佐市,,,高岡町乙,,,,厚生労働省 医療情報ネットのオープンデータ (2026-06-01),,,,
3933396310330,39,33.569962,133.544219,原データ,dentist,dentist,おかだ歯科クリニック,おかだ歯科クリニック,おかだ歯科クリニック,おかだしかくりにっく,,Okada Dental Clinic,"Mo,Tu,We,Th,Fr 09:00-13:00,14:30-18:00; Sa 09:00-13:00,14:30-17:00; PH off; Dec 30-Jan 03,Aug 12-Aug 16 off",dentistry;orthodontics;paediatric_dentistry,,http://www.0888755181.com/,高知県高知市新本町２丁目１９番２号,JP,高知県,,高知市,,,新本町二丁目,19,2,,厚生労働省 医療情報ネットのオープンデータ (2026-06-01),,,,
3933930138643,39,33.563179265,133.537611107,ジオコーディング,dentist,dentist,そらいろ歯科,そらいろ歯科,,そらいろしか,,,"Mo,Tu,We,Fr 09:00-13:00,14:30-18:00; Sa 09:30-13:00,14:00-17:00",dentistry;dental_oral_maxillo_facial_surgery;paediatric_dentistry,,,高知県高知市廿代町１５−２０ダイアパレス第２−１０１,JP,高知県,,高知市,,,廿代町,15,20,,厚生労働省 医療情報ネットのオープンデータ (2026-06-01),,座標は住所から付与（位置レベル8）,ダイアパレス第2-101,
