{"type": "FeatureCollection", "features": [{"type": "Feature", "geometry": {"type": "Point", "coordinates": [133.573413, 33.51372]}, "properties": {"amenity": "pharmacy", "healthcare": "pharmacy", "name": "病院通薬局みさと店", "official_name": "病院通薬局みさと店", "name:ja-Hira": "びょういんどおりやっきょくみさとてん", "name:ja-Latn": "Byouindoriyakkyoku Misatoten", "opening_hours": "Mo,Tu,We,Th,Fr 09:00-18:00; Sa 09:00-13:30; PH off; Dec 30-Jan 03 off", "website": "http://www.kurisu-p.com", "addr:full": "高知県高知市仁井田１６１７－１８", "addr:country": "JP", "addr:province": "高知県", "addr:city": "高知市", "addr:neighbourhood": "仁井田", "source": "厚生労働省 医療情報ネットのオープンデータ (2026-06-01)", "_id": "3955395001070", "_座標の出典": "原データ"}}, {"type": "Feature", "geometry": {"type": "Point", "coordinates": [133.548238, 33.548311]}, "properties": {"amenity": "pharmacy", "healthcare": "pharmacy", "name": "アイン薬局 桟橋店", "official_name": "アイン薬局　桟橋店", "name:ja-Hira": "あいんやっきょく さんばしてん", "name:ja-Latn": "Ainyakkyoku Sanbasiten", "opening_hours": "Mo,Tu,We,Th,Fr,Sa 09:00-18:00; PH off; Dec 30-Jan 03 off", "website": "https://www.ainj.co.jp/", "addr:full": "高知県高知市桟橋通２丁目７ー７", "addr:country": "JP", "addr:province": "高知県", "addr:city": "高知市", "addr:neighbourhood": "桟橋通二丁目", "addr:block_number": "7", "addr:housenumber": "7", "source": "厚生労働省 医療情報ネットのオープンデータ (2026-06-01)", "_id": "3955395001080", "_座標の出典": "原データ"}}, {"type": "Feature", "geometry": {"type": "Point", "coordinates": [133.54361, 33.510635]}, "properties": {"amenity": "pharmacy", "healthcare": "pharmacy", "name": "サニーひこばえ薬局", "official_name": "サニーひこばえ薬局", "name:ja-Hira": "さにー ひこばえ やっきょく", "name:en": "Sunny Hikobae Drugstore", "opening_hours": "Mo,Tu,We,Th,Fr,Sa 09:30-19:00; PH off; Jan 01-Jan 03 off", "addr:full": "高知県高知市瀬戸西３丁目１３－１サニーマート瀬戸店内", "addr:country": "JP", "addr:province": "高知県", "addr:city": "高知市", "addr:neighbourhood": "瀬戸西町三丁目", "source": "厚生労働省 医療情報ネットのオープンデータ (2026-06-01)", "_id": "3955395001240", "_座標の出典": "原データ"}}, {"type": "Feature", "geometry": {"type": "Point", "coordinates": [133.542763, 33.561166]}, "properties": {"amenity": "pharmacy", "healthcare": "pharmacy", "name": "正木梅花堂薬局", "official_name": "正木梅花堂薬局", "name:ja-Hira": "まさきばいかどうやっきょく", "name:en": "MasakiBaikadou Drugstore(MasakiBaikadou Yakkyoku)", "opening_hours": "Mo,Tu,We,Th,Fr 09:00-18:30; Sa 09:00-17:00; PH off; Dec 29-Jan 03 off", "addr:full": "高知県高知市はりまや町２丁目１－１", "addr:country": "JP", "addr:province": "高知県", "addr:city": "高知市", "addr:neighbourhood": "はりまや町二丁目", "addr:block_number": "1", "addr:housenumber": "1", "source": "厚生労働省 医療情報ネットのオープンデータ (2026-06-01)", "_id": "3955395001310", "_座標の出典": "原データ"}}, {"type": "Feature", "geometry": {"type": "Point", "coordinates": [133.486783, 33.536008]}, "properties": {"amenity": "pharmacy", "healthcare": "pharmacy", "name": "ニュータウンなるおか薬局", "official_name": "ニュータウンなるおか薬局", "name:ja-Hira": "にゅーたうんなるおかやっきょく", "opening_hours": "Mo,Tu,We,Fr,Sa 09:00-19:00; PH off; Dec 29-Jan 04 off", "addr:full": "高知県高知市朝倉己８３４－１５", "addr:country": "JP", "addr:province": "高知県", "addr:city": "高知市", "addr:neighbourhood": "朝倉己", "source": "厚生労働省 医療情報ネットのオープンデータ (2026-06-01)", "_id": "3955395001320", "_座標の出典": "原データ"}}, {"type": "Feature", "geometry": {"type": "Point", "coordinates": [133.536706, 33.567794]}, "properties": {"amenity": "pharmacy", "healthcare": "pharmacy", "name": "稲本薬局", "official_name": "稲本薬局", "name:ja-Hira": "いなもとやっきょく", "name:en": "Inamoto Drugstore", "opening_hours": "Mo,Tu,We,Th,Fr,Sa 09:00-19:00; PH 09:00-18:00; Jan 01-Jan 03 off", "addr:full": "高知県高知市愛宕町２丁目１８－２２", "addr:country": "JP", "addr:province": "高知県", "addr:city": "高知市", "addr:neighbourhood": "愛宕町二丁目", "addr:block_number": "18", "addr:housenumber": "22", "source": "厚生労働省 医療情報ネットのオープンデータ (2026-06-01)", "_id": "3955395001360", "_座標の出典": "原データ"}}, {"type": "Feature", "geometry": {"type": "Point", "coordinates": [133.544908, 33.557843]}, "properties": {"amenity": "pharmacy", "healthcare": "pharmacy", "name": "テラオ薬局", "official_name": "テラオ薬局", "name:ja-Hira": "てらおやっきょく", "name:ja-Latn": "Terao Yakkyoku", "opening_hours": "Mo,Tu,We,Th,Fr 09:00-18:00; Sa 09:00-17:00; PH off; Dec 29-Jan 03 off", "website": "http://www.terao-kochi.co.jp/kanpou/", "addr:full": "高知県高知市南はりまや町２－５－１９", "addr:country": "JP", "addr:province": "高知県", "addr:city": "高知市", "addr:neighbourhood": "南はりまや町二丁目", "addr:block_number": "5", "addr:housenumber": "19", "source": "厚生労働省 医療情報ネットのオープンデータ (2026-06-01)", "_id": "3955395001420", "_座標の出典": "原データ"}}, {"type": "Feature", "geometry": {"type": "Point", "coordinates": [133.545448, 33.548923]}, "properties": {"amenity": "pharmacy", "healthcare": "pharmacy", "name": "ケンコー薬局", "official_name": "ケンコー薬局", "name:ja-Hira": "けんこーやっきょく", "name:ja-Latn": "Kenkoyakkyoku", "opening_hours": "Mo,Tu,Th 09:00-18:00; We 09:00-13:00; Fr 09:00-17:00; Sa 09:00-16:00; PH off", "addr:full": "高知県高知市百石町２－９－１５", "addr:country": "JP", "addr:province": "高知県", "addr:city": "高知市", "addr:neighbourhood": "百石町二丁目", "addr:block_number": "9", "addr:housenumber": "15", "source": "厚生労働省 医療情報ネットのオープンデータ (2026-06-01)", "_id": "3955395001580", "_座標の出典": "原データ"}}, {"type": "Feature", "geometry": {"type": "Point", "coordinates": [133.572518, 33.558539]}, "properties": {"amenity": "pharmacy", "healthcare": "pharmacy", "name": "あっぷる・ふぁ~ましぃ", "official_name": "あっぷる・ふぁ～ましぃ", "name:ja-Hira": "あっぷる ふぁーましぃ", "name:en": "APPLE PHARMACY", "opening_hours": "Mo,Tu,We,Th,Fr 09:00-18:00; Sa 09:00-17:00; PH off", "addr:full": "高知県高知市葛島１丁目１０番７５号（ファミリープラザ内）", "addr:country": "JP", "addr:province": "高知県", "addr:city": "高知市", "addr:neighbourhood": "葛島一丁目", "addr:block_number": "10", "addr:housenumber": "75", "source": "厚生労働省 医療情報ネットのオープンデータ (2026-06-01)", "_id": "3955395001610", "_座標の出典": "原データ"}}, {"type": "Feature", "geometry": {"type": "Point", "coordinates": [133.528783, 33.572252]}, "properties": {"amenity": "pharmacy", "healthcare": "pharmacy", "name": "白十字薬局 一ツ橋店", "official_name": "白十字薬局　一ツ橋店", "name:ja-Hira": "はくじゅうじやっきょく ひとつばしてん", "name:ja-Latn": "Hakujuuziyakkyoku Hitotsubashiten", "opening_hours": "Mo,Tu,We,Fr 09:00-18:30; Sa 09:00-17:30; PH off", "addr:full": "高知県高知市一ツ橋町２丁目１７６番地", "addr:country": "JP", "addr:province": "高知県", "addr:city": "高知市", "addr:neighbourhood": "一ツ橋町二丁目", "source": "厚生労働省 医療情報ネットのオープンデータ (2026-06-01)", "_id": "3955395001710", "_座標の出典": "原データ"}}, {"type": "Feature", "geometry": {"type": "Point", "coordinates": [133.523812, 33.557607]}, "properties": {"amenity": "pharmacy", "healthcare": "pharmacy", "name": "上町薬局", "official_name": "上町薬局", "name:ja-Hira": "かみまちやっきょく", "name:ja-Latn": "Kamimachi Yakkyoku", "opening_hours": "Mo,Th 08:30-17:30; Tu,We,Fr 08:30-18:00; Sa 08:30-12:30; PH off; Dec 30-Jan 03 off", "website": "https://kochi-chozai.co.jp/", "addr:full": "高知県高知市上町２丁目２－１２", "addr:country": "JP", "addr:province": "高知県", "addr:city": "高知市", "addr:neighbourhood": "上町二丁目", "addr:block_number": "2", "addr:housenumber": "12", "source": "厚生労働省 医療情報ネットのオープンデータ (2026-06-01)", "_id": "3955395001790", "_座標の出典": "原データ"}}, {"type": "Feature", "geometry": {"type": "Point", "coordinates": [133.525237, 33.557976]}, "properties": {"amenity": "pharmacy", "healthcare": "pharmacy", "name": "ユーミン薬局", "official_name": "有限会社ユーミン薬局", "opening_hours": "Mo,Tu,We,Th,Fr 09:00-18:00; Sa 09:00-14:00; PH off; Dec 30-Jan 03 off", "addr:full": "高知県高知市上町１丁目４番２０号　渡辺ビル", "addr:country": "JP", "addr:province": "高知県", "addr:city": "高知市", "addr:neighbourhood": "上町一丁目", "addr:block_number": "4", "addr:housenumber": "20", "source": "厚生労働省 医療情報ネットのオープンデータ (2026-06-01)", "_id": "3955395001890", "_座標の出典": "原データ"}}, {"type": "Feature", "geometry": {"type": "Point", "coordinates": [133.516688, 33.553959]}, "properties": {"amenity": "pharmacy", "healthcare": "pharmacy", "name": "スプリング薬局", "official_name": "スプリング薬局", "name:ja-Hira": "すぷりんぐやっきょく", "name:ja-Latn": "Supuringu Yakkyoku", "opening_hours": "Mo,Tu,We,Th,Fr,Sa 08:30-19:00; Sa[4] off; PH off; Dec 31-Jan 04 off", "addr:full": "高知県高知市石立町７５－１", "addr:country": "JP", "addr:province": "高知県", "addr:city": "高知市", "addr:neighbourhood": "石立町", "source": "厚生労働省 医療情報ネットのオープンデータ (2026-06-01)", "_id": "3955395001920", "_座標の出典": "原データ"}}, {"type": "Feature", "geometry": {"type": "Point", "coordinates": [133.545004, 33.564227]}, "properties": {"amenity": "pharmacy", "healthcare": "pharmacy", "name": "相生薬局", "official_name": "相生薬局", "name:ja-Hira": "あいおいやっきょく", "name:ja-Latn": "Aioi Yakkyoku", "opening_hours": "Mo,Tu,We,Th,Fr 08:30-17:30; Sa 08:30-12:30; PH off; Dec 30-Jan 03 off", "website": "https://kochi-chozai.co.jp/", "addr:full": "高知県高知市相生町３－３０", "addr:country": "JP", "addr:province": "高知県", "addr:city": "高知市", "addr:neighbourhood": "相生町", "addr:block_number": "3", "addr:housenumber": "30", "source": "厚生労働省 医療情報ネットのオープンデータ (2026-06-01)", "_id": "3955395001940", "_座標の出典": "原データ"}}, {"type": "Feature", "geometry": {"type": "Point", "coordinates": [133.542055, 33.564626]}, "properties": {"amenity": "pharmacy", "healthcare": "pharmacy", "name": "ベル薬局", "official_name": "ベル薬局", "name:ja-Hira": "べるやっきょく", "name:en": "BELLE pharmacy", "opening_hours": "Mo,Th 09:00-19:00; Tu,We,Fr 09:00-18:00; Sa 09:00-13:00; PH off; Dec 31-Jan 03 off", "website": "http://www.belle-ph.com/", "addr:full": "高知県高知市北本町１－１－２", "addr:country": "JP", "addr:province": "高知県", "addr:city": "高知市", "addr:neighbourhood": "北本町一丁目", "addr:block_number": "1", "addr:housenumber": "2", "source": "厚生労働省 医療情報ネットのオープンデータ (2026-06-01)", "_id": "3955395001970", "_座標の出典": "原データ"}}, {"type": "Feature", "geometry": {"type": "Point", "coordinates": [133.539555, 33.560026]}, "properties": {"amenity": "pharmacy", "healthcare": "pharmacy", "name": "つちばし薬局 本店", "official_name": "つちばし薬局　本店", "name:ja-Hira": "つちばしやっきょく ほんてん", "name:ja-Latn": "Tsuchibashi Yakkyoku Honten", "opening_hours": "Mo,Tu,We,Th,Fr,Sa 09:30-19:00; Su 10:00-18:00; PH off; Dec 30-Jan 03 off || off \"GWは休診\"", "website": "https://www.tsuchibashi.co.jp/", "addr:full": "高知県高知市本町１－１－３", "addr:country": "JP", "addr:province": "高知県", "addr:city": "高知市", "addr:neighbourhood": "本町一丁目", "addr:block_number": "1", "addr:housenumber": "3", "source": "厚生労働省 医療情報ネットのオープンデータ (2026-06-01)", "_id": "3955395001990", "_座標の出典": "原データ"}}, {"type": "Feature", "geometry": {"type": "Point", "coordinates": [133.543789, 33.553225]}, "properties": {"amenity": "pharmacy", "healthcare": "pharmacy", "name": "つちばし薬局 梅ノ辻店", "official_name": "つちばし薬局　梅ノ辻店", "name:ja-Hira": "つちばしやっきょく うめのつじてん", "opening_hours": "Mo,Th 09:00-18:30; Tu,Fr 09:00-18:00; We 09:00-17:00; Sa 09:00-17:30; PH off; Dec 30-Jan 03 off || off \"GWは休診\"", "website": "https://www.tsuchibashi.co.jp/", "addr:full": "高知県高知市梅ノ辻８ー１１", "addr:country": "JP", "addr:province": "高知県", "addr:city": "高知市", "addr:neighbourhood": "梅ノ辻", "addr:block_number": "8", "addr:housenumber": "11", "source": "厚生労働省 医療情報ネットのオープンデータ (2026-06-01)", "_id": "3955395002040", "_座標の出典": "原データ"}}, {"type": "Feature", "geometry": {"type": "Point", "coordinates": [133.495088, 33.560814]}, "properties": {"amenity": "pharmacy", "healthcare": "pharmacy", "name": "アイン薬局 塚ノ原店", "official_name": "アイン薬局　塚ノ原店", "name:ja-Hira": "あいんやっきょく つかのはらてん", "name:ja-Latn": "Ainyakkyoku Tukanoharatenn", "opening_hours": "Mo,Tu,We,Th,Fr 08:30-18:00; Sa,Su,PH 08:30-17:00", "website": "https://www.ainj.co.jp", "addr:full": "高知県高知市塚ノ原", "addr:country": "JP", "addr:province": "高知県", "addr:city": "高知市", "addr:neighbourhood": "塚ノ原", "source": "厚生労働省 医療情報ネットのオープンデータ (2026-06-01)", "_id": "3955395002050", "_座標の出典": "原データ"}}, {"type": "Feature", "geometry": {"type": "Point", "coordinates": [133.507952, 33.554477]}, "properties": {"amenity": "pharmacy", "healthcare": "pharmacy", "name": "しもじま薬局", "official_name": "しもじま薬局", "name:ja-Hira": "しもじまやっきょく", "name:ja-Latn": "Shimojima Yakkyoku", "opening_hours": "Mo,Tu,We,Th,Fr 08:30-18:00; Sa 08:30-12:30; PH off; Dec 31-Jan 03 off", "website": "https://kochi-chozai.co.jp/", "addr:full": "高知県高知市下島町１０番地", "addr:country": "JP", "addr:province": "高知県", "addr:city": "高知市", "addr:neighbourhood": "下島町", "source": "厚生労働省 医療情報ネットのオープンデータ (2026-06-01)", "_id": "3955395002060", "_座標の出典": "原データ"}}, {"type": "Feature", "geometry": {"type": "Point", "coordinates": [133.525915, 33.557976]}, "properties": {"amenity": "pharmacy", "healthcare": "pharmacy", "name": "玄白堂", "official_name": "株式会社　玄白堂", "name:en": "Genpakudou Drugstore", "opening_hours": "Mo,Tu,We,Th,Fr 08:30-18:00; Sa 08:30-17:00; PH off; Dec 31-Jan 03 off", "addr:full": "高知県高知市上町１丁目４－２５", "addr:country": "JP", "addr:province": "高知県", "addr:city": "高知市", "addr:neighbourhood": "上町一丁目", "addr:block_number": "4", "addr:housenumber": "25", "source": "厚生労働省 医療情報ネットのオープンデータ (2026-06-01)", "_id": "3955395002080", "_座標の出典": "原データ"}}, {"type": "Feature", "geometry": {"type": "Point", "coordinates": [133.486395, 33.537431]}, "properties": {"amenity": "pharmacy", "healthcare": "pharmacy", "name": "さくら薬局", "official_name": "さくら薬局", "name:ja-Hira": "さくらやっきょく", "name:ja-Latn": "Sakura Yakkyoku", "opening_hours": "Mo,Tu,We,Th,Fr 09:00-18:00; Sa 09:00-13:00; PH off; Dec 31-Jan 03 off", "website": "http://sakuramedico.jp/sakura/index.html", "addr:full": "高知県高知市朝倉戊１４３８番地１１", "addr:country": "JP", "addr:province": "高知県", "addr:city": "高知市", "addr:neighbourhood": "朝倉戊", "source": "厚生労働省 医療情報ネットのオープンデータ (2026-06-01)", "_id": "3955395002090", "_座標の出典": "原データ"}}, {"type": "Feature", "geometry": {"type": "Point", "coordinates": [133.574142, 33.523826]}, "properties": {"amenity": "pharmacy", "healthcare": "pharmacy", "name": "みさと薬局", "official_name": "みさと薬局", "name:ja-Hira": "みさとやっきょく", "name:ja-Latn": "Misato Yakkyoku", "opening_hours": "Mo,Tu,We,Th,Fr 09:00-18:00; Sa 09:00-13:00; PH off; Dec 30-Jan 03 off", "addr:full": "高知県高知市十津三丁目６番３１号", "addr:country": "JP", "addr:province": "高知県", "addr:city": "高知市", "addr:neighbourhood": "十津三丁目", "addr:block_number": "6", "addr:housenumber": "31", "source": "厚生労働省 医療情報ネットのオープンデータ (2026-06-01)", "_id": "3955395002100", "_座標の出典": "原データ"}}, {"type": "Feature", "geometry": {"type": "Point", "coordinates": [133.522768, 33.559923]}, "properties": {"amenity": "pharmacy", "healthcare": "pharmacy", "name": "アイン薬局大膳町店", "official_name": "アイン薬局大膳町店", "name:ja-Hira": "あいんやっきょくだいぜんちょうてん", "name:ja-Latn": "Ainyakkyokudaizentyouten", "opening_hours": "Mo,Tu,We,Th,Fr 09:00-18:00; Sa 09:00-15:00; PH off; Dec 31-Jan 03 off", "website": "https://www.ainj.co.jp", "addr:full": "高知県高知市大膳町４０", "addr:country": "JP", "addr:province": "高知県", "addr:city": "高知市", "addr:neighbourhood": "大膳町", "source": "厚生労働省 医療情報ネットのオープンデータ (2026-06-01)", "_id": "3955395002110", "_座標の出典": "原データ"}}, {"type": "Feature", "geometry": {"type": "Point", "coordinates": [133.610278, 33.57717]}, "properties": {"amenity": "pharmacy", "healthcare": "pharmacy", "name": "ブルークロス調剤薬局 大津店", "official_name": "ブルークロス調剤薬局　大津店", "name:ja-Hira": "ぶるーくろすちょうざいやっきょく おおつてん", "name:en": "Bluecross Drugstore Ootsu", "opening_hours": "Mo,Tu,We,Fr,Sa 09:00-18:00; Th 09:00-17:00; PH off; Dec 31-Jan 03 off", "website": "http://bluecross.co.jp/", "addr:full": "高知県高知市大津甲６０１", "addr:country": "JP", "addr:province": "高知県", "addr:city": "高知市", "addr:neighbourhood": "大津甲", "source": "厚生労働省 医療情報ネットのオープンデータ (2026-06-01)", "_id": "3955395002260", "_座標の出典": "原データ"}}, {"type": "Feature", "geometry": {"type": "Point", "coordinates": [133.549009, 33.501345]}, "properties": {"amenity": "pharmacy", "healthcare": "pharmacy", "name": "岡本平和薬局", "official_name": "岡本平和薬局", "name:ja-Hira": "おかもとへいわやっきょく", "name:ja-Latn": "Okamoto Heiwa Yakkyoku", "opening_hours": "Mo,Tu,We,Th,Fr,Sa 09:00-19:00; PH off; Jan 01-Jan 03 off", "addr:full": "高知県高知市長浜５８９", "addr:country": "JP", "addr:province": "高知県", "addr:city": "高知市", "addr:neighbourhood": "長浜", "source": "厚生労働省 医療情報ネットのオープンデータ (2026-06-01)", "_id": "3955395002320", "_座標の出典": "原データ"}}, {"type": "Feature", "geometry": {"type": "Point", "coordinates": [133.50139, 33.540319]}, "properties": {"amenity": "pharmacy", "healthcare": "pharmacy", "name": "玄白堂薬局 神田店 厚生調剤薬局", "official_name": "玄白堂薬局　神田店　厚生調剤薬局", "name:ja-Hira": "げんぱくどうやっきょく こうだてん こうせいちょうざいやっきょく", "name:en": "Genpakudou Pharmacy", "opening_hours": "Mo,Tu,We,Th,Fr 09:00-18:00; PH off; Dec 29-Jan 03 off", "addr:full": "高知県高知市神田１９－５", "addr:country": "JP", "addr:province": "高知県", "addr:city": "高知市", "addr:neighbourhood": "神田", "source": "厚生労働省 医療情報ネットのオープンデータ (2026-06-01)", "_id": "3955395002330", "_座標の出典": "原データ"}}, {"type": "Feature", "geometry": {"type": "Point", "coordinates": [133.522599, 33.557818]}, "properties": {"amenity": "pharmacy", "healthcare": "pharmacy", "name": "長崎宝珠堂薬局", "official_name": "長崎宝珠堂薬局", "name:ja-Hira": "ながさきほうじゅどうやっきょく", "opening_hours": "Mo,Tu,We,Th,Fr 10:00-18:00; Sa 10:00-13:00; PH off; Dec 31-Jan 03 off", "addr:full": "高知県高知市上町３丁目５－１２", "addr:country": "JP", "addr:province": "高知県", "addr:city": "高知市", "addr:neighbourhood": "上町三丁目", "addr:block_number": "5", "addr:housenumber": "12", "source": "厚生労働省 医療情報ネットのオープンデータ (2026-06-01)", "_id": "3955395002350", "_座標の出典": "原データ"}}, {"type": "Feature", "geometry": {"type": "Point", "coordinates": [133.522257, 33.558143]}, "properties": {"amenity": "pharmacy", "healthcare": "pharmacy", "name": "長崎宝珠堂薬局西店", "official_name": "長崎宝珠堂薬局西店", "name:ja-Hira": "ながさきほうじゅどうやっきょくにしみせ", "name:ja-Latn": "Nagasakihoujudou Yakkyoku Nishimise", "opening_hours": "Mo,Tu,We,Th,Fr 09:00-18:00; Sa 09:00-13:00; PH off; Dec 31-Jan 03 off", "addr:full": "高知県高知市上町３丁目３－１", "addr:country": "JP", "addr:province": "高知県", "addr:city": "高知市", "addr:neighbourhood": "上町三丁目", "addr:block_number": "3", "addr:housenumber": "1", "source": "厚生労働省 医療情報ネットのオープンデータ (2026-06-01)", "_id": "3955395002360", "_座標の出典": "原データ"}}, {"type": "Feature", "geometry": {"type": "Point", "coordinates": [133.501365, 33.566258]}, "properties": {"amenity": "pharmacy", "healthcare": "pharmacy", "name": "よこうち薬局", "official_name": "よこうち薬局", "name:ja-Hira": "よこうちやっきょく", "name:ja-Latn": "Yokouchi Yakkyoku", "opening_hours": "Mo,Tu,We,Th,Fr 09:00-18:30; Sa 09:00-13:00; PH off; Dec 30-Jan 03 off", "addr:full": "高知県高知市横内４５２", "addr:country": "JP", "addr:province": "高知県", "addr:city": "高知市", "addr:neighbourhood": "横内", "source": "厚生労働省 医療情報ネットのオープンデータ (2026-06-01)", "_id": "3955395002370", "_座標の出典": "原データ"}}, {"type": "Feature", "geometry": {"type": "Point", "coordinates": [133.536997, 33.56578]}, "properties": {"amenity": "pharmacy", "healthcare": "pharmacy", "name": "とまと薬局", "official_name": "とまと薬局", "name:ja-Hira": "とまとやっきょく", "name:ja-Latn": "Tomato Yakkyoku", "opening_hours": "Mo,Tu,We,Th,Fr 09:00-18:00; Sa 09:00-13:00; PH off; Dec 31-Jan 03 off", "website": "https://medico-drugfarm.jp/", "addr:full": "高知県高知市愛宕町１丁目４ー９", "addr:country": "JP", "addr:province": "高知県", "addr:city": "高知市", "addr:neighbourhood": "愛宕町一丁目", "addr:block_number": "4", "addr:housenumber": "9", "source": "厚生労働省 医療情報ネットのオープンデータ (2026-06-01)", "_id": "3955395002400", "_座標の出典": "原データ"}}, {"type": "Feature", "geometry": {"type": "Point", "coordinates": [133.55522, 33.567854]}, "properties": {"amenity": "pharmacy", "healthcare": "pharmacy", "name": "あじさい薬局 杉井流店", "official_name": "あじさい薬局　杉井流店", "name:ja-Hira": "あじさいやっきょく すぎいるてん", "name:en": "AJISAI PHARMACY AJISAI YAKKYOKU", "opening_hours": "Mo,Tu,We,Fr 09:00-18:00; Sa 09:00-15:00; Th unknown; PH off; Dec 31-Jan 03 off", "website": "http://www.drug-kuroshio.co.jp/index.htm", "addr:full": "高知県高知市杉井流２－３", "addr:country": "JP", "addr:province": "高知県", "addr:city": "高知市", "addr:neighbourhood": "杉井流", "addr:block_number": "2", "addr:housenumber": "3", "source": "厚生労働省 医療情報ネットのオープンデータ (2026-06-01)", "_id": "3955395002410", "_座標の出典": "原データ"}}, {"type": "Feature", "geometry": {"type": "Point", "coordinates": [133.525271, 33.557148]}, "properties": {"amenity": "pharmacy", "healthcare": "pharmacy", "name": "城西薬局", "official_name": "城西薬局", "name:ja-Hira": "じょうせいやっきょく", "name:ja-Latn": "Jyousei Yakkyoku", "opening_hours": "Mo,Tu,We,Th,Fr 09:00-18:00; Sa 09:00-13:30; Sa[2] off; PH off; Dec 30-Jan 03 off", "addr:full": "高知県高知市上町１丁目７－２７", "addr:country": "JP", "addr:province": "高知県", "addr:city": "高知市", "addr:neighbourhood": "上町一丁目", "addr:block_number": "7", "addr:housenumber": "27", "source": "厚生労働省 医療情報ネットのオープンデータ (2026-06-01)", "_id": "3955395002440", "_座標の出典": "原データ"}}, {"type": "Feature", "geometry": {"type": "Point", "coordinates": [133.501307, 33.540319]}, "properties": {"amenity": "pharmacy", "healthcare": "pharmacy", "name": "厚生薬局", "official_name": "ブルークロス　厚生薬局", "name:en": "Kousei Drugstore", "opening_hours": "Mo,Tu,We,Th,Fr 09:00-18:00; Sa 09:00-12:00; PH off; Dec 29-Jan 03 off", "website": "http://bluecross.co.jp/", "addr:full": "高知県高知市神田１９－１５", "addr:country": "JP", "addr:province": "高知県", "addr:city": "高知市", "addr:neighbourhood": "神田", "source": "厚生労働省 医療情報ネットのオープンデータ (2026-06-01)", "_id": "3955395002470", "_座標の出典": "原データ"}}, {"type": "Feature", "geometry": {"type": "Point", "coordinates": [133.485741, 33.542635]}, "properties": {"amenity": "pharmacy", "healthcare": "pharmacy", "name": "若草薬局", "official_name": "有限会社若草薬局", "opening_hours": "Mo,Tu,We,Th,Fr 09:00-18:00; Sa 09:00-13:00; PH off; Dec 30-Jan 03 off", "addr:full": "高知県高知市鵜来巣", "addr:country": "JP", "addr:province": "高知県", "addr:city": "高知市", "addr:neighbourhood": "鵜来巣", "source": "厚生労働省 医療情報ネットのオープンデータ (2026-06-01)", "_id": "3955395002480", "_座標の出典": "原データ"}}, {"type": "Feature", "geometry": {"type": "Point", "coordinates": [133.567588, 33.583099]}, "properties": {"amenity": "pharmacy", "healthcare": "pharmacy", "name": "つちばし薬局 一宮店", "official_name": "つちばし薬局　一宮店", "name:ja-Hira": "つちばしやくきょく いっくてん", "opening_hours": "Mo,Tu,We,Th,Fr 09:00-18:00; Sa 09:00-13:00; PH off; Dec 30-Jan 03 off || off \"GWは休診\"", "website": "https://www.tsuchibashi.co.jp/", "addr:full": "高知県高知市一宮西町１－３－９", "addr:country": "JP", "addr:province": "高知県", "addr:city": "高知市", "addr:neighbourhood": "一宮西町一丁目", "addr:block_number": "3", "addr:housenumber": "9", "source": "厚生労働省 医療情報ネットのオープンデータ (2026-06-01)", "_id": "3955395002550", "_座標の出典": "原データ"}}, {"type": "Feature", "geometry": {"type": "Point", "coordinates": [133.555527, 33.579698]}, "properties": {"amenity": "pharmacy", "healthcare": "pharmacy", "name": "病院通薬局あぞの店", "official_name": "病院通薬局あぞの店", "name:ja-Hira": "びょういんどおりやっきょくあぞのてん", "name:ja-Latn": "Byouindouriyakkyokuazonoten", "opening_hours": "Mo,Tu,We,Th,Fr,Sa 08:30-17:30; PH off; Dec 30-Jan 03 off", "website": "https://www.kurisu-p.com/", "addr:full": "高知県高知市薊野北町２丁目１０番５１－１４号", "addr:country": "JP", "addr:province": "高知県", "addr:city": "高知市", "addr:neighbourhood": "薊野北町二丁目", "addr:block_number": "10", "addr:housenumber": "51-14", "source": "厚生労働省 医療情報ネットのオープンデータ (2026-06-01)", "_id": "3955395002620", "_座標の出典": "原データ"}}, {"type": "Feature", "geometry": {"type": "Point", "coordinates": [133.555236, 33.579609]}, "properties": {"amenity": "pharmacy", "healthcare": "pharmacy", "name": "ダイリン薬局", "official_name": "ダイリン薬局", "name:ja-Hira": "だいりんやっきょく", "name:ja-Latn": "Dairin Yakkyoku", "opening_hours": "Mo,Tu,We,Th,Fr 09:00-18:00; Sa 08:30-17:30; PH off; Dec 30-Jan 03 off", "website": "http://www.kurisu-p.com", "addr:full": "高知県高知市薊野北町二丁目１０番１号", "addr:country": "JP", "addr:province": "高知県", "addr:city": "高知市", "addr:neighbourhood": "薊野北町二丁目", "addr:block_number": "10", "addr:housenumber": "1", "source": "厚生労働省 医療情報ネットのオープンデータ (2026-06-01)", "_id": "3955395002630", "_座標の出典": "原データ"}}, {"type": "Feature", "geometry": {"type": "Point", "coordinates": [133.543259, 33.56844]}, "properties": {"amenity": "pharmacy", "healthcare": "pharmacy", "name": "にしもり薬局", "official_name": "にしもり薬局", "name:ja-Hira": "にしもりやっきょく", "name:ja-Latn": "Nishimori Yakkyoku", "opening_hours": "Mo,Tu,We,Th,Fr 09:00-19:00; Sa 09:00-18:00; PH off; Dec 30-Jan 03 off", "website": "https://www.kusurinomadoguchi.com/kochi/s1000000180", "addr:full": "高知県高知市新本町１ー１－１６", "addr:country": "JP", "addr:province": "高知県", "addr:city": "高知市", "addr:neighbourhood": "新本町一丁目", "addr:block_number": "1", "addr:housenumber": "16", "source": "厚生労働省 医療情報ネットのオープンデータ (2026-06-01)", "_id": "3955395002650", "_座標の出典": "原データ"}}, {"type": "Feature", "geometry": {"type": "Point", "coordinates": [133.486383, 33.543135]}, "properties": {"amenity": "pharmacy", "healthcare": "pharmacy", "name": "朝倉薬局", "official_name": "有限会社　朝倉薬局", "opening_hours": "Mo,Tu,We,Th,Fr 08:30-18:30; Sa 08:30-15:30; PH off; Dec 30-Jan 03 off", "addr:full": "高知県高知市若草町１６－２２", "addr:country": "JP", "addr:province": "高知県", "addr:city": "高知市", "addr:neighbourhood": "若草町", "addr:block_number": "16", "addr:housenumber": "22", "source": "厚生労働省 医療情報ネットのオープンデータ (2026-06-01)", "_id": "3955395002700", "_座標の出典": "原データ"}}, {"type": "Feature", "geometry": {"type": "Point", "coordinates": [133.545541, 33.501236]}, "properties": {"amenity": "pharmacy", "healthcare": "pharmacy", "name": "ながはま薬局", "official_name": "ながはま薬局", "name:ja-Hira": "ながはまやっきょく", "name:ja-Latn": "Nagahama Yakkyoku", "opening_hours": "Mo,Tu,We,Th,Fr 08:30-18:30; Sa 08:30-17:30; PH off", "addr:full": "高知県高知市長浜６７７－１０", "addr:country": "JP", "addr:province": "高知県", "addr:city": "高知市", "addr:neighbourhood": "長浜", "source": "厚生労働省 医療情報ネットのオープンデータ (2026-06-01)", "_id": "3955395002760", "_座標の出典": "原データ"}}, {"type": "Feature", "geometry": {"type": "Point", "coordinates": [133.536874, 33.568947]}, "properties": {"amenity": "pharmacy", "healthcare": "pharmacy", "name": "江ノ口薬局", "official_name": "ブルークロス　江ノ口薬局", "name:en": "Enokuchi Drugstore", "opening_hours": "Mo,Tu,We,Fr 08:30-18:30; Th 08:30-17:00; Sa 08:30-17:30; PH off; Dec 31-Jan 03 off", "website": "http://bluecross.co.jp/", "addr:full": "高知県高知市愛宕町２－２２－２", "addr:country": "JP", "addr:province": "高知県", "addr:city": "高知市", "addr:neighbourhood": "愛宕町二丁目", "addr:block_number": "22", "addr:housenumber": "2", "source": "厚生労働省 医療情報ネットのオープンデータ (2026-06-01)", "_id": "3955395002770", "_座標の出典": "原データ"}}, {"type": "Feature", "geometry": {"type": "Point", "coordinates": [133.536745, 33.556968]}, "properties": {"amenity": "pharmacy", "healthcare": "pharmacy", "name": "ブルークロス調剤薬局 本町店", "official_name": "ブルークロス調剤薬局　本町店", "name:ja-Hira": "ぶるーくろすちょうざいやっきょく ほんまちてん", "name:en": "Bluecross Drugstore Honmachi", "opening_hours": "Mo,Tu,We,Th,Fr 09:00-18:00; Sa 09:00-13:00; PH off; Dec 30-Jan 03 off", "website": "http://bluecross.co.jp/", "addr:full": "高知県高知市鷹匠町１－１－２３", "addr:country": "JP", "addr:province": "高知県", "addr:city": "高知市", "addr:neighbourhood": "鷹匠町一丁目", "addr:block_number": "1", "addr:housenumber": "23", "source": "厚生労働省 医療情報ネットのオープンデータ (2026-06-01)", "_id": "3955395002810", "_座標の出典": "原データ"}}, {"type": "Feature", "geometry": {"type": "Point", "coordinates": [133.512889, 33.563933]}, "properties": {"amenity": "pharmacy", "healthcare": "pharmacy", "name": "かめや薬局", "official_name": "有限会社かめや薬局", "name:en": "Kameya Drugstore", "opening_hours": "Tu,We,Th,Fr,Sa 09:00-18:00; PH off; Dec 29-Jan 03 off", "website": "http://kameya8.com", "addr:full": "高知県高知市福井東町３５－１１", "addr:country": "JP", "addr:province": "高知県", "addr:city": "高知市", "addr:neighbourhood": "福井東町", "addr:block_number": "35", "addr:housenumber": "11", "source": "厚生労働省 医療情報ネットのオープンデータ (2026-06-01)", "_id": "3955395002820", "_座標の出典": "原データ"}}, {"type": "Feature", "geometry": {"type": "Point", "coordinates": [133.551996, 33.561447]}, "properties": {"amenity": "pharmacy", "healthcare": "pharmacy", "name": "西村薬局", "official_name": "西村薬局", "name:ja-Hira": "にしむら やっきょく", "name:en": "NISHIMURA Drugstore", "opening_hours": "Mo,Tu,We,Th,Fr,Sa 09:00-20:30; PH off; Jan 01-Jan 03 off", "addr:full": "高知県高知市桜井町２－４－１２", "addr:country": "JP", "addr:province": "高知県", "addr:city": "高知市", "addr:neighbourhood": "桜井町二丁目", "addr:block_number": "4", "addr:housenumber": "12", "source": "厚生労働省 医療情報ネットのオープンデータ (2026-06-01)", "_id": "3955395002870", "_座標の出典": "原データ"}}, {"type": "Feature", "geometry": {"type": "Point", "coordinates": [133.511006, 33.555865]}, "properties": {"amenity": "pharmacy", "healthcare": "pharmacy", "name": "アクア薬局", "official_name": "アクア薬局", "name:ja-Hira": "あくあやっきょく", "name:ja-Latn": "Aqua Yakkyoku", "opening_hours": "Mo,Tu,We,Fr 08:30-17:30; Th 08:30-12:00; Sa 08:30-14:00; PH off; Dec 30-Jan 03 off", "addr:full": "高知県高知市旭町２丁目２３－３０", "addr:country": "JP", "addr:province": "高知県", "addr:city": "高知市", "addr:neighbourhood": "旭町二丁目", "source": "厚生労働省 医療情報ネットのオープンデータ (2026-06-01)", "_id": "3955395002910", "_座標の出典": "原データ"}}, {"type": "Feature", "geometry": {"type": "Point", "coordinates": [134.00879, 33.428819]}, "properties": {"amenity": "pharmacy", "healthcare": "pharmacy", "name": "はまゆう薬局", "official_name": "はまゆう薬局", "name:ja-Hira": "はまゆうやっきょく", "name:ja-Latn": "Hamayu Yakkyoku", "opening_hours": "Mo,Tu,We,Th,Fr 08:30-17:30; Sa 08:30-12:30; PH off; Jan 01-Jan 03,May 03-May 05 off", "website": "https://kochi-chozai.co.jp/", "addr:full": "高知県安芸郡田野町１８１０－２", "addr:country": "JP", "addr:province": "高知県", "addr:county": "安芸郡", "addr:city": "田野町", "source": "厚生労働省 医療情報ネットのオープンデータ (2026-06-01)", "_id": "3955395002980", "_座標の出典": "原データ"}}, {"type": "Feature", "geometry": {"type": "Point", "coordinates": [133.907311, 33.499194]}, "properties": {"amenity": "pharmacy", "healthcare": "pharmacy", "name": "西田屋薬局", "official_name": "西田屋薬局", "name:ja-Hira": "にしだややっきょく", "name:ja-Latn": "Nisidayayakkyoku", "opening_hours": "Mo,Tu,We,Th,Fr,Sa 09:00-19:30; PH 09:00-16:00; Jan 01 off", "addr:full": "高知県安芸市本町", "addr:country": "JP", "addr:province": "高知県", "addr:city": "安芸市", "source": "厚生労働省 医療情報ネットのオープンデータ (2026-06-01)", "_id": "3955395003000", "_座標の出典": "原データ"}}, {"type": "Feature", "geometry": {"type": "Point", "coordinates": [133.979358, 33.436829]}, "properties": {"amenity": "pharmacy", "healthcare": "pharmacy", "name": "いちまる薬局", "official_name": "いちまる薬局", "name:ja-Hira": "いちまるやっきょく", "name:en": "Kampo Itimaru Pharmacy", "opening_hours": "Mo,Tu,We,Fr,Sa 09:00-17:00; PH off; Dec 30-Jan 05 off", "website": "https://www.facebook.com/itimarukampo", "addr:full": "高知県安芸郡安田町安田１６９０−２", "addr:country": "JP", "addr:province": "高知県", "addr:county": "安芸郡", "addr:city": "安田町", "addr:neighbourhood": "大字安田", "source": "厚生労働省 医療情報ネットのオープンデータ (2026-06-01)", "_id": "3955395003050", "_座標の出典": "原データ"}}, {"type": "Feature", "geometry": {"type": "Point", "coordinates": [133.809023, 33.521697]}, "properties": {"amenity": "pharmacy", "healthcare": "pharmacy", "name": "芸西薬局", "official_name": "芸西薬局", "name:ja-Hira": "げいせいやっきょく", "name:ja-Latn": "Geisei Yakkyoku", "opening_hours": "Mo,Tu,We,Th,Fr 09:00-18:00; Sa 09:00-13:00; PH off; Dec 30-Jan 03 off", "website": "http://sakuramedico.jp/geisei/index.html", "addr:full": "高知県安芸郡芸西村和食甲１５１３－１", "addr:country": "JP", "addr:province": "高知県", "addr:county": "安芸郡", "addr:city": "芸西村", "addr:quarter": "和食", "addr:neighbourhood": "甲", "source": "厚生労働省 医療情報ネットのオープンデータ (2026-06-01)", "_id": "3955395003060", "_座標の出典": "原データ"}}, {"type": "Feature", "geometry": {"type": "Point", "coordinates": [133.908105, 33.498649]}, "properties": {"amenity": "pharmacy", "healthcare": "pharmacy", "name": "くじら薬局", "official_name": "くじら薬局", "name:ja-Hira": "くじらやっきょく", "name:ja-Latn": "Kujira Yakkyoku", "opening_hours": "Mo,Tu,We,Th,Fr 08:30-18:00; Sa 08:30-13:00; PH off; Dec 31-Jan 03 off", "website": "https://medico-drugfarm.jp/company/", "addr:full": "高知県安芸市本町２－１０－１１", "addr:country": "JP", "addr:province": "高知県", "addr:city": "安芸市", "addr:neighbourhood": "本町二丁目", "addr:block_number": "10", "addr:housenumber": "11", "source": "厚生労働省 医療情報ネットのオープンデータ (2026-06-01)", "_id": "3955395003080", "_座標の出典": "原データ"}}, {"type": "Feature", "geometry": {"type": "Point", "coordinates": [134.028024, 33.43722]}, "properties": {"amenity": "pharmacy", "healthcare": "pharmacy", "name": "元氣堂調剤薬局 なはり店", "official_name": "元氣堂調剤薬局　なはり店", "name:ja-Hira": "げんきどうちょうざいやっきょく なはりてん", "name:ja-Latn": "Genkidoutyouzaiyakkyoku Nahariten", "opening_hours": "Mo,Tu,We,Th,Fr 09:00-17:00; Sa 09:00-12:00; PH off; Dec 31-Jan 03 off", "addr:full": "高知県安芸郡奈半利町乙３７１１－１２", "addr:country": "JP", "addr:province": "高知県", "addr:county": "安芸郡", "addr:city": "奈半利町", "addr:neighbourhood": "乙", "source": "厚生労働省 医療情報ネットのオープンデータ (2026-06-01)", "_id": "3955395003090", "_座標の出典": "原データ"}}, {"type": "Feature", "geometry": {"type": "Point", "coordinates": [134.145665, 33.291742]}, "properties": {"amenity": "pharmacy", "healthcare": "pharmacy", "name": "タキ薬局", "official_name": "タキ薬局", "name:ja-Hira": "たきやっきょく", "opening_hours": "Mo,Tu,We,Th,Fr 09:00-19:00; Sa 09:00-17:00; PH off || off \"GW・お盆は休診\"", "addr:full": "高知県室戸市浮津二番町４４−１", "addr:country": "JP", "addr:province": "高知県", "addr:city": "室戸市", "addr:neighbourhood": "浮津2番町", "source": "厚生労働省 医療情報ネットのオープンデータ (2026-06-01)", "_id": "3955395003150", "_座標の出典": "原データ"}}, {"type": "Feature", "geometry": {"type": "Point", "coordinates": [134.148163, 33.290073]}, "properties": {"amenity": "pharmacy", "healthcare": "pharmacy", "name": "山川ライオン堂薬局", "official_name": "山川ライオン堂薬局", "name:ja-Hira": "やまかわらいおんどうやっきょく", "name:en": "YamaKawaRaionDou pharmacy", "opening_hours": "Mo,Tu,We,Th,Fr 09:00-20:00; Sa 09:00-15:00; PH off; Dec 31-Jan 03 off", "addr:full": "高知県室戸市浮津３６４－１", "addr:country": "JP", "addr:province": "高知県", "addr:city": "室戸市", "addr:neighbourhood": "浮津", "source": "厚生労働省 医療情報ネットのオープンデータ (2026-06-01)", "_id": "3955395003160", "_座標の出典": "原データ"}}, {"type": "Feature", "geometry": {"type": "Point", "coordinates": [134.098813, 33.330977]}, "properties": {"amenity": "pharmacy", "healthcare": "pharmacy", "name": "らいおん堂薬局吉良川店", "official_name": "らいおん堂薬局吉良川店", "name:ja-Hira": "らいおんどうやっきょくきらがわてん", "opening_hours": "Mo,Tu,We,Fr 08:30-18:00; Th 08:30-16:30; Sa 08:30-13:00; PH off; Dec 30-Jan 03,Aug 15 off", "addr:full": "高知県室戸市吉良川町甲３９４７", "addr:country": "JP", "addr:province": "高知県", "addr:city": "室戸市", "addr:neighbourhood": "吉良川町甲", "source": "厚生労働省 医療情報ネットのオープンデータ (2026-06-01)", "_id": "3955395003180", "_座標の出典": "原データ"}}, {"type": "Feature", "geometry": {"type": "Point", "coordinates": [133.68936, 33.606222]}, "properties": {"amenity": "pharmacy", "healthcare": "pharmacy", "name": "大町薬局", "official_name": "大町薬局", "name:ja-Hira": "おおまちやっきょく", "name:ja-Latn": "Omachi Yakkyoku", "opening_hours": "Mo,Tu,We,Fr 09:00-12:30,13:30-20:00; Th 09:00-12:30,13:30-17:00; Sa 09:00-12:30; PH off; Dec 29-Jan 03 off", "addr:full": "高知県香美市土佐山田町東本町３－１－３８", "addr:country": "JP", "addr:province": "高知県", "addr:city": "香美市", "addr:neighbourhood": "土佐山田町東本町三丁目", "addr:block_number": "1", "addr:housenumber": "38", "source": "厚生労働省 医療情報ネットのオープンデータ (2026-06-01)", "_id": "3955395003190", "_座標の出典": "原データ"}}, {"type": "Feature", "geometry": {"type": "Point", "coordinates": [133.714622, 33.6162]}, "properties": {"amenity": "pharmacy", "healthcare": "pharmacy", "name": "神母ノ木薬局", "official_name": "神母ノ木薬局", "name:ja-Hira": "いげのきやっきょく", "name:en": "Igenoki Drugstore", "opening_hours": "Mo,Tu,We,Th,Fr,Sa 08:00-18:00; PH off; Jan 01-Jan 03 off", "addr:full": "高知県香美市土佐山田町神母ノ木３３５－１", "addr:country": "JP", "addr:province": "高知県", "addr:city": "香美市", "addr:neighbourhood": "土佐山田町神母ノ木", "source": "厚生労働省 医療情報ネットのオープンデータ (2026-06-01)", "_id": "3955395003210", "_座標の出典": "原データ"}}, {"type": "Feature", "geometry": {"type": "Point", "coordinates": [133.619902, 33.527089]}, "properties": {"amenity": "pharmacy", "healthcare": "pharmacy", "name": "きしもと薬局 十市店", "official_name": "きしもと薬局　十市店", "name:ja-Hira": "きしもとやっきょく とうちてん", "name:ja-Latn": "Kishimotoyakkyoku Tochiten", "opening_hours": "Mo,Tu,We,Fr 09:00-17:30; Th 09:00-17:00; Sa 09:00-13:00; PH off; Dec 30-Jan 03 off", "addr:full": "高知県南国市十市２６８１番地", "addr:country": "JP", "addr:province": "高知県", "addr:city": "南国市", "addr:neighbourhood": "十市", "source": "厚生労働省 医療情報ネットのオープンデータ (2026-06-01)", "_id": "3955395003280", "_座標の出典": "原データ"}}, {"type": "Feature", "geometry": {"type": "Point", "coordinates": [133.641271, 33.575309]}, "properties": {"amenity": "pharmacy", "healthcare": "pharmacy", "name": "西田順天堂薬局", "official_name": "有限会社　西田順天堂薬局", "opening_hours": "Mo,Tu,We,Th,Fr 09:00-13:30,14:30-18:00; PH off", "website": "http://www.kochi-f.co.jp/nishida/", "addr:full": "高知県南国市大そね甲１７０５", "addr:country": "JP", "addr:province": "高知県", "addr:city": "南国市", "source": "厚生労働省 医療情報ネットのオープンデータ (2026-06-01)", "_id": "3955395003310", "_座標の出典": "原データ"}}, {"type": "Feature", "geometry": {"type": "Point", "coordinates": [133.64697, 33.572596]}, "properties": {"amenity": "pharmacy", "healthcare": "pharmacy", "name": "西田調剤薬局", "official_name": "西田調剤薬局", "name:ja-Hira": "にしだちょうざいやっきょく", "name:ja-Latn": "Nishidachouzai Yakkyoku", "opening_hours": "Tu,Th 09:00-13:00,14:30-18:00; We,Fr 09:00-13:00,14:30-20:00; Sa 09:00-13:00,14:00-16:00; Sa[3] off; PH off; Dec 29-Jan 03 off", "addr:full": "高知県南国市大そね甲１７７２－１", "addr:country": "JP", "addr:province": "高知県", "addr:city": "南国市", "source": "厚生労働省 医療情報ネットのオープンデータ (2026-06-01)", "_id": "3955395003330", "_座標の出典": "原データ"}}, {"type": "Feature", "geometry": {"type": "Point", "coordinates": [133.647011144, 33.576612153]}, "properties": {"amenity": "pharmacy", "healthcare": "pharmacy", "name": "西田順天堂薬局中町店", "official_name": "西田順天堂薬局中町店", "name:ja-Hira": "にしだじゅんてんどうやっきょくなかまちてん", "name:ja-Latn": "Nishidajuntendou Yakkyoku Nakamatiten", "opening_hours": "Mo,Tu,We,Th,Fr 08:30-18:00; Sa 08:30-12:00; PH off; Dec 30-Jan 03 off", "website": "http://www.nishida-ph.net/", "addr:full": "高知県南国市駅前町３ー１ー３９", "addr:country": "JP", "addr:province": "高知県", "addr:city": "南国市", "addr:neighbourhood": "駅前町三丁目", "addr:block_number": "1", "addr:housenumber": "39", "source": "厚生労働省 医療情報ネットのオープンデータ (2026-06-01)", "_id": "3955395003350", "_座標の出典": "ジオコーディング"}}, {"type": "Feature", "geometry": {"type": "Point", "coordinates": [133.680115, 33.604149]}, "properties": {"amenity": "pharmacy", "healthcare": "pharmacy", "name": "やいろ薬局", "official_name": "有限会社　ジィアイシー　やいろ薬局", "name:en": "Yairo Drugstore", "opening_hours": "Mo,Tu,We,Fr,Sa 09:00-18:30; Th 09:00-12:30; PH off; Dec 29-Jan 03 off", "addr:full": "高知県香美市土佐山田町西本町５－３－１", "addr:country": "JP", "addr:province": "高知県", "addr:city": "香美市", "addr:neighbourhood": "土佐山田町西本町五丁目", "addr:block_number": "3", "addr:housenumber": "1", "source": "厚生労働省 医療情報ネットのオープンデータ (2026-06-01)", "_id": "3955395003410", "_座標の出典": "原データ"}}, {"type": "Feature", "geometry": {"type": "Point", "coordinates": [133.64632, 33.566344]}, "properties": {"amenity": "pharmacy", "healthcare": "pharmacy", "name": "西田順天堂薬局 オオソネ店", "official_name": "西田順天堂薬局　オオソネ店", "name:ja-Hira": "にしだじゅんてんどうやっきょくおおそねてん", "name:ja-Latn": "Nisidajuntendou Yakkyoku Oosonetenn", "opening_hours": "Mo,Tu,We,Th,Fr 08:30-18:00; Sa 08:30-13:00; PH off", "website": "https://www.nishida-ph.net", "addr:full": "高知県南国市大そね乙１２５８－１", "addr:country": "JP", "addr:province": "高知県", "addr:city": "南国市", "source": "厚生労働省 医療情報ネットのオープンデータ (2026-06-01)", "_id": "3955395003420", "_座標の出典": "原データ"}}, {"type": "Feature", "geometry": {"type": "Point", "coordinates": [133.648772, 33.575589]}, "properties": {"amenity": "pharmacy", "healthcare": "pharmacy", "name": "なんごく薬局", "official_name": "なんごく薬局", "name:ja-Hira": "なんごくやっきょく", "name:ja-Latn": "Nangokuyakkyoku", "opening_hours": "Mo,Tu,We,Th,Fr 08:30-17:30; Sa 08:30-12:30; PH off; Dec 30-Jan 03 off", "website": "https://www.kochi-chozai.co.jp", "addr:full": "高知県南国市西野田町１ー２３－６", "addr:country": "JP", "addr:province": "高知県", "addr:city": "南国市", "addr:neighbourhood": "西野田町一丁目", "source": "厚生労働省 医療情報ネットのオープンデータ (2026-06-01)", "_id": "3955395003440", "_座標の出典": "原データ"}}, {"type": "Feature", "geometry": {"type": "Point", "coordinates": [133.642787, 33.575757]}, "properties": {"amenity": "pharmacy", "healthcare": "pharmacy", "name": "いの薬局", "official_name": "いの薬局", "name:ja-Hira": "いのやっきょく", "name:ja-Latn": "Ino Yakkyoku", "opening_hours": "Mo,We,Fr 08:30-17:30; Tu,Th 08:30-17:00; Sa 08:30-13:00; PH off; Dec 30-Jan 03 off", "addr:full": "高知県南国市東崎１３４８番地２", "addr:country": "JP", "addr:province": "高知県", "addr:city": "南国市", "addr:neighbourhood": "東崎", "source": "厚生労働省 医療情報ネットのオープンデータ (2026-06-01)", "_id": "3955395003450", "_座標の出典": "原データ"}}, {"type": "Feature", "geometry": {"type": "Point", "coordinates": [133.696155, 33.607951]}, "properties": {"amenity": "pharmacy", "healthcare": "pharmacy", "name": "あい薬局", "official_name": "あい薬局", "name:ja-Hira": "あいやっきょく", "name:ja-Latn": "Ai Yakkyoku", "opening_hours": "Mo,Tu,We,Th,Fr,Sa 09:00-18:00; PH off; Dec 30-Jan 03 off", "addr:full": "高知県香美市土佐山田町百石町１丁目９番６号", "addr:country": "JP", "addr:province": "高知県", "addr:city": "香美市", "addr:neighbourhood": "土佐山田町百石町一丁目", "addr:block_number": "9", "addr:housenumber": "6", "source": "厚生労働省 医療情報ネットのオープンデータ (2026-06-01)", "_id": "3955395003460", "_座標の出典": "原データ"}}, {"type": "Feature", "geometry": {"type": "Point", "coordinates": [133.694878, 33.558646]}, "properties": {"amenity": "pharmacy", "healthcare": "pharmacy", "name": "ファムコやまもも薬局", "official_name": "株式会社ファムコやまもも薬局", "opening_hours": "Mo,Tu,We,Fr 09:00-18:00; Th 09:00-17:00; Sa 09:00-12:00; PH off; Dec 31-Jan 03 off", "addr:full": "高知県香南市野市町西野１９００－５", "addr:country": "JP", "addr:province": "高知県", "addr:city": "香南市", "addr:neighbourhood": "野市町西野", "source": "厚生労働省 医療情報ネットのオープンデータ (2026-06-01)", "_id": "3955395003470", "_座標の出典": "原データ"}}, {"type": "Feature", "geometry": {"type": "Point", "coordinates": [133.712755, 33.613944]}, "properties": {"amenity": "pharmacy", "healthcare": "pharmacy", "name": "薬局清流", "official_name": "薬局清流", "name:ja-Hira": "やっきょくせいりゅう", "name:ja-Latn": "Yakkyoku Seiryuu", "opening_hours": "Mo,Tu,We,Th,Fr 08:30-18:00; Sa 08:30-12:30; PH off; Dec 31-Jan 03 off", "addr:full": "高知県香美市土佐山田町楠目３９番地１", "addr:country": "JP", "addr:province": "高知県", "addr:city": "香美市", "addr:neighbourhood": "土佐山田町楠目", "source": "厚生労働省 医療情報ネットのオープンデータ (2026-06-01)", "_id": "3955395003480", "_座標の出典": "原データ"}}, {"type": "Feature", "geometry": {"type": "Point", "coordinates": [133.609994, 33.533449]}, "properties": {"amenity": "pharmacy", "healthcare": "pharmacy", "name": "くろしお薬局 十市店", "official_name": "くろしお薬局　十市店", "name:ja-Hira": "くろしおやっきょく とおちてん", "opening_hours": "Mo,Tu,We,Fr 09:00-18:00; Th 10:00-18:00; Sa 09:00-13:00; PH off; Jan 01,Dec 29 off", "website": "https://www.drug-kuroshio.co.jp/", "addr:full": "高知県南国市緑ケ丘２－１７１４", "addr:country": "JP", "addr:province": "高知県", "addr:city": "南国市", "addr:neighbourhood": "緑ケ丘二丁目", "source": "厚生労働省 医療情報ネットのオープンデータ (2026-06-01)", "_id": "3955395003490", "_座標の出典": "原データ"}}, {"type": "Feature", "geometry": {"type": "Point", "coordinates": [133.693652, 33.606881]}, "properties": {"amenity": "pharmacy", "healthcare": "pharmacy", "name": "ベル薬局 山田店", "official_name": "ベル薬局　山田店", "name:ja-Hira": "べるやっきょく やまだてん", "name:ja-Latn": "Beru Yakkyoku Yamadaten", "opening_hours": "Mo,Tu,We,Th,Fr 09:00-18:00; Sa 09:00-13:00; PH off; Dec 30-Jan 03 off", "website": "http://www.belle-ph.com/", "addr:full": "高知県香美市土佐山田町旭町５－３－１１", "addr:country": "JP", "addr:province": "高知県", "addr:city": "香美市", "addr:neighbourhood": "土佐山田町旭町五丁目", "addr:block_number": "3", "addr:housenumber": "11", "source": "厚生労働省 医療情報ネットのオープンデータ (2026-06-01)", "_id": "3955395003520", "_座標の出典": "原データ"}}, {"type": "Feature", "geometry": {"type": "Point", "coordinates": [133.650233, 33.5664]}, "properties": {"amenity": "pharmacy", "healthcare": "pharmacy", "name": "ハート薬局 おおそね店", "official_name": "ハート薬局　おおそね店", "name:ja-Hira": "はーとやっきょく おおそねてん", "name:ja-Latn": "Haato Yakkyoku Oosoneten", "opening_hours": "Mo,Tu,We,Th,Fr 09:00-17:30; Sa 09:00-12:30; PH off; Dec 29-Jan 03 off", "addr:full": "高知県南国市大そね乙９９２－３", "addr:country": "JP", "addr:province": "高知県", "addr:city": "南国市", "source": "厚生労働省 医療情報ネットのオープンデータ (2026-06-01)", "_id": "3955395003530", "_座標の出典": "原データ"}}, {"type": "Feature", "geometry": {"type": "Point", "coordinates": [133.690983, 33.607087]}, "properties": {"amenity": "pharmacy", "healthcare": "pharmacy", "name": "四国調剤あさひ薬局", "official_name": "四国調剤あさひ薬局", "name:ja-Hira": "しこくちょうざいあさひやっきょく", "opening_hours": "Mo,Tu,We,Th,Fr 09:00-18:00; Sa 09:00-13:00; PH off; Dec 29-Jan 03 off", "website": "http://www.shikoku-dsp.co.jp/", "addr:full": "高知県香美市土佐山田町東本町４丁目１－３６", "addr:country": "JP", "addr:province": "高知県", "addr:city": "香美市", "addr:neighbourhood": "土佐山田町東本町四丁目", "addr:block_number": "1", "addr:housenumber": "36", "source": "厚生労働省 医療情報ネットのオープンデータ (2026-06-01)", "_id": "3955395003550", "_座標の出典": "原データ"}}, {"type": "Feature", "geometry": {"type": "Point", "coordinates": [133.697657, 33.562814]}, "properties": {"amenity": "pharmacy", "healthcare": "pharmacy", "name": "のいち駅前薬局", "official_name": "のいち駅前薬局", "name:ja-Hira": "のいちえきまえやっきょく", "name:en": "Noichiekimae Drugstore", "opening_hours": "Mo,Tu,Th,Fr 09:00-18:00; We 09:00-17:00; Sa 09:00-13:00; PH off; Dec 30-Jan 03 off", "website": "http://bluecross.co.jp/", "addr:full": "高知県香南市野市町西野５８７－２０", "addr:country": "JP", "addr:province": "高知県", "addr:city": "香南市", "addr:neighbourhood": "野市町西野", "source": "厚生労働省 医療情報ネットのオープンデータ (2026-06-01)", "_id": "3955395003570", "_座標の出典": "原データ"}}, {"type": "Feature", "geometry": {"type": "Point", "coordinates": [133.622396, 33.569567]}, "properties": {"amenity": "pharmacy", "healthcare": "pharmacy", "name": "アイン薬局 JA高知病院前店", "official_name": "アイン薬局　ＪＡ高知病院前店", "name:ja-Hira": "あいんやっきょく じぇいえいこうちびょういんまえてん", "name:en": "Ain Pharmacy", "opening_hours": "Mo,Tu,We,Th,Fr 08:30-18:30; Sa 08:30-17:00; PH off; Dec 29-Jan 03 off", "website": "http://www.ainj.co.jp/", "addr:full": "高知県南国市明見５３８番地６", "addr:country": "JP", "addr:province": "高知県", "addr:city": "南国市", "addr:neighbourhood": "明見", "source": "厚生労働省 医療情報ネットのオープンデータ (2026-06-01)", "_id": "3955395003600", "_座標の出典": "原データ"}}, {"type": "Feature", "geometry": {"type": "Point", "coordinates": [133.641273, 33.575588]}, "properties": {"amenity": "pharmacy", "healthcare": "pharmacy", "name": "西田順天堂薬局 明見店", "official_name": "西田順天堂薬局　明見店", "name:ja-Hira": "にしだじゅんてんどうやっきょく みょうけんてん", "name:ja-Latn": "Nisidajuntendou Yakkyoku Myoukenten", "opening_hours": "Mo,Tu,We,Th,Fr 08:30-18:30; Sa 08:30-17:00; PH off; Jan 03,Dec 29-Dec 31 off", "website": "https://www.nishida-ph.net", "addr:full": "高知県南国市明見堀井甲５６６－１", "addr:country": "JP", "addr:province": "高知県", "addr:city": "南国市", "addr:neighbourhood": "明見", "source": "厚生労働省 医療情報ネットのオープンデータ (2026-06-01)", "_id": "3955395003610", "_座標の出典": "原データ"}}, {"type": "Feature", "geometry": {"type": "Point", "coordinates": [133.423414, 33.49708]}, "properties": {"amenity": "pharmacy", "healthcare": "pharmacy", "name": "藤田薬局", "official_name": "藤田薬局", "name:ja-Hira": "ふじたやっきょく", "name:ja-Latn": "Fujita-yakkyoku", "opening_hours": "Mo,Tu,We,Th,Fr 09:00-18:00; Sa 09:00-17:00; PH off; Jan 01-Jan 03 off", "addr:full": "高知県土佐市高岡町乙１５８－５", "addr:country": "JP", "addr:province": "高知県", "addr:city": "土佐市", "addr:neighbourhood": "高岡町乙", "source": "厚生労働省 医療情報ネットのオープンデータ (2026-06-01)", "_id": "3955395003730", "_座標の出典": "原データ"}}, {"type": "Feature", "geometry": {"type": "Point", "coordinates": [133.424269, 33.494334]}, "properties": {"amenity": "pharmacy", "healthcare": "pharmacy", "name": "とさ薬局", "official_name": "とさ薬局", "name:ja-Hira": "とさやっきょく", "name:ja-Latn": "Tosa Yakkyoku", "opening_hours": "Mo,Tu,We,Th,Fr 08:30-18:30; Sa,PH 09:00-16:00", "addr:full": "高知県土佐市高岡町甲１８９４ー２８", "addr:country": "JP", "addr:province": "高知県", "addr:city": "土佐市", "addr:neighbourhood": "高岡町甲", "source": "厚生労働省 医療情報ネットのオープンデータ (2026-06-01)", "_id": "3955395003750", "_座標の出典": "原データ"}}, {"type": "Feature", "geometry": {"type": "Point", "coordinates": [133.420145, 33.495591]}, "properties": {"amenity": "pharmacy", "healthcare": "pharmacy", "name": "たかおか薬局", "official_name": "たかおか薬局", "name:ja-Hira": "たかおかやっきょく", "name:ja-Latn": "Takaoka Yakkyoku", "opening_hours": "Mo,Tu,We,Th,Fr 09:00-18:00; Sa 09:00-16:00; PH off; Dec 31-Jan 03 off", "addr:full": "高知県土佐市高岡町甲２１９０－１", "addr:country": "JP", "addr:province": "高知県", "addr:city": "土佐市", "addr:neighbourhood": "高岡町甲", "source": "厚生労働省 医療情報ネットのオープンデータ (2026-06-01)", "_id": "3955395003760", "_座標の出典": "原データ"}}, {"type": "Feature", "geometry": {"type": "Point", "coordinates": [133.424272, 33.494242]}, "properties": {"amenity": "pharmacy", "healthcare": "pharmacy", "name": "よこまち薬局", "official_name": "よこまち薬局", "name:ja-Hira": "よこまちやっきょく", "name:ja-Latn": "Yokomachi Yakkyoku", "opening_hours": "Mo,Tu,We,Th,Fr 08:30-18:00; PH off; Jan 01-Jan 03 off", "addr:full": "高知県土佐市高岡町甲１８９４－１０", "addr:country": "JP", "addr:province": "高知県", "addr:city": "土佐市", "addr:neighbourhood": "高岡町甲", "source": "厚生労働省 医療情報ネットのオープンデータ (2026-06-01)", "_id": "3955395003770", "_座標の出典": "原データ"}}, {"type": "Feature", "geometry": {"type": "Point", "coordinates": [133.413634, 33.492587]}, "properties": {"amenity": "pharmacy", "healthcare": "pharmacy", "name": "蓮池薬局", "official_name": "蓮池薬局", "name:ja-Hira": "はすいけやっきょく", "name:ja-Latn": "Hasuike Yakkyoku", "opening_hours": "Mo,Tu,We,Fr 09:00-18:00; Th,Sa 09:00-13:00; PH off; Dec 30-Jan 03 off", "addr:full": "高知県土佐市蓮池１２０７―１", "addr:country": "JP", "addr:province": "高知県", "addr:city": "土佐市", "addr:neighbourhood": "蓮池", "source": "厚生労働省 医療情報ネットのオープンデータ (2026-06-01)", "_id": "3955395003800", "_座標の出典": "原データ"}}, {"type": "Feature", "geometry": {"type": "Point", "coordinates": [133.442532, 33.550797]}, "properties": {"amenity": "pharmacy", "healthcare": "pharmacy", "name": "ブルークロスえだがわ薬局", "official_name": "ブルークロスえだがわ薬局", "name:ja-Hira": "ぶるーくろすえだがわやっきょく", "opening_hours": "Mo,Tu,We,Fr,Sa,PH 09:00-18:00; Th 09:00-17:00; Dec 31-Jan 03 off", "website": "http://www.inforyoma.or.jp/bluecross/", "addr:full": "高知県吾川郡いの町２０５", "addr:country": "JP", "addr:province": "高知県", "addr:county": "吾川郡", "addr:city": "いの町", "source": "厚生労働省 医療情報ネットのオープンデータ (2026-06-01)", "_id": "3955395003810", "_座標の出典": "原データ"}}, {"type": "Feature", "geometry": {"type": "Point", "coordinates": [133.459734, 33.552131]}, "properties": {"amenity": "pharmacy", "healthcare": "pharmacy", "name": "かたおか薬局", "official_name": "かたおか薬局", "name:ja-Hira": "かたおかやっきよく", "name:ja-Latn": "Kataoka Yakkyoku", "opening_hours": "Mo,Tu,We,Th,Fr 09:00-18:00; Sa 09:00-13:00; PH off; Dec 30-Jan 03 off", "addr:full": "高知県吾川郡いの町枝川２２７２－１４", "addr:country": "JP", "addr:province": "高知県", "addr:county": "吾川郡", "addr:city": "いの町", "addr:neighbourhood": "枝川", "source": "厚生労働省 医療情報ネットのオープンデータ (2026-06-01)", "_id": "3955395003830", "_座標の出典": "原データ"}}, {"type": "Feature", "geometry": {"type": "Point", "coordinates": [133.426051, 33.54772]}, "properties": {"amenity": "pharmacy", "healthcare": "pharmacy", "name": "松田薬局", "official_name": "松田薬局", "name:ja-Hira": "まつだやっきょく", "name:ja-Latn": "Matsuda Yakkyoku", "opening_hours": "Mo,Tu,We,Th,Fr,Sa 09:00-19:00; Mo[3] off; PH off; Dec 31-Jan 03 off", "website": "http://www.matsuda-ph.jp", "addr:full": "高知県吾川郡いの町３８０６ーイ", "addr:country": "JP", "addr:province": "高知県", "addr:county": "吾川郡", "addr:city": "いの町", "source": "厚生労働省 医療情報ネットのオープンデータ (2026-06-01)", "_id": "3955395003840", "_座標の出典": "原データ"}}, {"type": "Feature", "geometry": {"type": "Point", "coordinates": [133.429025, 33.547819]}, "properties": {"amenity": "pharmacy", "healthcare": "pharmacy", "name": "ローズ薬局", "official_name": "ローズ薬局", "name:ja-Hira": "ろーず やっきょく", "name:ja-Latn": "Ro-su Yakkyoku", "opening_hours": "Mo,Tu,We,Fr 09:00-18:00; Th,Sa 09:00-13:00; PH off; Dec 30-Jan 03 off", "addr:full": "高知県吾川郡いの町新町３６", "addr:country": "JP", "addr:province": "高知県", "addr:county": "吾川郡", "addr:city": "いの町", "addr:neighbourhood": "新町", "source": "厚生労働省 医療情報ネットのオープンデータ (2026-06-01)", "_id": "3955395003870", "_座標の出典": "原データ"}}, {"type": "Feature", "geometry": {"type": "Point", "coordinates": [133.427682, 33.548641]}, "properties": {"amenity": "pharmacy", "healthcare": "pharmacy", "name": "伊野ひこばえ薬局", "official_name": "伊野ひこばえ薬局", "name:ja-Hira": "いのひこばえやっきょく", "name:ja-Latn": "Inohikobae Yakkyoku", "opening_hours": "Mo,Tu,We,Th,Fr,Sa 10:00-18:00; PH off; Jan 01 off", "addr:full": "高知県吾川郡いの町１１８８　サニーマート伊野店内", "addr:country": "JP", "addr:province": "高知県", "addr:county": "吾川郡", "addr:city": "いの町", "source": "厚生労働省 医療情報ネットのオープンデータ (2026-06-01)", "_id": "3955395003880", "_座標の出典": "原データ"}}, {"type": "Feature", "geometry": {"type": "Point", "coordinates": [133.434191, 33.546903]}, "properties": {"amenity": "pharmacy", "healthcare": "pharmacy", "name": "ベル薬局 伊野店", "official_name": "ベル薬局　伊野店", "name:ja-Hira": "べるやっきょく いのてん", "name:ja-Latn": "Beru Yakkyoku Inoten", "opening_hours": "Mo,Tu,We,Th,Fr 09:00-18:00; Sa 09:00-13:00; PH off; Dec 30-Jan 03 off", "website": "http://www.belle-ph.com/", "addr:full": "高知県吾川郡いの町１３２８－７", "addr:country": "JP", "addr:province": "高知県", "addr:county": "吾川郡", "addr:city": "いの町", "source": "厚生労働省 医療情報ネットのオープンデータ (2026-06-01)", "_id": "3955395003890", "_座標の出典": "原データ"}}, {"type": "Feature", "geometry": {"type": "Point", "coordinates": [133.434208, 33.547458]}, "properties": {"amenity": "pharmacy", "healthcare": "pharmacy", "name": "いの薬局", "official_name": "いの薬局", "name:ja-Hira": "いのやっきょく", "name:ja-Latn": "Ino Yakkyoku", "opening_hours": "Mo,Tu,We,Th,Fr 08:50-18:00; Sa 09:00-12:00; PH off; Dec 30-Jan 03 off", "website": "https://kigurakuraimu.jp", "addr:full": "高知県吾川郡いの町１３６８－１", "addr:country": "JP", "addr:province": "高知県", "addr:county": "吾川郡", "addr:city": "いの町", "source": "厚生労働省 医療情報ネットのオープンデータ (2026-06-01)", "_id": "3955395003900", "_座標の出典": "原データ"}}, {"type": "Feature", "geometry": {"type": "Point", "coordinates": [133.44149, 33.528119]}, "properties": {"amenity": "pharmacy", "healthcare": "pharmacy", "name": "みなみ薬局", "official_name": "みなみ薬局", "name:ja-Hira": "みなみやっきょく", "name:en": "Minami Drugstore", "opening_hours": "Mo,Tu,We,Th,Fr 09:00-18:00; Sa 09:00-13:00; PH off; Dec 30-Jan 03 off || off \"お盆は休診\"", "website": "https://www.minami-fine.net", "addr:full": "高知県吾川郡いの町天王南１－５－４", "addr:country": "JP", "addr:province": "高知県", "addr:county": "吾川郡", "addr:city": "いの町", "addr:neighbourhood": "天王南一丁目", "source": "厚生労働省 医療情報ネットのオープンデータ (2026-06-01)", "_id": "3955395003910", "_座標の出典": "原データ"}}, {"type": "Feature", "geometry": {"type": "Point", "coordinates": [133.410652, 33.546161]}, "properties": {"amenity": "pharmacy", "healthcare": "pharmacy", "name": "波川薬局", "official_name": "波川薬局", "name:ja-Hira": "はかわやっきょく", "name:ja-Latn": "Hakawa Yakkyoku", "opening_hours": "Mo,Tu,We,Th,Fr 09:00-18:00; Sa 09:00-13:00; PH off; Dec 31-Jan 03 off", "addr:full": "高知県吾川郡いの町波川５６６－５", "addr:country": "JP", "addr:province": "高知県", "addr:county": "吾川郡", "addr:city": "いの町", "addr:neighbourhood": "波川", "source": "厚生労働省 医療情報ネットのオープンデータ (2026-06-01)", "_id": "3955395003920", "_座標の出典": "原データ"}}, {"type": "Feature", "geometry": {"type": "Point", "coordinates": [133.291509, 33.50043]}, "properties": {"amenity": "pharmacy", "healthcare": "pharmacy", "name": "たけうち調剤薬局", "official_name": "たけうち調剤薬局", "name:ja-Hira": "たけうちちょうざいやっきょく", "name:ja-Latn": "Takeuchi Tyouzai Yakkyoku", "opening_hours": "Mo,Tu,We,Fr 09:00-19:00; Th,Sa 09:00-17:30; PH off; Dec 30-Jan 03 off", "addr:full": "高知県高岡郡佐川町甲１０５２－５", "addr:country": "JP", "addr:province": "高知県", "addr:county": "高岡郡", "addr:city": "佐川町", "addr:neighbourhood": "甲", "source": "厚生労働省 医療情報ネットのオープンデータ (2026-06-01)", "_id": "3955395003940", "_座標の出典": "原データ"}}, {"type": "Feature", "geometry": {"type": "Point", "coordinates": [133.290418, 33.500322]}, "properties": {"amenity": "pharmacy", "healthcare": "pharmacy", "name": "くろしお薬局 佐川店", "official_name": "くろしお薬局　佐川店", "name:ja-Hira": "くろしおやっきょく さかわてん", "name:ja-Latn": "Kuroshio Yakkyoku Sakawaten", "opening_hours": "Mo,Tu,We,Fr 09:00-18:30; Th 09:00-17:00; Sa 09:00-13:00; PH off; Dec 31-Jan 03 off", "website": "http://www.kuroshio-pharmacy.com/", "addr:full": "高知県高岡郡佐川町甲１３５６－３", "addr:country": "JP", "addr:province": "高知県", "addr:county": "高岡郡", "addr:city": "佐川町", "addr:neighbourhood": "甲", "source": "厚生労働省 医療情報ネットのオープンデータ (2026-06-01)", "_id": "3955395003960", "_座標の出典": "原データ"}}, {"type": "Feature", "geometry": {"type": "Point", "coordinates": [133.286654, 33.503732]}, "properties": {"amenity": "pharmacy", "healthcare": "pharmacy", "name": "高北薬局", "official_name": "高北薬局", "name:ja-Hira": "こうほくやっきょく", "name:en": "Kouhoku Drugstore", "opening_hours": "Mo,Tu,We,Th,Fr 08:30-18:00; Sa 08:30-13:00; PH off; Dec 29-Jan 03 off", "website": "http://bluecross.co.jp/", "addr:full": "高知県高岡郡佐川町甲１６９１－５", "addr:country": "JP", "addr:province": "高知県", "addr:county": "高岡郡", "addr:city": "佐川町", "addr:neighbourhood": "甲", "source": "厚生労働省 医療情報ネットのオープンデータ (2026-06-01)", "_id": "3955395003970", "_座標の出典": "原データ"}}, {"type": "Feature", "geometry": {"type": "Point", "coordinates": [133.280185, 33.50609]}, "properties": {"amenity": "pharmacy", "healthcare": "pharmacy", "name": "あおば薬局", "official_name": "あおば薬局", "name:ja-Hira": "あおばやっきょく", "name:ja-Latn": "Aoba Yakkyoku", "opening_hours": "Mo,Tu,We,Th,Fr 09:00-18:00; Sa 09:00-13:00; PH off; Dec 31-Jan 03 off", "website": "https://kigurakuraimu.jp", "addr:full": "高知県高岡郡佐川町乙１７６６－１", "addr:country": "JP", "addr:province": "高知県", "addr:county": "高岡郡", "addr:city": "佐川町", "addr:neighbourhood": "乙", "source": "厚生労働省 医療情報ネットのオープンデータ (2026-06-01)", "_id": "3955395004000", "_座標の出典": "原データ"}}, {"type": "Feature", "geometry": {"type": "Point", "coordinates": [133.251863, 33.531973]}, "properties": {"amenity": "pharmacy", "healthcare": "pharmacy", "name": "森下薬局", "official_name": "森下薬局", "name:ja-Hira": "もりしたやっきょく", "name:ja-Latn": "Morishita Yakkyoku", "opening_hours": "Mo,Tu,We,Th,Fr 08:00-18:00; Sa 08:00-17:00; PH off; Jan 01-Jan 02 off", "addr:full": "高知県高岡郡越知町越知甲１７２０", "addr:country": "JP", "addr:province": "高知県", "addr:county": "高岡郡", "addr:city": "越知町", "addr:neighbourhood": "越知", "source": "厚生労働省 医療情報ネットのオープンデータ (2026-06-01)", "_id": "3955395004010", "_座標の出典": "原データ"}}, {"type": "Feature", "geometry": {"type": "Point", "coordinates": [133.251334, 33.532542]}, "properties": {"amenity": "pharmacy", "healthcare": "pharmacy", "name": "セーフティカプセルネットキグラ薬局", "official_name": "セーフティカプセルネットキグラ薬局", "name:ja-Hira": "せーふてぃかぷせるねっときぐらやっきょく", "opening_hours": "Mo,Tu,We,Th,Fr 09:00-18:00; Sa 09:00-13:00; PH off; Dec 31-Jan 03 off", "website": "https://kigurakuraimu.jp", "addr:full": "高知県高岡郡越知町越知甲１９５４－７", "addr:country": "JP", "addr:province": "高知県", "addr:county": "高岡郡", "addr:city": "越知町", "addr:neighbourhood": "越知", "source": "厚生労働省 医療情報ネットのオープンデータ (2026-06-01)", "_id": "3955395004020", "_座標の出典": "原データ"}}, {"type": "Feature", "geometry": {"type": "Point", "coordinates": [133.249641, 33.530306]}, "properties": {"amenity": "pharmacy", "healthcare": "pharmacy", "name": "セーフティカプセルネットサン薬局", "official_name": "セーフティカプセルネットサン薬局", "name:ja-Hira": "せーふてぃかぷせるねっとさんやっきょく", "opening_hours": "Mo,Tu,We,Th,Fr 09:00-18:00; Sa 09:00-13:00; PH off; Dec 31-Jan 03 off", "website": "https://kigurakuraimu.jp", "addr:full": "高知県高岡郡越知町越知甲２１３０", "addr:country": "JP", "addr:province": "高知県", "addr:county": "高岡郡", "addr:city": "越知町", "addr:neighbourhood": "越知", "source": "厚生労働省 医療情報ネットのオープンデータ (2026-06-01)", "_id": "3955395004030", "_座標の出典": "原データ"}}, {"type": "Feature", "geometry": {"type": "Point", "coordinates": [133.252843, 33.530428]}, "properties": {"amenity": "pharmacy", "healthcare": "pharmacy", "name": "浜田薬局 バイパス店", "official_name": "浜田薬局　バイパス店", "name:ja-Hira": "はまだやっきょくばいぱすてん", "name:ja-Latn": "Hamada Yakkyoku Baipasuten", "opening_hours": "Mo,Tu,We,Th,Fr 08:30-18:30; Sa 08:30-15:00; PH off; Dec 31-Jan 03 off", "addr:full": "高知県高岡郡越知町越知甲１６８２－５", "addr:country": "JP", "addr:province": "高知県", "addr:county": "高岡郡", "addr:city": "越知町", "addr:neighbourhood": "越知", "source": "厚生労働省 医療情報ネットのオープンデータ (2026-06-01)", "_id": "3955395004040", "_座標の出典": "原データ"}}, {"type": "Feature", "geometry": {"type": "Point", "coordinates": [133.374891, 33.535692]}, "properties": {"amenity": "pharmacy", "healthcare": "pharmacy", "name": "薬研 ほりおか薬局東店", "official_name": "有限会社薬研　ほりおか薬局東店", "opening_hours": "Mo,Tu,We,Th,Fr,Sa 09:00-18:00; PH off; Dec 31-Jan 03 off", "addr:full": "高知県高岡郡日高村本郷２４－１", "addr:country": "JP", "addr:province": "高知県", "addr:county": "高岡郡", "addr:city": "日高村", "addr:neighbourhood": "本郷", "source": "厚生労働省 医療情報ネットのオープンデータ (2026-06-01)", "_id": "3955395004070", "_座標の出典": "原データ"}}, {"type": "Feature", "geometry": {"type": "Point", "coordinates": [133.588542, 33.759232]}, "properties": {"amenity": "pharmacy", "healthcare": "pharmacy", "name": "ヨシムラ薬局バイパス店", "official_name": "ヨシムラ薬局バイパス店", "name:ja-Hira": "よしむらやっきょくばいぱすてん", "name:en": "Yoshimura Drugstore", "opening_hours": "Mo,Tu,We,Th,Fr,Sa 08:45-19:00; PH 09:00-17:00; Jan 01-Jan 03 off", "addr:full": "高知県長岡郡本山町本山５７９－１", "addr:country": "JP", "addr:province": "高知県", "addr:county": "長岡郡", "addr:city": "本山町", "addr:neighbourhood": "本山", "source": "厚生労働省 医療情報ネットのオープンデータ (2026-06-01)", "_id": "3955395004150", "_座標の出典": "原データ"}}, {"type": "Feature", "geometry": {"type": "Point", "coordinates": [133.554942, 33.748632]}, "properties": {"amenity": "pharmacy", "healthcare": "pharmacy", "name": "高知調剤薬局 田井店", "official_name": "高知調剤薬局　田井店", "name:ja-Hira": "こうちちょうざいやっきょく たいてん", "name:ja-Latn": "Kochichozaiyakkyoku Taiten", "opening_hours": "Mo,Tu,We,Th,Fr,Sa 09:00-18:00; PH off; Dec 31-Jan 03 off", "website": "https://kochi-chozai.co.jp/", "addr:full": "高知県土佐郡土佐町田井１４８９－１", "addr:country": "JP", "addr:province": "高知県", "addr:county": "土佐郡", "addr:city": "土佐町", "addr:neighbourhood": "田井", "source": "厚生労働省 医療情報ネットのオープンデータ (2026-06-01)", "_id": "3955395004200", "_座標の出典": "原データ"}}, {"type": "Feature", "geometry": {"type": "Point", "coordinates": [133.287652, 33.407064]}, "properties": {"amenity": "pharmacy", "healthcare": "pharmacy", "name": "長山薬局", "official_name": "有限会社メディファ　長山薬局", "opening_hours": "Mo,Tu,We,Th,Fr 09:00-18:00; Sa 09:00-17:00; PH off; Dec 30-Jan 03 off", "addr:full": "高知県須崎市大間東町１－８", "addr:country": "JP", "addr:province": "高知県", "addr:city": "須崎市", "addr:neighbourhood": "大間東町", "addr:block_number": "1", "addr:housenumber": "8", "source": "厚生労働省 医療情報ネットのオープンデータ (2026-06-01)", "_id": "3955395004210", "_座標の出典": "原データ"}}, {"type": "Feature", "geometry": {"type": "Point", "coordinates": [133.288042, 33.389693]}, "properties": {"amenity": "pharmacy", "healthcare": "pharmacy", "name": "カナザワ薬局", "official_name": "カナザワ薬局", "name:ja-Hira": "かなざわやっきょく", "name:ja-Latn": "Kanazawa Yakkyoku", "opening_hours": "Mo,Tu,We,Th,Fr 08:30-18:00; Sa 08:30-13:00; Sa[3] off; PH off; Dec 30-Jan 03 off", "addr:full": "高知県須崎市東古市町３ー２", "addr:country": "JP", "addr:province": "高知県", "addr:city": "須崎市", "addr:neighbourhood": "東古市町", "addr:block_number": "3", "addr:housenumber": "2", "source": "厚生労働省 医療情報ネットのオープンデータ (2026-06-01)", "_id": "3955395004230", "_座標の出典": "原データ"}}, {"type": "Feature", "geometry": {"type": "Point", "coordinates": [133.289917, 33.411711]}, "properties": {"amenity": "pharmacy", "healthcare": "pharmacy", "name": "モリタ薬局", "official_name": "モリタ薬局", "name:ja-Hira": "もりたやっきょく", "name:ja-Latn": "Moritayakkyoku", "opening_hours": "Mo,Tu,We,Th,Fr 08:30-18:00; PH off", "addr:full": "高知県須崎市緑町４－３１", "addr:country": "JP", "addr:province": "高知県", "addr:city": "須崎市", "addr:neighbourhood": "緑町", "addr:block_number": "4", "addr:housenumber": "31", "source": "厚生労働省 医療情報ネットのオープンデータ (2026-06-01)", "_id": "3955395004250", "_座標の出典": "原データ"}}, {"type": "Feature", "geometry": {"type": "Point", "coordinates": [133.28981, 33.412255]}, "properties": {"amenity": "pharmacy", "healthcare": "pharmacy", "name": "メディファ長山薬局グリーンロード店", "official_name": "有限会社メディファ長山薬局グリーンロード店", "opening_hours": "Mo,Tu,We,Th,Fr 09:00-18:00; PH off; Dec 30-Jan 03 off", "addr:full": "高知県須崎市緑町５－３", "addr:country": "JP", "addr:province": "高知県", "addr:city": "須崎市", "addr:neighbourhood": "緑町", "addr:block_number": "5", "addr:housenumber": "3", "source": "厚生労働省 医療情報ネットのオープンデータ (2026-06-01)", "_id": "3955395004260", "_座標の出典": "原データ"}}, {"type": "Feature", "geometry": {"type": "Point", "coordinates": [133.289136, 33.411663]}, "properties": {"amenity": "pharmacy", "healthcare": "pharmacy", "name": "カナザワ薬局緑町店", "official_name": "カナザワ薬局緑町店", "name:ja-Hira": "かなざわやっきょく みどりまちてん", "name:en": "KANAZAWA PHARMACY MIDORI-TOWN STORE", "opening_hours": "Mo,Tu,We,Th,Fr 08:30-18:00; PH off", "addr:full": "高知県須崎市緑町４－２７", "addr:country": "JP", "addr:province": "高知県", "addr:city": "須崎市", "addr:neighbourhood": "緑町", "addr:block_number": "4", "addr:housenumber": "27", "source": "厚生労働省 医療情報ネットのオープンデータ (2026-06-01)", "_id": "3955395004280", "_座標の出典": "原データ"}}, {"type": "Feature", "geometry": {"type": "Point", "coordinates": [133.230532, 33.329636]}, "properties": {"amenity": "pharmacy", "healthcare": "pharmacy", "name": "金澤薬局", "official_name": "金澤薬局", "name:ja-Hira": "かなざわやっきょく", "name:en": "Kanazawa Pharmacy", "opening_hours": "Mo 14:00-18:00; Tu,We,Th,Fr 08:30-13:00,14:00-18:00; Sa 08:30-14:00; PH off; Dec 31-Jan 03 off", "addr:full": "高知県高岡郡中土佐町久礼６４４４－４", "addr:country": "JP", "addr:province": "高知県", "addr:county": "高岡郡", "addr:city": "中土佐町", "addr:neighbourhood": "久礼", "source": "厚生労働省 医療情報ネットのオープンデータ (2026-06-01)", "_id": "3955395004320", "_座標の出典": "原データ"}}, {"type": "Feature", "geometry": {"type": "Point", "coordinates": [132.921901, 33.395036]}, "properties": {"amenity": "pharmacy", "healthcare": "pharmacy", "name": "あい薬局", "official_name": "あい薬局", "name:ja-Hira": "あいやっきょく", "name:en": "Ai Pharmacy", "opening_hours": "Mo,Tu,We,Th,Fr 08:30-17:30; Sa 09:00-17:00; PH off; Jan 01-Jan 03 off", "addr:full": "高知県高岡郡檮原町川西路２３０７－２", "addr:country": "JP", "addr:province": "高知県", "addr:county": "高岡郡", "addr:city": "檮原町", "addr:neighbourhood": "川西路", "source": "厚生労働省 医療情報ネットのオープンデータ (2026-06-01)", "_id": "3955395004370", "_座標の出典": "原データ"}}, {"type": "Feature", "geometry": {"type": "Point", "coordinates": [133.285922, 33.389691]}, "properties": {"amenity": "pharmacy", "healthcare": "pharmacy", "name": "武政薬局", "official_name": "武政薬局", "name:ja-Hira": "たけまさやっきょく", "name:ja-Latn": "Takemasa Yakkyoku", "opening_hours": "Mo,Tu,We,Th,Fr 08:30-18:00; Sa,PH 08:30-14:00; Dec 30-Jan 03 off", "addr:full": "高知県須崎市西古市町５－３６", "addr:country": "JP", "addr:province": "高知県", "addr:city": "須崎市", "addr:neighbourhood": "西古市町", "addr:block_number": "5", "addr:housenumber": "36", "source": "厚生労働省 医療情報ネットのオープンデータ (2026-06-01)", "_id": "3955395004390", "_座標の出典": "原データ"}}, {"type": "Feature", "geometry": {"type": "Point", "coordinates": [133.147712, 33.205899]}, "properties": {"amenity": "pharmacy", "healthcare": "pharmacy", "name": "調剤薬局技術センター", "official_name": "調剤薬局技術センター", "name:ja-Hira": "ちょうざいやっきょくぎじゅつせんたー", "opening_hours": "Mo,Tu,We,Th,Fr 08:30-18:00; Sa 08:30-17:00; PH off; Dec 30-Jan 03 off", "website": "https://www.facebook.com/tyouzaisenta/", "addr:full": "高知県高岡郡四万十町見付９２５－５", "addr:country": "JP", "addr:province": "高知県", "addr:county": "高岡郡", "addr:city": "四万十町", "addr:neighbourhood": "見付", "source": "厚生労働省 医療情報ネットのオープンデータ (2026-06-01)", "_id": "3955395004430", "_座標の出典": "原データ"}}, {"type": "Feature", "geometry": {"type": "Point", "coordinates": [133.140768, 33.207566]}, "properties": {"amenity": "pharmacy", "healthcare": "pharmacy", "name": "みかど薬局", "official_name": "みかど薬局", "name:ja-Hira": "みかどやっきょく", "name:ja-Latn": "Mikadoyakkyoku", "opening_hours": "Mo,Tu,We,Th,Fr 08:30-18:00; Sa 08:30-13:00; PH off", "addr:full": "高知県高岡郡四万十町古市町６３番１号", "addr:country": "JP", "addr:province": "高知県", "addr:county": "高岡郡", "addr:city": "四万十町", "addr:neighbourhood": "古市町", "source": "厚生労働省 医療情報ネットのオープンデータ (2026-06-01)", "_id": "3955395004440", "_座標の出典": "原データ"}}, {"type": "Feature", "geometry": {"type": "Point", "coordinates": [132.937054, 32.992296]}, "properties": {"amenity": "pharmacy", "healthcare": "pharmacy", "name": "なかむら薬局", "official_name": "なかむら薬局", "name:ja-Hira": "なかむらやっきょく", "name:ja-Latn": "Nakamurayakkyoku", "opening_hours": "Mo,Tu,We,Th,Fr,Sa 09:15-12:30,14:15-17:30; PH off; Dec 31-Jan 03 off", "addr:full": "高知県四万十市中村一条通３ー２ー２３", "addr:country": "JP", "addr:province": "高知県", "addr:city": "四万十市", "addr:neighbourhood": "中村一条通三丁目", "source": "厚生労働省 医療情報ネットのオープンデータ (2026-06-01)", "_id": "3955395004480", "_座標の出典": "原データ"}}, {"type": "Feature", "geometry": {"type": "Point", "coordinates": [132.951455, 32.780908]}, "properties": {"amenity": "pharmacy", "healthcare": "pharmacy", "name": "しみず薬局", "official_name": "しみず薬局", "name:ja-Hira": "しみずやっきょく", "name:ja-Latn": "Shimizuyakkyoku", "opening_hours": "Mo,Tu,We,Th,Fr 09:15-18:00; Sa 09:15-17:30; PH off; Dec 31-Jan 03 off", "addr:full": "高知県土佐清水市越前町５ー１", "addr:country": "JP", "addr:province": "高知県", "addr:city": "土佐清水市", "addr:neighbourhood": "越前町", "source": "厚生労働省 医療情報ネットのオープンデータ (2026-06-01)", "_id": "3955395004490", "_座標の出典": "原データ"}}, {"type": "Feature", "geometry": {"type": "Point", "coordinates": [132.934263, 32.996197]}, "properties": {"amenity": "pharmacy", "healthcare": "pharmacy", "name": "中西一貫堂薬局", "official_name": "中西一貫堂薬局", "name:ja-Hira": "なかにしいっかんどうやっきょく", "opening_hours": "Mo,Tu,We,Th,Fr,Sa 08:00-19:00; PH off; Jan 01-Jan 02 off", "addr:full": "高知県四万十市中村本町３丁目４０", "addr:country": "JP", "addr:province": "高知県", "addr:city": "四万十市", "addr:neighbourhood": "中村本町三丁目", "source": "厚生労働省 医療情報ネットのオープンデータ (2026-06-01)", "_id": "3955395004500", "_座標の出典": "原データ"}}, {"type": "Feature", "geometry": {"type": "Point", "coordinates": [132.937771, 32.992634]}, "properties": {"amenity": "pharmacy", "healthcare": "pharmacy", "name": "松本薬局", "official_name": "松本薬局", "name:ja-Hira": "まつもとやっきょく", "name:ja-Latn": "Matumoto Yakkyoku", "opening_hours": "Mo,Tu,We,Th,Fr 08:30-18:00; Sa 08:30-14:00; PH off; Dec 30-Jan 03 off", "addr:full": "高知県四万十市中村一条通３－１－１８", "addr:country": "JP", "addr:province": "高知県", "addr:city": "四万十市", "addr:neighbourhood": "中村一条通三丁目", "source": "厚生労働省 医療情報ネットのオープンデータ (2026-06-01)", "_id": "3955395004510", "_座標の出典": "原データ"}}, {"type": "Feature", "geometry": {"type": "Point", "coordinates": [132.942621, 32.982713]}, "properties": {"amenity": "pharmacy", "healthcare": "pharmacy", "name": "さつき薬局", "official_name": "さつき薬局", "name:ja-Hira": "さつきやっきょく", "name:ja-Latn": "Satsuki Yakkyoku", "opening_hours": "Mo,Tu,We,Th,Fr,Sa 09:00-18:00; PH off; Dec 31-Jan 01 off", "addr:full": "高知県四万十市駅前町１０ー２３", "addr:country": "JP", "addr:province": "高知県", "addr:city": "四万十市", "addr:neighbourhood": "駅前町", "source": "厚生労働省 医療情報ネットのオープンデータ (2026-06-01)", "_id": "3955395004530", "_座標の出典": "原データ"}}, {"type": "Feature", "geometry": {"type": "Point", "coordinates": [132.938852, 32.993696]}, "properties": {"amenity": "pharmacy", "healthcare": "pharmacy", "name": "すみれ薬局", "official_name": "すみれ薬局", "name:ja-Hira": "すみれやっきょく", "name:ja-Latn": "Sumire Yakkyoku", "opening_hours": "Mo,Tu,We,Th,Fr 08:30-18:00; Sa 09:00-18:00; PH off; Dec 30-Jan 03 off", "website": "https://sumire-pharmacy.com/stores/", "addr:full": "高知県四万十市中村東町１－７９", "addr:country": "JP", "addr:province": "高知県", "addr:city": "四万十市", "addr:neighbourhood": "中村東町一丁目", "source": "厚生労働省 医療情報ネットのオープンデータ (2026-06-01)", "_id": "3955395004550", "_座標の出典": "原データ"}}, {"type": "Feature", "geometry": {"type": "Point", "coordinates": [132.936629, 32.991557]}, "properties": {"amenity": "pharmacy", "healthcare": "pharmacy", "name": "とんぼ薬局", "official_name": "とんぼ薬局", "name:ja-Hira": "とんぼやっきょく", "name:ja-Latn": "Tonbo Yakkyoku", "opening_hours": "Mo,Tu,We,Th,Fr,Sa 08:30-18:00; PH off; Dec 31-Jan 03 off", "addr:full": "高知県四万十市中村大橋通５丁目５１－２", "addr:country": "JP", "addr:province": "高知県", "addr:city": "四万十市", "addr:neighbourhood": "中村大橋通五丁目", "source": "厚生労働省 医療情報ネットのオープンデータ (2026-06-01)", "_id": "3955395004560", "_座標の出典": "原データ"}}, {"type": "Feature", "geometry": {"type": "Point", "coordinates": [132.713251, 32.93132]}, "properties": {"amenity": "pharmacy", "healthcare": "pharmacy", "name": "すみれ薬局 宿毛店", "official_name": "すみれ薬局　宿毛店", "name:ja-Hira": "すみれやっきょくすくもてん", "name:ja-Latn": "Sumire Yakkyoku Sukumoten", "opening_hours": "Mo,Tu,We,Th,Fr 09:00-18:00; Sa 09:00-13:00; PH off; Dec 31-Jan 03 off", "website": "https://sumire-pharmacy.com/stores/", "addr:full": "高知県宿毛市駅前町２－７０４", "addr:country": "JP", "addr:province": "高知県", "addr:city": "宿毛市", "addr:neighbourhood": "駅前町二丁目", "source": "厚生労働省 医療情報ネットのオープンデータ (2026-06-01)", "_id": "3955395004570", "_座標の出典": "原データ"}}, {"type": "Feature", "geometry": {"type": "Point", "coordinates": [132.932899, 32.994385]}, "properties": {"amenity": "pharmacy", "healthcare": "pharmacy", "name": "いちご薬局", "official_name": "いちご薬局", "name:ja-Hira": "いちごやっきょく", "name:ja-Latn": "Ichigo Yakkyoku", "opening_hours": "Mo,Tu,We,Th,Fr 08:30-18:00; Sa 09:00-13:00; PH off; Dec 30-Jan 03 off", "website": "https://sumire-pharmacy.com", "addr:full": "高知県四万十市中村小姓町７６番地", "addr:country": "JP", "addr:province": "高知県", "addr:city": "四万十市", "addr:neighbourhood": "中村小姓町", "source": "厚生労働省 医療情報ネットのオープンデータ (2026-06-01)", "_id": "3955395004600", "_座標の出典": "原データ"}}, {"type": "Feature", "geometry": {"type": "Point", "coordinates": [132.95358, 32.780469]}, "properties": {"amenity": "pharmacy", "healthcare": "pharmacy", "name": "たにがわ薬局", "official_name": "たにがわ薬局", "name:ja-Hira": "たにがわやっきょく", "name:ja-Latn": "Tanigawa Yakkyoku", "opening_hours": "Mo,Tu,Th,Fr 09:00-13:00,14:00-17:30; We,Sa 09:00-13:00; PH off; Dec 30-Jan 03,Aug 14-Aug 15 off", "addr:full": "高知県土佐清水市幸町４－２４", "addr:country": "JP", "addr:province": "高知県", "addr:city": "土佐清水市", "addr:neighbourhood": "幸町", "source": "厚生労働省 医療情報ネットのオープンデータ (2026-06-01)", "_id": "3955395004620", "_座標の出典": "原データ"}}, {"type": "Feature", "geometry": {"type": "Point", "coordinates": [132.716533, 32.93067]}, "properties": {"amenity": "pharmacy", "healthcare": "pharmacy", "name": "まつむら薬局", "official_name": "エムズ合同会社　まつむら薬局", "opening_hours": "Mo,Tu,We,Th,Fr 09:00-18:00; Sa 09:00-14:00; PH off; Dec 31-Jan 03 off", "addr:full": "高知県宿毛市宿毛１３１５－６", "addr:country": "JP", "addr:province": "高知県", "addr:city": "宿毛市", "addr:neighbourhood": "宿毛", "source": "厚生労働省 医療情報ネットのオープンデータ (2026-06-01)", "_id": "3955395004670", "_座標の出典": "原データ"}}, {"type": "Feature", "geometry": {"type": "Point", "coordinates": [132.731982, 32.936709]}, "properties": {"amenity": "pharmacy", "healthcare": "pharmacy", "name": "なおみ薬局", "official_name": "なおみ薬局", "name:ja-Hira": "なおみやっきょく", "name:en": "Naomi Drugstore", "opening_hours": "Mo,Tu,We,Th,Fr 09:00-18:00; Sa 09:00-13:00; PH off; Dec 31-Jan 03 off", "addr:full": "高知県宿毛市中央３－６－１７", "addr:country": "JP", "addr:province": "高知県", "addr:city": "宿毛市", "addr:neighbourhood": "中央三丁目", "addr:block_number": "6", "addr:housenumber": "17", "source": "厚生労働省 医療情報ネットのオープンデータ (2026-06-01)", "_id": "3955395004700", "_座標の出典": "原データ"}}, {"type": "Feature", "geometry": {"type": "Point", "coordinates": [132.730191, 32.935687]}, "properties": {"amenity": "pharmacy", "healthcare": "pharmacy", "name": "吉村調剤薬局", "official_name": "吉村調剤薬局", "name:ja-Hira": "よしむらちょうざいやっきょく", "name:en": "Yoshimura Drugstore", "opening_hours": "Mo,Tu,We,Th,Fr 09:00-18:00; Sa 09:00-13:00; PH off; Dec 31-Jan 03 off", "addr:full": "高知県宿毛市中央３丁目８番２５号", "addr:country": "JP", "addr:province": "高知県", "addr:city": "宿毛市", "addr:neighbourhood": "中央三丁目", "addr:block_number": "8", "addr:housenumber": "25", "source": "厚生労働省 医療情報ネットのオープンデータ (2026-06-01)", "_id": "3955395004730", "_座標の出典": "原データ"}}, {"type": "Feature", "geometry": {"type": "Point", "coordinates": [132.719789, 32.934836]}, "properties": {"amenity": "pharmacy", "healthcare": "pharmacy", "name": "木下薬局", "official_name": "有限会社　木下薬局", "opening_hours": "Mo,Tu,We,Th,Fr 09:00-18:00; Sa 09:00-13:00; Sa[1,2,3,5] off; PH off; Dec 31-Jan 03 off", "addr:full": "高知県宿毛市幸町４－３６", "addr:country": "JP", "addr:province": "高知県", "addr:city": "宿毛市", "addr:neighbourhood": "幸町", "addr:block_number": "4", "addr:housenumber": "36", "source": "厚生労働省 医療情報ネットのオープンデータ (2026-06-01)", "_id": "3955395004740", "_座標の出典": "原データ"}}, {"type": "Feature", "geometry": {"type": "Point", "coordinates": [132.797245, 32.959351]}, "properties": {"amenity": "pharmacy", "healthcare": "pharmacy", "name": "あおぞら薬局", "official_name": "あおぞら薬局", "name:ja-Hira": "あおぞらやっきょく", "name:ja-Latn": "Aozora Yakkyoku", "opening_hours": "Mo,Tu,We,Th,Fr 08:30-18:00; Sa 08:30-14:00; PH off; Dec 31-Jan 03 off", "addr:full": "高知県宿毛市平田町戸内１８９８－１", "addr:country": "JP", "addr:province": "高知県", "addr:city": "宿毛市", "addr:neighbourhood": "平田町戸内", "source": "厚生労働省 医療情報ネットのオープンデータ (2026-06-01)", "_id": "3955395004750", "_座標の出典": "原データ"}}, {"type": "Feature", "geometry": {"type": "Point", "coordinates": [132.953528, 32.780239]}, "properties": {"amenity": "pharmacy", "healthcare": "pharmacy", "name": "下元調剤薬局清水店", "official_name": "下元調剤薬局清水店", "name:ja-Hira": "しももとちょうざいやっきょく しみずてん", "name:ja-Latn": "Simomoto Tyouzai Yakkyoku Simizuten", "opening_hours": "Mo,Tu,We,Th,Fr 09:00-18:00; Sa 09:00-17:00; PH off", "addr:full": "高知県土佐清水市幸町４－１ニューヴァレーマンション１Ｆ", "addr:country": "JP", "addr:province": "高知県", "addr:city": "土佐清水市", "addr:neighbourhood": "幸町", "source": "厚生労働省 医療情報ネットのオープンデータ (2026-06-01)", "_id": "3955395004760", "_座標の出典": "原データ"}}, {"type": "Feature", "geometry": {"type": "Point", "coordinates": [132.791674, 32.956128]}, "properties": {"amenity": "pharmacy", "healthcare": "pharmacy", "name": "すくも薬局", "official_name": "すくも薬局", "name:ja-Hira": "すくもやっきょく", "name:ja-Latn": "Sukumo Yakkyoku", "opening_hours": "Mo,Tu,We,Th,Fr 09:00-18:00; Sa 09:00-13:30; PH off; Dec 30-Jan 03 off", "addr:full": "高知県宿毛市平田町戸内１２５５－２", "addr:country": "JP", "addr:province": "高知県", "addr:city": "宿毛市", "addr:neighbourhood": "平田町戸内", "source": "厚生労働省 医療情報ネットのオープンデータ (2026-06-01)", "_id": "3955395004800", "_座標の出典": "原データ"}}, {"type": "Feature", "geometry": {"type": "Point", "coordinates": [132.973784, 33.198349]}, "properties": {"amenity": "pharmacy", "healthcare": "pharmacy", "name": "たいしょう薬局", "official_name": "たいしょう薬局", "name:ja-Hira": "たいしょうやっきょく", "name:ja-Latn": "Taishou Yakkyoku", "opening_hours": "Mo,Tu,We,Th,Fr 08:30-18:00; Sa 08:30-17:00; PH off; Dec 29-Jan 03 off", "addr:full": "高知県高岡郡四万十町大正４７０番地１", "addr:country": "JP", "addr:province": "高知県", "addr:county": "高岡郡", "addr:city": "四万十町", "addr:neighbourhood": "大正", "source": "厚生労働省 医療情報ネットのオープンデータ (2026-06-01)", "_id": "3955395005240", "_座標の出典": "原データ"}}, {"type": "Feature", "geometry": {"type": "Point", "coordinates": [132.943985, 32.983646]}, "properties": {"amenity": "pharmacy", "healthcare": "pharmacy", "name": "ときわ薬局", "official_name": "ときわ薬局", "name:ja-Hira": "ときわやっきょく", "name:ja-Latn": "Tokiwa Yakkyoku", "opening_hours": "Mo,Tu,We,Th,Fr 09:00-18:00; Sa 09:00-14:00; PH off; Dec 31-Jan 03 off", "addr:full": "高知県四万十市駅前町８－１２", "addr:country": "JP", "addr:province": "高知県", "addr:city": "四万十市", "addr:neighbourhood": "駅前町", "source": "厚生労働省 医療情報ネットのオープンデータ (2026-06-01)", "_id": "3955395005460", "_座標の出典": "原データ"}}, {"type": "Feature", "geometry": {"type": "Point", "coordinates": [133.687675, 33.606806]}, "properties": {"amenity": "pharmacy", "healthcare": "pharmacy", "name": "四国調剤あさひ薬局2号店", "official_name": "四国調剤あさひ薬局２号店", "name:ja-Hira": "しこくちょうざい あさひやっきょく にごうてん", "opening_hours": "Mo,Tu,We,Th,Fr 09:00-18:00; Sa 09:00-13:00; PH off; Dec 30-Jan 03 off", "website": "http://www.shikoku-dsp.co.jp/", "addr:full": "高知県香美市土佐山田町東本町２－２－４１", "addr:country": "JP", "addr:province": "高知県", "addr:city": "香美市", "addr:neighbourhood": "土佐山田町東本町二丁目", "addr:block_number": "2", "addr:housenumber": "41", "source": "厚生労働省 医療情報ネットのオープンデータ (2026-06-01)", "_id": "3955395005490", "_座標の出典": "原データ"}}, {"type": "Feature", "geometry": {"type": "Point", "coordinates": [133.438792, 33.448376]}, "properties": {"amenity": "pharmacy", "healthcare": "pharmacy", "name": "マツオカ薬局", "official_name": "マツオカ薬局", "name:ja-Hira": "まつおかやっきょく", "name:ja-Latn": "Matuoka Yakkyoku", "opening_hours": "Mo 08:30-14:00; Tu,We,Th,Fr 08:30-17:30; Sa 08:30-12:15; PH off; Dec 30-Jan 03 off", "addr:full": "高知県土佐市宇佐町宇佐１１４３－２", "addr:country": "JP", "addr:province": "高知県", "addr:city": "土佐市", "addr:neighbourhood": "宇佐町宇佐", "source": "厚生労働省 医療情報ネットのオープンデータ (2026-06-01)", "_id": "3955395005550", "_座標の出典": "原データ"}}, {"type": "Feature", "geometry": {"type": "Point", "coordinates": [133.28398, 33.509271]}, "properties": {"amenity": "pharmacy", "healthcare": "pharmacy", "name": "佐川高知薬局", "official_name": "佐川高知薬局", "name:ja-Hira": "さかわこうちやっきょく", "name:ja-Latn": "Sakawakouchi Yakkyoku", "opening_hours": "Mo,Tu,We,Th,Fr 08:30-18:00; Sa 08:30-14:00; PH off; Dec 31-Jan 03 off", "addr:full": "高知県高岡郡佐川町乙１８７０－１", "addr:country": "JP", "addr:province": "高知県", "addr:county": "高岡郡", "addr:city": "佐川町", "addr:neighbourhood": "乙", "source": "厚生労働省 医療情報ネットのオープンデータ (2026-06-01)", "_id": "3955395005580", "_座標の出典": "原データ"}}, {"type": "Feature", "geometry": {"type": "Point", "coordinates": [133.426775, 33.547018]}, "properties": {"amenity": "pharmacy", "healthcare": "pharmacy", "name": "天神薬局", "official_name": "ブルークロス　天神薬局", "name:en": "Tenzin Drugstore", "opening_hours": "Mo,We,Fr 08:30-17:30; Tu,Th,Sa 08:30-17:00; PH off; Dec 30-Jan 03 off", "website": "http://bluecross.co.jp/", "addr:full": "高知県吾川郡いの町藤町２０", "addr:country": "JP", "addr:province": "高知県", "addr:county": "吾川郡", "addr:city": "いの町", "addr:neighbourhood": "藤町", "source": "厚生労働省 医療情報ネットのオープンデータ (2026-06-01)", "_id": "3955395005590", "_座標の出典": "原データ"}}, {"type": "Feature", "geometry": {"type": "Point", "coordinates": [133.416731, 33.495183]}, "properties": {"amenity": "pharmacy", "healthcare": "pharmacy", "name": "とさ薬局西店", "official_name": "とさ薬局西店", "name:ja-Hira": "とさやっきょくにしてん", "name:ja-Latn": "Tosa Yakkyoku Nishi Ten", "opening_hours": "Mo,Tu,Th,Fr 08:30-18:00; We,Sa 08:30-13:00; PH off; Dec 29-Jan 03 off", "addr:full": "高知県土佐市蓮池１０４１－１", "addr:country": "JP", "addr:province": "高知県", "addr:city": "土佐市", "addr:neighbourhood": "蓮池", "source": "厚生労働省 医療情報ネットのオープンデータ (2026-06-01)", "_id": "3955395005610", "_座標の出典": "原データ"}}, {"type": "Feature", "geometry": {"type": "Point", "coordinates": [133.903377, 33.502978]}, "properties": {"amenity": "pharmacy", "healthcare": "pharmacy", "name": "ファーマシー石建", "official_name": "ファーマシー石建", "name:ja-Hira": "ふぁーましーいしたて", "name:en": "Pharmacy Ishitate", "opening_hours": "Mo,Tu,We,Th,Fr,Sa 09:00-18:00; PH off; Dec 31-Jan 03 off", "addr:full": "高知県安芸市矢ノ丸２丁目６－１４", "addr:country": "JP", "addr:province": "高知県", "addr:city": "安芸市", "addr:neighbourhood": "矢ノ丸二丁目", "addr:block_number": "6", "addr:housenumber": "14", "source": "厚生労働省 医療情報ネットのオープンデータ (2026-06-01)", "_id": "3955395005660", "_座標の出典": "原データ"}}, {"type": "Feature", "geometry": {"type": "Point", "coordinates": [133.907958, 33.503053]}, "properties": {"amenity": "pharmacy", "healthcare": "pharmacy", "name": "病院通薬局あき店", "official_name": "病院通薬局あき店", "name:ja-Hira": "びょういんどおりやっきょくあきてん", "name:ja-Latn": "Byouindori Yakkyoku Akiten", "opening_hours": "Mo,Tu,We,Th,Fr 09:00-18:00; Sa 09:00-13:30; PH off; Dec 30-Jan 03 off", "website": "http://www.kurisu-p.com/top.htm", "addr:full": "高知県安芸市矢ノ丸３－１－２４", "addr:country": "JP", "addr:province": "高知県", "addr:city": "安芸市", "addr:neighbourhood": "矢ノ丸三丁目", "addr:block_number": "1", "addr:housenumber": "24", "source": "厚生労働省 医療情報ネットのオープンデータ (2026-06-01)", "_id": "3955395005690", "_座標の出典": "原データ"}}, {"type": "Feature", "geometry": {"type": "Point", "coordinates": [133.672715, 33.599657]}, "properties": {"amenity": "pharmacy", "healthcare": "pharmacy", "name": "さわ薬局", "official_name": "さわ薬局", "name:ja-Hira": "さわやっきょく", "name:en": "sawaDrugstore", "opening_hours": "Mo,Tu,We,Fr 09:00-18:30; Sa 09:00-12:30; PH off; Dec 29-Jan 03 off", "addr:full": "高知県香美市土佐山田町栄町２２２バリューノア", "addr:country": "JP", "addr:province": "高知県", "addr:city": "香美市", "addr:neighbourhood": "土佐山田町栄町", "source": "厚生労働省 医療情報ネットのオープンデータ (2026-06-01)", "_id": "3955395005760", "_座標の出典": "原データ"}}, {"type": "Feature", "geometry": {"type": "Point", "coordinates": [133.717317, 33.561408]}, "properties": {"amenity": "pharmacy", "healthcare": "pharmacy", "name": "アイン薬局 野市店", "official_name": "アイン薬局　野市店", "name:ja-Hira": "あいんやっきょく のいちてん", "name:en": "Ain-pharmacy Noichiten", "opening_hours": "Mo,Tu,We,Th,Fr,Sa 09:00-18:00; Su,PH 09:00-17:30; Jan 01 off", "website": "https://www.ainj.co.jp/network/detail.html?pdid=1486", "addr:full": "高知県香南市野市町東野３５４－１６", "addr:country": "JP", "addr:province": "高知県", "addr:city": "香南市", "addr:neighbourhood": "野市町東野", "source": "厚生労働省 医療情報ネットのオープンデータ (2026-06-01)", "_id": "3955395005810", "_座標の出典": "原データ"}}, {"type": "Feature", "geometry": {"type": "Point", "coordinates": [133.77959, 33.651971]}, "properties": {"amenity": "pharmacy", "healthcare": "pharmacy", "name": "あい薬局びらふ", "official_name": "あい薬局びらふ", "name:ja-Hira": "あいやっきょくびらふ", "name:ja-Latn": "Ai Yakkyoku Birafu", "opening_hours": "Mo,Tu,We,Fr 09:00-18:00; Th,Sa 09:00-13:00; PH off; Dec 30-Jan 03 off", "addr:full": "高知県香美市香北町美良布１５３４番３", "addr:country": "JP", "addr:province": "高知県", "addr:city": "香美市", "addr:neighbourhood": "香北町美良布", "source": "厚生労働省 医療情報ネットのオープンデータ (2026-06-01)", "_id": "3955395005860", "_座標の出典": "原データ"}}, {"type": "Feature", "geometry": {"type": "Point", "coordinates": [133.621004, 33.526739]}, "properties": {"amenity": "pharmacy", "healthcare": "pharmacy", "name": "十市薬局", "official_name": "十市薬局", "name:ja-Hira": "とおちやっきょく", "name:ja-Latn": "Tochi Yakkyoku", "opening_hours": "Mo,Tu,We,Th,Fr 10:00-17:30; PH off; Dec 30-Jan 03 off", "addr:full": "高知県南国市十市１９６５", "addr:country": "JP", "addr:province": "高知県", "addr:city": "南国市", "addr:neighbourhood": "十市", "source": "厚生労働省 医療情報ネットのオープンデータ (2026-06-01)", "_id": "3955395005880", "_座標の出典": "原データ"}}, {"type": "Feature", "geometry": {"type": "Point", "coordinates": [133.629812, 33.567409]}, "properties": {"amenity": "pharmacy", "healthcare": "pharmacy", "name": "アイン薬局 明見店", "official_name": "アイン薬局　明見店", "name:ja-Hira": "あいんやっきょく みょうけんてん", "name:en": "Ain Pharmacy Myoken", "opening_hours": "Mo,Tu,Th,Fr 08:00-17:30; We 08:00-16:00; Sa 08:00-13:00; PH off; Dec 29-Jan 03 off", "website": "http://www.ainj.co.jp/", "addr:full": "高知県南国市明見８００－２", "addr:country": "JP", "addr:province": "高知県", "addr:city": "南国市", "addr:neighbourhood": "明見", "source": "厚生労働省 医療情報ネットのオープンデータ (2026-06-01)", "_id": "3955395005890", "_座標の出典": "原データ"}}, {"type": "Feature", "geometry": {"type": "Point", "coordinates": [133.294057, 33.411247]}, "properties": {"amenity": "pharmacy", "healthcare": "pharmacy", "name": "堅田薬局", "official_name": "堅田薬局", "name:ja-Hira": "かたたやっきょく", "name:en": "Katata Drugstore", "opening_hours": "Mo,Tu,We,Th,Fr,Sa,PH 09:00-20:00; Jan 01-Jan 03 off", "addr:full": "高知県須崎市西崎町８－５２－１", "addr:country": "JP", "addr:province": "高知県", "addr:city": "須崎市", "addr:neighbourhood": "西崎町", "addr:block_number": "8", "addr:housenumber": "52", "source": "厚生労働省 医療情報ネットのオープンデータ (2026-06-01)", "_id": "3955395005910", "_座標の出典": "原データ"}}, {"type": "Feature", "geometry": {"type": "Point", "coordinates": [133.549685, 33.549786]}, "properties": {"amenity": "pharmacy", "healthcare": "pharmacy", "name": "クローバー薬局", "official_name": "クローバー薬局", "name:ja-Hira": "くろーばーやっきょく", "name:en": "clover drugstore", "opening_hours": "Mo,Tu,We,Fr 09:00-12:30,13:30-18:00; Th 09:00-13:00,14:00-18:00; Sa 09:00-13:00,13:30-16:30; PH off", "addr:full": "高知県高知市潮新町２丁目７番３", "addr:country": "JP", "addr:province": "高知県", "addr:city": "高知市", "addr:neighbourhood": "潮新町二丁目", "addr:block_number": "7", "addr:housenumber": "3", "source": "厚生労働省 医療情報ネットのオープンデータ (2026-06-01)", "_id": "3955395006110", "_座標の出典": "原データ"}}, {"type": "Feature", "geometry": {"type": "Point", "coordinates": [133.578476, 33.58937]}, "properties": {"amenity": "pharmacy", "healthcare": "pharmacy", "name": "ドレミ薬局", "official_name": "ドレミ薬局", "name:ja-Hira": "どれみやっきょく", "name:ja-Latn": "Doremi Yakkyoku", "opening_hours": "Mo,Tu,Th,Fr 09:00-17:30; We 09:00-17:00; Sa 09:00-12:30; PH off; Dec 30-Jan 03 off", "website": "https://doremi-yakkyoku.jp/", "addr:full": "高知県高知市一宮東町５丁目１４－６", "addr:country": "JP", "addr:province": "高知県", "addr:city": "高知市", "addr:neighbourhood": "一宮東町五丁目", "addr:block_number": "14", "addr:housenumber": "6", "source": "厚生労働省 医療情報ネットのオープンデータ (2026-06-01)", "_id": "3955395006130", "_座標の出典": "原データ"}}, {"type": "Feature", "geometry": {"type": "Point", "coordinates": [133.596528, 33.561738]}, "properties": {"amenity": "pharmacy", "healthcare": "pharmacy", "name": "あじさい薬局介良店", "official_name": "あじさい薬局介良店", "name:ja-Hira": "あじさいやっきょくけらてん", "name:ja-Latn": "Ajisai Yakkyoku Kera Tenn", "opening_hours": "Mo,We 09:00-18:00; Tu,Fr 09:00-19:00; Th 09:00-17:00; Sa 09:00-16:30; PH off; Dec 31-Jan 03 off", "website": "http://www.drug-kuroshio.co.jp/", "addr:full": "高知県高知市介良乙１０４９", "addr:country": "JP", "addr:province": "高知県", "addr:city": "高知市", "addr:neighbourhood": "介良乙", "source": "厚生労働省 医療情報ネットのオープンデータ (2026-06-01)", "_id": "3955395006180", "_座標の出典": "原データ"}}, {"type": "Feature", "geometry": {"type": "Point", "coordinates": [133.536856, 33.571097]}, "properties": {"amenity": "pharmacy", "healthcare": "pharmacy", "name": "つちばし薬局 あたご店", "official_name": "つちばし薬局　あたご店", "name:ja-Hira": "つちばしやっきょく あたごてん", "name:ja-Latn": "Tsuchibashi Yakkyoku Atagoten", "opening_hours": "Mo,Tu,We,Th,Fr 08:30-17:30; Sa 08:30-13:00; PH off; Dec 30-Jan 03 off", "website": "http://www.tsuchibashi.co.jp/", "addr:full": "高知県高知市愛宕町３－１２－５", "addr:country": "JP", "addr:province": "高知県", "addr:city": "高知市", "addr:neighbourhood": "愛宕町三丁目", "addr:block_number": "12", "addr:housenumber": "5", "source": "厚生労働省 医療情報ネットのオープンデータ (2026-06-01)", "_id": "3955395006200", "_座標の出典": "原データ"}}, {"type": "Feature", "geometry": {"type": "Point", "coordinates": [133.586447, 33.53042]}, "properties": {"amenity": "pharmacy", "healthcare": "pharmacy", "name": "ベル薬局 池店", "official_name": "ベル薬局　池店", "name:ja-Hira": "べるやっきょく いけてん", "name:ja-Latn": "Beru Yakkyoku Iketen", "opening_hours": "Mo,Tu,We,Th,Fr 09:00-18:00; PH off; Dec 30-Jan 03 off", "website": "http://www.belle-ph.com/", "addr:full": "高知県高知市池", "addr:country": "JP", "addr:province": "高知県", "addr:city": "高知市", "addr:neighbourhood": "池", "source": "厚生労働省 医療情報ネットのオープンデータ (2026-06-01)", "_id": "3955395006210", "_座標の出典": "原データ"}}, {"type": "Feature", "geometry": {"type": "Point", "coordinates": [133.58591, 33.530359]}, "properties": {"amenity": "pharmacy", "healthcare": "pharmacy", "name": "あおい薬局", "official_name": "あおい薬局", "name:ja-Hira": "あおいやっきょく", "name:en": "Aoi Drugstore", "opening_hours": "Mo,Tu,We,Th,Fr 09:00-18:00; Sa 09:00-12:00; PH off; Dec 29-Jan 03 off", "website": "http://bluecross.co.jp/", "addr:full": "高知県高知市池２８４１－１", "addr:country": "JP", "addr:province": "高知県", "addr:city": "高知市", "addr:neighbourhood": "池", "source": "厚生労働省 医療情報ネットのオープンデータ (2026-06-01)", "_id": "3955395006220", "_座標の出典": "原データ"}}, {"type": "Feature", "geometry": {"type": "Point", "coordinates": [133.544071, 33.509999]}, "properties": {"amenity": "pharmacy", "healthcare": "pharmacy", "name": "桂浜通ひこばえ薬局", "official_name": "桂浜通ひこばえ薬局", "name:ja-Hira": "かつらはまどおりひこばえやっきょく", "name:en": "Katurahamadori Hikobae Pharmacy", "opening_hours": "Mo,Tu,We,Fr,Sa 09:00-18:00; Th 09:00-17:00; PH off; Dec 31-Jan 03,May 03,May 05 off", "addr:full": "高知県高知市瀬戸南町１丁目２ー１", "addr:country": "JP", "addr:province": "高知県", "addr:city": "高知市", "addr:neighbourhood": "瀬戸南町一丁目", "addr:block_number": "2", "addr:housenumber": "1", "source": "厚生労働省 医療情報ネットのオープンデータ (2026-06-01)", "_id": "3955395006280", "_座標の出典": "原データ"}}, {"type": "Feature", "geometry": {"type": "Point", "coordinates": [133.52934, 33.556879]}, "properties": {"amenity": "pharmacy", "healthcare": "pharmacy", "name": "ますがた薬局", "official_name": "ますがた薬局", "name:ja-Hira": "ますがたやっきょく", "name:ja-Latn": "Masugata Yakkyoku", "opening_hours": "Mo,Tu,We,Th,Fr 09:00-18:00; Sa 09:00-13:00; PH off; Dec 31-Jan 03 off", "website": "http://www.kochi-chozai.co.jp/", "addr:full": "高知県高知市升形８－１", "addr:country": "JP", "addr:province": "高知県", "addr:city": "高知市", "addr:neighbourhood": "升形", "addr:block_number": "8", "addr:housenumber": "1", "source": "厚生労働省 医療情報ネットのオープンデータ (2026-06-01)", "_id": "3955395006310", "_座標の出典": "原データ"}}, {"type": "Feature", "geometry": {"type": "Point", "coordinates": [133.487772, 33.538986]}, "properties": {"amenity": "pharmacy", "healthcare": "pharmacy", "name": "土佐道路薬局", "official_name": "土佐道路薬局", "name:ja-Hira": "とさどうろやっきょく", "name:ja-Latn": "Tosadouro Yakkyoku", "opening_hours": "Mo,Tu,Th,Fr,Sa 09:00-18:00; We 09:00-13:00; PH off; Dec 30-Jan 03 off", "website": "https://kochi-chozai.co.jp/", "addr:full": "高知県高知市槙山町１番２号", "addr:country": "JP", "addr:province": "高知県", "addr:city": "高知市", "addr:neighbourhood": "槙山町", "addr:block_number": "1", "addr:housenumber": "2", "source": "厚生労働省 医療情報ネットのオープンデータ (2026-06-01)", "_id": "3955395006360", "_座標の出典": "原データ"}}, {"type": "Feature", "geometry": {"type": "Point", "coordinates": [132.920859, 32.984135]}, "properties": {"amenity": "pharmacy", "healthcare": "pharmacy", "name": "具同調剤薬局", "official_name": "具同調剤薬局", "name:ja-Hira": "ぐどうちょうざいやっきょく", "name:ja-Latn": "Gudouchouzai Yakkyoku", "opening_hours": "Mo,Tu,Th,Fr 08:30-18:00; We,Sa 08:30-13:00; PH off; Dec 30-Jan 03 off", "addr:full": "高知県四万十市具同田黒２－１４９", "addr:country": "JP", "addr:province": "高知県", "addr:city": "四万十市", "addr:neighbourhood": "具同田黒二丁目", "source": "厚生労働省 医療情報ネットのオープンデータ (2026-06-01)", "_id": "3955395006440", "_座標の出典": "原データ"}}, {"type": "Feature", "geometry": {"type": "Point", "coordinates": [132.903819, 32.981104]}, "properties": {"amenity": "pharmacy", "healthcare": "pharmacy", "name": "調剤薬局", "official_name": "プラム　調剤薬局", "opening_hours": "Mo,Tu,Th,Fr 09:00-18:30; We 09:00-12:30; Sa 09:00-17:00; Sa[4] off; PH off", "addr:full": "高知県四万十市具同６７７４－１５", "addr:country": "JP", "addr:province": "高知県", "addr:city": "四万十市", "addr:neighbourhood": "具同", "source": "厚生労働省 医療情報ネットのオープンデータ (2026-06-01)", "_id": "3955395006450", "_座標の出典": "原データ"}}, {"type": "Feature", "geometry": {"type": "Point", "coordinates": [132.953998, 32.982027]}, "properties": {"amenity": "pharmacy", "healthcare": "pharmacy", "name": "セイショー堂薬局", "official_name": "セイショー堂薬局", "name:ja-Hira": "せいしょーどうやっきょく", "name:ja-Latn": "Seishodou Yakkyoku", "opening_hours": "Mo,We,Fr 09:00-12:30,14:00-17:30; Tu,Th,Sa 09:00-12:30; PH off; Dec 30-Jan 03,Aug 15 off", "addr:full": "高知県四万十市古津賀４丁目６２番地", "addr:country": "JP", "addr:province": "高知県", "addr:city": "四万十市", "addr:neighbourhood": "古津賀四丁目", "source": "厚生労働省 医療情報ネットのオープンデータ (2026-06-01)", "_id": "3955395006460", "_座標の出典": "原データ"}}, {"type": "Feature", "geometry": {"type": "Point", "coordinates": [132.711231, 32.932124]}, "properties": {"amenity": "pharmacy", "healthcare": "pharmacy", "name": "アイ薬局", "official_name": "アイ薬局", "name:ja-Hira": "あいやっきょく", "name:ja-Latn": "Ai Yakkyoku", "opening_hours": "Mo,Tu,We,Th,Fr 09:00-18:00; Sa 09:00-13:00; PH off; Dec 31-Jan 03 off", "addr:full": "高知県宿毛市宿毛５４９２－２", "addr:country": "JP", "addr:province": "高知県", "addr:city": "宿毛市", "addr:neighbourhood": "宿毛", "source": "厚生労働省 医療情報ネットのオープンデータ (2026-06-01)", "_id": "3955395006480", "_座標の出典": "原データ"}}, {"type": "Feature", "geometry": {"type": "Point", "coordinates": [132.70777, 32.822595]}, "properties": {"amenity": "pharmacy", "healthcare": "pharmacy", "name": "おおつき薬局", "official_name": "おおつき薬局", "name:ja-Hira": "おおつきやっきょく", "name:ja-Latn": "Ootsuki Yakkyoku", "opening_hours": "Mo,Tu,We,Th,Fr 08:30-18:00; PH off; Dec 29-Jan 03 off", "website": "http://myskochi.com", "addr:full": "高知県幡多郡大月町鉾土３５－１", "addr:country": "JP", "addr:province": "高知県", "addr:county": "幡多郡", "addr:city": "大月町", "addr:neighbourhood": "大字鉾土", "source": "厚生労働省 医療情報ネットのオープンデータ (2026-06-01)", "_id": "3955395006490", "_座標の出典": "原データ"}}, {"type": "Feature", "geometry": {"type": "Point", "coordinates": [133.431848, 33.496149]}, "properties": {"amenity": "pharmacy", "healthcare": "pharmacy", "name": "変電所通薬局", "official_name": "株式会社エムドラッグ　変電所通薬局", "opening_hours": "Mo,Tu,We,Th,Fr 08:30-18:00; Sa 08:30-13:00; PH off; Dec 30-Jan 03 off", "addr:full": "高知県土佐市高岡町甲９１９－５", "addr:country": "JP", "addr:province": "高知県", "addr:city": "土佐市", "addr:neighbourhood": "高岡町甲", "source": "厚生労働省 医療情報ネットのオープンデータ (2026-06-01)", "_id": "3955395006520", "_座標の出典": "原データ"}}, {"type": "Feature", "geometry": {"type": "Point", "coordinates": [133.483348, 33.540599]}, "properties": {"amenity": "pharmacy", "healthcare": "pharmacy", "name": "くろしお薬局朝倉西店", "official_name": "株式会社くろしお薬局朝倉西店", "opening_hours": "Mo,Tu,We,Th,Fr 08:30-18:00; Sa 08:30-17:00; PH off; Dec 30-Jan 03 off", "website": "http://www.drug-kuroshio.co.jp/", "addr:full": "高知県高知市鵜来巣１１番３７－２号", "addr:country": "JP", "addr:province": "高知県", "addr:city": "高知市", "addr:neighbourhood": "鵜来巣", "addr:block_number": "11", "addr:housenumber": "37-2", "source": "厚生労働省 医療情報ネットのオープンデータ (2026-06-01)", "_id": "3955395006540", "_座標の出典": "原データ"}}, {"type": "Feature", "geometry": {"type": "Point", "coordinates": [133.542677, 33.577236]}, "properties": {"amenity": "pharmacy", "healthcare": "pharmacy", "name": "イオン薬局高知店", "official_name": "イオン薬局高知店", "name:ja-Hira": "いおんやっきょくこうちてん", "name:ja-Latn": "Ion Yakkyoku Kouchiten", "opening_hours": "Mo,Tu,We,Th,Fr,Sa,Su,PH 09:00-21:00", "addr:full": "高知県高知市秦南町１－４－８", "addr:country": "JP", "addr:province": "高知県", "addr:city": "高知市", "addr:neighbourhood": "秦南町一丁目", "addr:block_number": "4", "addr:housenumber": "8", "source": "厚生労働省 医療情報ネットのオープンデータ (2026-06-01)", "_id": "3955395006550", "_座標の出典": "原データ"}}, {"type": "Feature", "geometry": {"type": "Point", "coordinates": [133.520558, 33.567625]}, "properties": {"amenity": "pharmacy", "healthcare": "pharmacy", "name": "すずらん薬局", "official_name": "すずらん薬局", "name:ja-Hira": "すずらんやっきょく", "name:en": "Suzuran Pharmacy", "opening_hours": "Mo,Tu,Th,Fr 09:00-18:30; We 09:00-17:00; Sa 09:00-13:00; PH off; Dec 31-Jan 03 off", "website": "http://www.drug-kuroshio.co.jp/", "addr:full": "高知県高知市南万々", "addr:country": "JP", "addr:province": "高知県", "addr:city": "高知市", "addr:neighbourhood": "南万々", "source": "厚生労働省 医療情報ネットのオープンデータ (2026-06-01)", "_id": "3955395006560", "_座標の出典": "原データ"}}, {"type": "Feature", "geometry": {"type": "Point", "coordinates": [133.906086, 33.499536]}, "properties": {"amenity": "pharmacy", "healthcare": "pharmacy", "name": "元氣堂調剤薬局 あき店", "official_name": "元氣堂調剤薬局　あき店", "name:ja-Hira": "げんきどうちょうざいやっきょくあきてん", "name:ja-Latn": "Genkidoutyouzaiyakkyoku Akiten", "opening_hours": "Mo,Tu,We,Fr,Sa 09:00-17:00; PH off; Dec 31-Jan 03 off", "addr:full": "高知県安芸市本町２丁目２ー３", "addr:country": "JP", "addr:province": "高知県", "addr:city": "安芸市", "addr:neighbourhood": "本町二丁目", "addr:block_number": "2", "addr:housenumber": "3", "source": "厚生労働省 医療情報ネットのオープンデータ (2026-06-01)", "_id": "3955395006590", "_座標の出典": "原データ"}}, {"type": "Feature", "geometry": {"type": "Point", "coordinates": [133.508528, 33.568352]}, "properties": {"amenity": "pharmacy", "healthcare": "pharmacy", "name": "きらら薬局", "official_name": "きらら薬局", "name:ja-Hira": "きららやっきょく", "name:ja-Latn": "Kirara Yakkyoku", "opening_hours": "Mo,Tu,We,Fr 09:00-18:00; Th 09:00-17:00; Sa 09:00-13:00; Dec 30-Jan 03 off", "addr:full": "高知県高知市福井扇町１１８０－２", "addr:country": "JP", "addr:province": "高知県", "addr:city": "高知市", "addr:neighbourhood": "福井扇町", "source": "厚生労働省 医療情報ネットのオープンデータ (2026-06-01)", "_id": "3955395006620", "_座標の出典": "原データ"}}, {"type": "Feature", "geometry": {"type": "Point", "coordinates": [133.52816, 33.559974]}, "properties": {"amenity": "pharmacy", "healthcare": "pharmacy", "name": "高知県薬剤師会会営薬局", "official_name": "高知県薬剤師会会営薬局", "name:ja-Hira": "こうちけんやくざいしかいかいえいやっきょく", "opening_hours": "Mo,Tu,We,Th,Fr 20:00-23:00; Sa 20:00-08:00; Su,PH 09:00-22:00", "addr:full": "高知県高知市丸ノ内１－７－４５　総合あんしんセンター１階", "addr:country": "JP", "addr:province": "高知県", "addr:city": "高知市", "addr:neighbourhood": "丸ノ内一丁目", "addr:block_number": "7", "addr:housenumber": "45", "source": "厚生労働省 医療情報ネットのオープンデータ (2026-06-01)", "_id": "3955395006630", "_座標の出典": "原データ"}}, {"type": "Feature", "geometry": {"type": "Point", "coordinates": [133.548045, 33.554539]}, "properties": {"amenity": "pharmacy", "healthcare": "pharmacy", "name": "病院通薬局みなみ店", "official_name": "病院通薬局みなみ店", "name:ja-Hira": "びょういんどおりやっきょくみなみてん", "name:ja-Latn": "Byouindoriyakkyoku Minamiten", "opening_hours": "Mo,Tu,We,Fr 09:00-18:00; Th 09:00-17:00; Sa 09:00-13:00; PH off; Dec 30-Jan 03 off", "website": "http://www.kurisu-p.com", "addr:full": "高知県高知市役知町１５－６", "addr:country": "JP", "addr:province": "高知県", "addr:city": "高知市", "addr:neighbourhood": "役知町", "addr:block_number": "15", "addr:housenumber": "6", "source": "厚生労働省 医療情報ネットのオープンデータ (2026-06-01)", "_id": "3955395006650", "_座標の出典": "原データ"}}, {"type": "Feature", "geometry": {"type": "Point", "coordinates": [133.429839, 33.547894]}, "properties": {"amenity": "pharmacy", "healthcare": "pharmacy", "name": "病院通薬局いの店", "official_name": "病院通薬局いの店", "name:ja-Hira": "びょういんどおりやっきょく いのてん", "name:ja-Latn": "Byouindori Yakkyoku Ino-ten", "opening_hours": "Mo,Tu,We,Th,Fr 09:00-18:00; Sa 09:00-13:00; PH off; Dec 31-Jan 03 off", "website": "http://www.kurisu-p.com", "addr:full": "高知県吾川郡いの町新町２６番地サミットビル１Ｆ", "addr:country": "JP", "addr:province": "高知県", "addr:county": "吾川郡", "addr:city": "いの町", "addr:neighbourhood": "新町", "source": "厚生労働省 医療情報ネットのオープンデータ (2026-06-01)", "_id": "3955395006700", "_座標の出典": "原データ"}}, {"type": "Feature", "geometry": {"type": "Point", "coordinates": [133.140091, 33.209543]}, "properties": {"amenity": "pharmacy", "healthcare": "pharmacy", "name": "武田薬局", "official_name": "遠江堂　武田薬局", "opening_hours": "Mo,Tu,We,Th,Fr,Sa,PH 09:00-18:00; Jan 01-Jan 03 off", "addr:full": "高知県高岡郡四万十町古市町１１３－４", "addr:country": "JP", "addr:province": "高知県", "addr:county": "高岡郡", "addr:city": "四万十町", "addr:neighbourhood": "古市町", "source": "厚生労働省 医療情報ネットのオープンデータ (2026-06-01)", "_id": "3955395006710", "_座標の出典": "原データ"}}, {"type": "Feature", "geometry": {"type": "Point", "coordinates": [134.15372, 33.291597]}, "properties": {"amenity": "pharmacy", "healthcare": "pharmacy", "name": "らいおん堂薬局室戸店", "official_name": "らいおん堂薬局室戸店", "name:ja-Hira": "らいおんどうやっきょくむろとてん", "name:ja-Latn": "Raiondo Yakkyoku Murototen", "opening_hours": "Mo,Tu,We,Th,Fr 09:00-17:30; Sa 09:00-13:00; PH off; Dec 31-Jan 03 off", "addr:full": "高知県室戸市浮津４８－４", "addr:country": "JP", "addr:province": "高知県", "addr:city": "室戸市", "addr:neighbourhood": "浮津", "source": "厚生労働省 医療情報ネットのオープンデータ (2026-06-01)", "_id": "3955395006740", "_座標の出典": "原データ"}}, {"type": "Feature", "geometry": {"type": "Point", "coordinates": [133.510261, 33.542204]}, "properties": {"amenity": "pharmacy", "healthcare": "pharmacy", "name": "にしもり薬局 神田店", "official_name": "にしもり薬局　神田店", "name:ja-Hira": "にしもりやっきょく こうだてん", "name:ja-Latn": "Nisimori Yakyoku Kodaten", "opening_hours": "Mo,Tu,We,Fr 09:00-19:00; Th 09:00-13:00; Sa 09:00-17:00; PH off; Dec 30-Jan 03 off", "addr:full": "高知県高知市神田１０３９－１", "addr:country": "JP", "addr:province": "高知県", "addr:city": "高知市", "addr:neighbourhood": "神田", "source": "厚生労働省 医療情報ネットのオープンデータ (2026-06-01)", "_id": "3955395006770", "_座標の出典": "原データ"}}, {"type": "Feature", "geometry": {"type": "Point", "coordinates": [133.553112346, 33.546364493]}, "properties": {"amenity": "pharmacy", "healthcare": "pharmacy", "name": "ミモザ薬局", "official_name": "ミモザ薬局", "name:ja-Hira": "みもざやっきょっく", "name:ja-Latn": "Mimozayakkyoku", "opening_hours": "Mo,Tu,We 09:00-18:00; Th 09:00-17:00; Fr 09:00-19:00; Sa 09:00-13:00; PH off; Jan 01-Jan 03 off", "addr:full": "高知県高知市萩町１丁目６－４７", "addr:country": "JP", "addr:province": "高知県", "addr:city": "高知市", "addr:neighbourhood": "萩町一丁目", "addr:block_number": "6", "addr:housenumber": "47", "source": "厚生労働省 医療情報ネットのオープンデータ (2026-06-01)", "_id": "3955395006800", "_座標の出典": "ジオコーディング"}}, {"type": "Feature", "geometry": {"type": "Point", "coordinates": [133.284219, 33.408989]}, "properties": {"amenity": "pharmacy", "healthcare": "pharmacy", "name": "たきぐち薬局", "official_name": "たきぐち薬局", "name:ja-Hira": "たきぐちやっきょく", "name:en": "takiguchi pharmacy", "opening_hours": "Mo,Tu,We,Th,Fr 09:00-18:00; Sa 09:00-13:00; PH off; Dec 31-Jan 03 off", "website": "http://inf-pha.com", "addr:full": "高知県須崎市多ノ郷甲５７５６番地", "addr:country": "JP", "addr:province": "高知県", "addr:city": "須崎市", "addr:neighbourhood": "多ノ郷甲", "source": "厚生労働省 医療情報ネットのオープンデータ (2026-06-01)", "_id": "3955395006810", "_座標の出典": "原データ"}}, {"type": "Feature", "geometry": {"type": "Point", "coordinates": [132.806318, 32.96481]}, "properties": {"amenity": "pharmacy", "healthcare": "pharmacy", "name": "すみれ薬局 けんみん前店", "official_name": "すみれ薬局　けんみん前店", "name:ja-Hira": "すみれやっきょく けんみんまえてん", "name:ja-Latn": "Sumire Yakkyoku Kenminmaeten", "opening_hours": "Mo,Tu,We,Th,Fr 08:30-18:00; PH off; Dec 29-Jan 03 off", "website": "http://sumireyakkyoku.co.jp/", "addr:full": "高知県宿毛市平田町戸内２０８５ー４", "addr:country": "JP", "addr:province": "高知県", "addr:city": "宿毛市", "addr:neighbourhood": "平田町戸内", "source": "厚生労働省 医療情報ネットのオープンデータ (2026-06-01)", "_id": "3955395006860", "_座標の出典": "原データ"}}, {"type": "Feature", "geometry": {"type": "Point", "coordinates": [132.805996, 32.964468]}, "properties": {"amenity": "pharmacy", "healthcare": "pharmacy", "name": "けんみん薬局", "official_name": "けんみん薬局", "name:ja-Hira": "けんみんやっきょく", "name:ja-Latn": "Kenmin Yakkyoku", "opening_hours": "Mo,Tu,We,Th,Fr 08:30-18:00; PH off; Dec 29-Jan 03 off", "addr:full": "高知県宿毛市山奈町芳奈３－１８", "addr:country": "JP", "addr:province": "高知県", "addr:city": "宿毛市", "addr:neighbourhood": "山奈町芳奈", "source": "厚生労働省 医療情報ネットのオープンデータ (2026-06-01)", "_id": "3955395006880", "_座標の出典": "原データ"}}, {"type": "Feature", "geometry": {"type": "Point", "coordinates": [133.542547, 33.542832]}, "properties": {"amenity": "pharmacy", "healthcare": "pharmacy", "name": "うしおえ薬局", "official_name": "うしおえ薬局", "name:ja-Hira": "うしおえやっきょく", "name:ja-Latn": "Ushioe Yakkyoku", "opening_hours": "Mo,Tu,Th,Fr 09:00-18:00; We,Sa 09:00-17:00; PH off; Dec 31-Jan 03 off", "website": "https://holistic-ph.com/ph/store/ushioe.html", "addr:full": "高知県高知市竹島町１３－１うしおえメディカルビル・イーア１Ｆ", "addr:country": "JP", "addr:province": "高知県", "addr:city": "高知市", "addr:neighbourhood": "竹島町", "source": "厚生労働省 医療情報ネットのオープンデータ (2026-06-01)", "_id": "3955395006910", "_座標の出典": "原データ"}}, {"type": "Feature", "geometry": {"type": "Point", "coordinates": [133.483859, 33.540904]}, "properties": {"amenity": "pharmacy", "healthcare": "pharmacy", "name": "うぐるす薬局", "official_name": "うぐるす薬局", "name:ja-Hira": "うぐるすやっきょく", "name:ja-Latn": "Ugurusu Yakkyoku", "opening_hours": "Mo,Tu,We,Th,Fr 09:00-18:00; Sa 09:00-16:00; PH off; Dec 31-Jan 03 off", "website": "https://holistic-ph.com/ph/store/ugurusu.html", "addr:full": "高知県高知市鵜来巣１１－３８－８－１０１", "addr:country": "JP", "addr:province": "高知県", "addr:city": "高知市", "addr:neighbourhood": "鵜来巣", "addr:block_number": "11", "addr:housenumber": "38-8", "source": "厚生労働省 医療情報ネットのオープンデータ (2026-06-01)", "_id": "3955395006930", "_座標の出典": "原データ"}}, {"type": "Feature", "geometry": {"type": "Point", "coordinates": [133.541172, 33.564198]}, "properties": {"amenity": "pharmacy", "healthcare": "pharmacy", "name": "カイセイ薬局", "official_name": "カイセイ薬局", "name:ja-Hira": "かいせいやっきょく", "name:en": "Kaisei Pharmacy", "opening_hours": "Mo,Tu,We,Th,Fr 09:00-21:00; Sa,Su,PH 09:00-18:00", "website": "https://ikuseikai.org/", "addr:full": "高知県高知市大川筋１－３－５０", "addr:country": "JP", "addr:province": "高知県", "addr:city": "高知市", "addr:neighbourhood": "大川筋一丁目", "addr:block_number": "3", "addr:housenumber": "50", "source": "厚生労働省 医療情報ネットのオープンデータ (2026-06-01)", "_id": "3955395006940", "_座標の出典": "原データ"}}, {"type": "Feature", "geometry": {"type": "Point", "coordinates": [132.937025, 32.989984]}, "properties": {"amenity": "pharmacy", "healthcare": "pharmacy", "name": "しまんと薬局", "official_name": "しまんと薬局", "name:ja-Hira": "しまんとやっきょく", "opening_hours": "Mo,Tu,We,Th,Fr 09:00-18:30; Sa 09:00-13:00; PH off; Dec 30-Jan 03 off", "addr:full": "高知県四万十市中村大橋通６丁目３－７", "addr:country": "JP", "addr:province": "高知県", "addr:city": "四万十市", "addr:neighbourhood": "中村大橋通六丁目", "source": "厚生労働省 医療情報ネットのオープンデータ (2026-06-01)", "_id": "3955395006980", "_座標の出典": "原データ"}}, {"type": "Feature", "geometry": {"type": "Point", "coordinates": [133.551551, 33.565376]}, "properties": {"amenity": "pharmacy", "healthcare": "pharmacy", "name": "あじさい薬局 北本町店", "official_name": "あじさい薬局　北本町店", "name:ja-Hira": "あじさいやっきょく きたほんまちてん", "name:ja-Latn": "Ajisai Yakkyoku Kitahonmatiten", "opening_hours": "Mo,Tu,We,Fr 09:00-17:30; Th 09:00-17:00; Sa 08:30-17:00; PH off; Dec 31-Jan 03 off", "website": "http://www.drug-kuroshio.co.jp/", "addr:full": "高知県高知市北本町４丁目３番４号", "addr:country": "JP", "addr:province": "高知県", "addr:city": "高知市", "addr:neighbourhood": "北本町四丁目", "addr:block_number": "3", "addr:housenumber": "4", "source": "厚生労働省 医療情報ネットのオープンデータ (2026-06-01)", "_id": "3955395007010", "_座標の出典": "原データ"}}, {"type": "Feature", "geometry": {"type": "Point", "coordinates": [133.158851, 33.43917]}, "properties": {"amenity": "pharmacy", "healthcare": "pharmacy", "name": "クオール薬局杉ノ川店", "official_name": "クオール薬局杉ノ川店", "name:ja-Hira": "くおーるやっきょくすぎのかわてん", "name:ja-Latn": "Kuoruyakkyoku Suginokawaten", "opening_hours": "Mo,Tu,We,Th,Fr 08:30-18:00; Sa 08:30-12:30; PH off; Dec 29-Jan 03 off", "website": "https://www.qol-net.co.jp/", "addr:full": "高知県高岡郡津野町杉ノ川甲３８－３", "addr:country": "JP", "addr:province": "高知県", "addr:county": "高岡郡", "addr:city": "津野町", "addr:neighbourhood": "杉ノ川甲", "source": "厚生労働省 医療情報ネットのオープンデータ (2026-06-01)", "_id": "3955395007030", "_座標の出典": "原データ"}}, {"type": "Feature", "geometry": {"type": "Point", "coordinates": [133.510945, 33.566304]}, "properties": {"amenity": "pharmacy", "healthcare": "pharmacy", "name": "ふくい薬局", "official_name": "ふくい薬局", "name:ja-Hira": "ふくいやっきょく", "name:ja-Latn": "Fukui Yakkyoku", "opening_hours": "Mo,We 09:00-18:00; Tu,Fr 09:00-19:00; Th 09:00-17:00; Sa 09:00-16:00; PH off; Dec 31-Jan 03 off", "website": "https://holistic-ph.com/ph/store/fukui.html", "addr:full": "高知県高知市福井町８１１－１", "addr:country": "JP", "addr:province": "高知県", "addr:city": "高知市", "addr:neighbourhood": "福井町", "source": "厚生労働省 医療情報ネットのオープンデータ (2026-06-01)", "_id": "3955395007070", "_座標の出典": "原データ"}}, {"type": "Feature", "geometry": {"type": "Point", "coordinates": [133.511509, 33.54508]}, "properties": {"amenity": "pharmacy", "healthcare": "pharmacy", "name": "ワンツー薬局", "official_name": "ワンツー薬局", "name:ja-Hira": "わんつーやっきょく", "name:ja-Latn": "Wantuu Yakkyoku", "opening_hours": "Mo,Tu,Th,Fr 09:00-18:30; We,Sa 09:00-18:00; PH off; Dec 31-Jan 03 off", "website": "http://www.drug-kuroshio.co.jp/", "addr:full": "高知県高知市神田８４０－１", "addr:country": "JP", "addr:province": "高知県", "addr:city": "高知市", "addr:neighbourhood": "神田", "source": "厚生労働省 医療情報ネットのオープンデータ (2026-06-01)", "_id": "3955395007110", "_座標の出典": "原データ"}}, {"type": "Feature", "geometry": {"type": "Point", "coordinates": [133.551607, 33.553019]}, "properties": {"amenity": "pharmacy", "healthcare": "pharmacy", "name": "きらら薬局北新田店", "official_name": "きらら薬局北新田店", "name:ja-Hira": "きららやっきょくきたしんたてん", "opening_hours": "Mo,Tu,We,Fr 09:00-18:00; Th 09:00-17:00; Sa 09:00-13:00; PH off", "addr:full": "高知県高知市北新田町９－１５", "addr:country": "JP", "addr:province": "高知県", "addr:city": "高知市", "addr:neighbourhood": "北新田町", "addr:block_number": "9", "addr:housenumber": "15", "source": "厚生労働省 医療情報ネットのオープンデータ (2026-06-01)", "_id": "3955395007120", "_座標の出典": "原データ"}}, {"type": "Feature", "geometry": {"type": "Point", "coordinates": [133.212947, 33.440896]}, "properties": {"amenity": "pharmacy", "healthcare": "pharmacy", "name": "クオール薬局姫野々店", "official_name": "クオール薬局姫野々店", "name:ja-Hira": "くおーるやっきょくひめののてん", "name:ja-Latn": "Kuoru Yakkyoku Himenonoten", "opening_hours": "Mo,Tu,We,Th,Fr 08:30-17:00; Sa 08:30-12:30; PH off; Dec 29-Jan 03 off", "website": "http://www.qol-net.co.jp/", "addr:full": "高知県高岡郡津野町姫野々４７３－１", "addr:country": "JP", "addr:province": "高知県", "addr:county": "高岡郡", "addr:city": "津野町", "addr:neighbourhood": "姫野々", "source": "厚生労働省 医療情報ネットのオープンデータ (2026-06-01)", "_id": "3955395007150", "_座標の出典": "原データ"}}, {"type": "Feature", "geometry": {"type": "Point", "coordinates": [133.558012, 33.747091]}, "properties": {"amenity": "pharmacy", "healthcare": "pharmacy", "name": "エール薬局 さめうら店", "official_name": "エール薬局　さめうら店", "name:ja-Hira": "えーるやっきょく さめうらてん", "name:ja-Latn": "E-ru Yakkyoku Sameuraten", "opening_hours": "Mo,Tu,We,Th,Fr 08:30-17:30; Sa 08:30-13:00; PH off; Dec 31-Jan 03 off", "website": "http://www.yell-group.net", "addr:full": "高知県土佐郡土佐町田井１３７２－５", "addr:country": "JP", "addr:province": "高知県", "addr:county": "土佐郡", "addr:city": "土佐町", "addr:neighbourhood": "田井", "source": "厚生労働省 医療情報ネットのオープンデータ (2026-06-01)", "_id": "3955395007160", "_座標の出典": "原データ"}}, {"type": "Feature", "geometry": {"type": "Point", "coordinates": [133.537016, 33.565857]}, "properties": {"amenity": "pharmacy", "healthcare": "pharmacy", "name": "あおぞら薬局", "official_name": "株式会社愛宕調剤　あおぞら薬局", "opening_hours": "Mo,Tu,We,Th,Fr 08:45-17:45; Sa 08:45-13:45; PH off; Dec 31-Jan 03 off", "addr:full": "高知県高知市愛宕町１丁目４番７号", "addr:country": "JP", "addr:province": "高知県", "addr:city": "高知市", "addr:neighbourhood": "愛宕町一丁目", "addr:block_number": "4", "addr:housenumber": "7", "source": "厚生労働省 医療情報ネットのオープンデータ (2026-06-01)", "_id": "3955395007170", "_座標の出典": "原データ"}}, {"type": "Feature", "geometry": {"type": "Point", "coordinates": [133.898052529, 33.506076852]}, "properties": {"amenity": "pharmacy", "healthcare": "pharmacy", "name": "ライオン薬局安芸店", "official_name": "ライオン薬局安芸店", "name:ja-Hira": "らいおんやっきょくあきてん", "name:en": "Raion Pharmacy Akitenn", "opening_hours": "Mo,Tu,We,Th,Fr 08:30-17:30; Sa 08:30-12:30; PH off; Dec 29-Jan 03 off", "addr:full": "高知県安芸市宝永町７－１３", "addr:country": "JP", "addr:province": "高知県", "addr:city": "安芸市", "addr:neighbourhood": "宝永町", "addr:block_number": "7", "addr:housenumber": "13", "source": "厚生労働省 医療情報ネットのオープンデータ (2026-06-01)", "_id": "3955395007180", "_座標の出典": "ジオコーディング"}}, {"type": "Feature", "geometry": {"type": "Point", "coordinates": [133.503284, 33.555987]}, "properties": {"amenity": "pharmacy", "healthcare": "pharmacy", "name": "旭サテライト薬局", "official_name": "旭サテライト薬局", "name:ja-Hira": "あさひさてらいとやっきょく", "name:en": "AsahiSateraitoPharmacy", "opening_hours": "Mo,Tu,We,Fr 09:00-18:30; Th 10:00-18:00; Sa 09:00-17:00; PH off; Dec 30-Jan 03 off || off \"GWは休診\"", "addr:full": "高知県高知市旭上町３０ー２３", "addr:country": "JP", "addr:province": "高知県", "addr:city": "高知市", "addr:neighbourhood": "旭上町", "source": "厚生労働省 医療情報ネットのオープンデータ (2026-06-01)", "_id": "3955395007200", "_座標の出典": "原データ"}}, {"type": "Feature", "geometry": {"type": "Point", "coordinates": [133.421735, 33.495651]}, "properties": {"amenity": "pharmacy", "healthcare": "pharmacy", "name": "プラス薬局", "official_name": "プラス薬局", "name:ja-Hira": "ぷらすやっきょく", "opening_hours": "Mo,Tu,We,Fr 09:00-18:00; Th 09:00-17:00; Sa 09:00-16:00; PH off", "addr:full": "高知県土佐市高岡町甲２１５４－３７", "addr:country": "JP", "addr:province": "高知県", "addr:city": "土佐市", "addr:neighbourhood": "高岡町甲", "source": "厚生労働省 医療情報ネットのオープンデータ (2026-06-01)", "_id": "3955395007220", "_座標の出典": "原データ"}}, {"type": "Feature", "geometry": {"type": "Point", "coordinates": [133.508339, 33.54235]}, "properties": {"amenity": "pharmacy", "healthcare": "pharmacy", "name": "神田月光薬局", "official_name": "神田月光薬局", "name:ja-Hira": "こうだげっこうやっきょく", "opening_hours": "Mo,Tu,Th,Fr,Sa 09:00-18:00; We 09:00-17:00; PH off; Dec 29-Jan 03 off", "website": "http://www.drug-kuroshio.co.jp/", "addr:full": "高知県高知市神田４０８－６", "addr:country": "JP", "addr:province": "高知県", "addr:city": "高知市", "addr:neighbourhood": "神田", "source": "厚生労働省 医療情報ネットのオープンデータ (2026-06-01)", "_id": "3955395007230", "_座標の出典": "原データ"}}, {"type": "Feature", "geometry": {"type": "Point", "coordinates": [133.536547, 33.56851]}, "properties": {"amenity": "pharmacy", "healthcare": "pharmacy", "name": "あとむ薬局", "official_name": "あとむ薬局", "name:ja-Hira": "あとむやっきょく", "name:en": "Atomu Pharmacy", "opening_hours": "Mo,Tu,Th,Fr 09:00-18:00; We 09:00-17:00; Sa 09:00-12:30; PH off; Dec 30-Jan 03 off", "website": "http://www.shikoku-dsp.co.jp/", "addr:full": "高知県高知市愛宕町２丁目１９－４", "addr:country": "JP", "addr:province": "高知県", "addr:city": "高知市", "addr:neighbourhood": "愛宕町二丁目", "addr:block_number": "19", "addr:housenumber": "4", "source": "厚生労働省 医療情報ネットのオープンデータ (2026-06-01)", "_id": "3955395007240", "_座標の出典": "原データ"}}, {"type": "Feature", "geometry": {"type": "Point", "coordinates": [133.547863, 33.557883]}, "properties": {"amenity": "pharmacy", "healthcare": "pharmacy", "name": "病院通薬局さくら店", "official_name": "病院通薬局さくら店", "name:ja-Hira": "びょういんどおりやっきょくさくらてん", "name:ja-Latn": "Byouinndoriyakkyoku Sakuraten", "opening_hours": "Mo,Tu,We,Th,Fr 09:00-18:00; Sa 09:00-13:00; PH off; Dec 30-Jan 03 off", "website": "http://www.kurisu-p.com", "addr:full": "高知県高知市九反田３－９", "addr:country": "JP", "addr:province": "高知県", "addr:city": "高知市", "addr:neighbourhood": "九反田", "addr:block_number": "3", "addr:housenumber": "9", "source": "厚生労働省 医療情報ネットのオープンデータ (2026-06-01)", "_id": "3955395007250", "_座標の出典": "原データ"}}, {"type": "Feature", "geometry": {"type": "Point", "coordinates": [133.544825, 33.551772]}, "properties": {"amenity": "pharmacy", "healthcare": "pharmacy", "name": "オリーブ薬局", "official_name": "オリーブ薬局", "name:ja-Hira": "おりーぶやっきょく", "opening_hours": "Mo,Tu,We,Fr,Sa 09:00-18:00; Th 09:00-13:00; PH off; Dec 31-Jan 03 off", "addr:full": "高知県高知市桟橋通１丁目１３－４", "addr:country": "JP", "addr:province": "高知県", "addr:city": "高知市", "addr:neighbourhood": "桟橋通一丁目", "addr:block_number": "13", "addr:housenumber": "4", "source": "厚生労働省 医療情報ネットのオープンデータ (2026-06-01)", "_id": "3955395007270", "_座標の出典": "原データ"}}, {"type": "Feature", "geometry": {"type": "Point", "coordinates": [133.286881, 33.412466]}, "properties": {"amenity": "pharmacy", "healthcare": "pharmacy", "name": "サンファーマシーなごみ薬局", "official_name": "有限会社サンファーマシーなごみ薬局", "name:en": "Nagomi Pharmacy Nagomi Yakkyoku", "opening_hours": "Mo,Tu,Th,Fr 09:00-17:00; We 09:00-13:00; Sa 09:00-12:30; Sa[1,3,5] off; PH off; Jan 01-Jan 03 off", "website": "http://sunp-1998.co.jp/publics/index/82/", "addr:full": "高知県須崎市赤崎町７―２１", "addr:country": "JP", "addr:province": "高知県", "addr:city": "須崎市", "addr:neighbourhood": "赤崎町", "addr:block_number": "7", "addr:housenumber": "21", "source": "厚生労働省 医療情報ネットのオープンデータ (2026-06-01)", "_id": "3955395007280", "_座標の出典": "原データ"}}, {"type": "Feature", "geometry": {"type": "Point", "coordinates": [133.90966, 33.507656]}, "properties": {"amenity": "pharmacy", "healthcare": "pharmacy", "name": "ウエルシア薬局安芸東浜店", "official_name": "ウエルシア薬局安芸東浜店", "name:ja-Hira": "うえるしあやっきょくあきひがしはまてん", "name:en": "Uerushia Pharmacy Akihigashihamaten", "opening_hours": "Mo,Tu,Th,Fr 08:20-18:00; We 08:20-17:00; Sa 08:20-13:00; PH off; Dec 31-Jan 03 off", "website": "https://stores.welcia.co.jp/8414D", "addr:full": "高知県安芸市東浜１５９ー１", "addr:country": "JP", "addr:province": "高知県", "addr:city": "安芸市", "addr:neighbourhood": "東浜", "source": "厚生労働省 医療情報ネットのオープンデータ (2026-06-01)", "_id": "3955395007290", "_座標の出典": "原データ"}}, {"type": "Feature", "geometry": {"type": "Point", "coordinates": [133.485838, 33.543877]}, "properties": {"amenity": "pharmacy", "healthcare": "pharmacy", "name": "調剤薬局ツルハドラッグ朝倉店", "official_name": "調剤薬局ツルハドラッグ朝倉店", "name:ja-Hira": "ちょうざいやっきょくつるはどらっぐあさくらてん", "opening_hours": "Mo,Tu,We,Th,Fr 09:00-19:00; Sa 09:00-18:00; PH off; Dec 29-Jan 03 off", "website": "http://www.tsuruha.co.jp/", "addr:full": "高知県高知市若草町１６－４０", "addr:country": "JP", "addr:province": "高知県", "addr:city": "高知市", "addr:neighbourhood": "若草町", "addr:block_number": "16", "addr:housenumber": "40", "source": "厚生労働省 医療情報ネットのオープンデータ (2026-06-01)", "_id": "3955395007300", "_座標の出典": "原データ"}}, {"type": "Feature", "geometry": {"type": "Point", "coordinates": [133.615626, 33.593584]}, "properties": {"amenity": "pharmacy", "healthcare": "pharmacy", "name": "エール薬局 医大前店", "official_name": "エール薬局　医大前店", "name:ja-Hira": "えーるやっきょく いだいまえてん", "name:ja-Latn": "E-ru Yakkyoku Idaimaeten", "opening_hours": "Mo,Tu,We,Th,Fr 09:00-18:00; Sa 15:15-16:15; PH off; Dec 29-Jan 03 off", "website": "http://www.yell-group.net/", "addr:full": "高知県南国市岡豊町小蓮１１７４ー５", "addr:country": "JP", "addr:province": "高知県", "addr:city": "南国市", "addr:neighbourhood": "岡豊町小蓮", "source": "厚生労働省 医療情報ネットのオープンデータ (2026-06-01)", "_id": "3955395007310", "_座標の出典": "原データ"}}, {"type": "Feature", "geometry": {"type": "Point", "coordinates": [133.507472, 33.556672]}, "properties": {"amenity": "pharmacy", "healthcare": "pharmacy", "name": "あとむ薬局 旭店", "official_name": "あとむ薬局　旭店", "name:ja-Hira": "あとむやっきょく あさひてん", "opening_hours": "Mo,We 09:00-17:00; Tu,Th,Fr 09:00-18:00; Sa 09:00-13:00; PH off; Dec 30-Jan 03 off", "website": "http://www.shikoku-dsp.co.jp/", "addr:full": "高知県高知市南元町２６番１", "addr:country": "JP", "addr:province": "高知県", "addr:city": "高知市", "addr:neighbourhood": "南元町", "source": "厚生労働省 医療情報ネットのオープンデータ (2026-06-01)", "_id": "3955395007350", "_座標の出典": "原データ"}}, {"type": "Feature", "geometry": {"type": "Point", "coordinates": [133.543875, 33.559102]}, "properties": {"amenity": "pharmacy", "healthcare": "pharmacy", "name": "つちばし薬局 はりまや店", "official_name": "つちばし薬局　はりまや店", "name:ja-Hira": "つちばしやっきょく はりまやてん", "name:ja-Latn": "Tsuchibashi Yakkyoku Harimayaten", "opening_hours": "Mo,Tu,Th,Fr,Sa 09:00-18:00; PH off; Dec 30-Jan 03 off || off \"GWは休診\"", "website": "http://www.tsuchibashi.co.jp/", "addr:full": "高知県高知市南はりまや町１－１７－２７　１Ｆ", "addr:country": "JP", "addr:province": "高知県", "addr:city": "高知市", "addr:neighbourhood": "南はりまや町一丁目", "addr:block_number": "17", "addr:housenumber": "27", "source": "厚生労働省 医療情報ネットのオープンデータ (2026-06-01)", "_id": "3955395007360", "_座標の出典": "原データ"}}, {"type": "Feature", "geometry": {"type": "Point", "coordinates": [133.507066, 33.556453]}, "properties": {"amenity": "pharmacy", "healthcare": "pharmacy", "name": "フルール薬局", "official_name": "フルール薬局", "name:ja-Hira": "ふるーるやっきょく", "opening_hours": "Mo,Th 09:00-18:00; Tu,We,Fr,Sa 09:00-19:30; PH off", "website": "http://www.belle-ph.com/", "addr:full": "高知県高知市南元町", "addr:country": "JP", "addr:province": "高知県", "addr:city": "高知市", "addr:neighbourhood": "南元町", "source": "厚生労働省 医療情報ネットのオープンデータ (2026-06-01)", "_id": "3955395007370", "_座標の出典": "原データ"}}, {"type": "Feature", "geometry": {"type": "Point", "coordinates": [133.898910138, 33.503479562]}, "properties": {"amenity": "pharmacy", "healthcare": "pharmacy", "name": "ゆり薬局", "official_name": "ゆり薬局", "name:ja-Hira": "ゆりやっきょく", "name:ja-Latn": "Yuri Yakkyoku", "opening_hours": "Mo,Tu,We,Fr 08:30-17:30; Th,Sa 08:30-13:00; Sa[1,2,4,5] off; PH off", "addr:full": "高知県安芸市庄之芝町９－３６", "addr:country": "JP", "addr:province": "高知県", "addr:city": "安芸市", "addr:neighbourhood": "庄之芝町", "addr:block_number": "9", "addr:housenumber": "36", "source": "厚生労働省 医療情報ネットのオープンデータ (2026-06-01)", "_id": "3955395007420", "_座標の出典": "ジオコーディング"}}, {"type": "Feature", "geometry": {"type": "Point", "coordinates": [133.571949, 33.517068]}, "properties": {"amenity": "pharmacy", "healthcare": "pharmacy", "name": "なでしこ薬局", "official_name": "なでしこ薬局", "name:ja-Hira": "なでしこやっきょく", "name:en": "nadeshiko pharmacy", "opening_hours": "Mo,Tu,We,Th,Fr 09:00-17:30; Sa 09:00-13:00; PH off; Dec 30-Jan 03 off", "addr:full": "高知県高知市仁井田４３５０―５", "addr:country": "JP", "addr:province": "高知県", "addr:city": "高知市", "addr:neighbourhood": "仁井田", "source": "厚生労働省 医療情報ネットのオープンデータ (2026-06-01)", "_id": "3955395007430", "_座標の出典": "原データ"}}, {"type": "Feature", "geometry": {"type": "Point", "coordinates": [133.554071, 33.551218]}, "properties": {"amenity": "pharmacy", "healthcare": "pharmacy", "name": "新田町うさぎ薬局", "official_name": "新田町うさぎ薬局", "name:ja-Hira": "しんたちょううさぎやっきょく", "name:en": "Shinta-toun Usagi Pharmacy", "opening_hours": "Mo,Tu,Th,Fr 09:00-17:30; We 09:00-12:30; Sa 09:00-13:00; PH off; Dec 30-Jan 03 off", "addr:full": "高知県高知市新田町１４－２６", "addr:country": "JP", "addr:province": "高知県", "addr:city": "高知市", "addr:neighbourhood": "新田町", "addr:block_number": "14", "addr:housenumber": "26", "source": "厚生労働省 医療情報ネットのオープンデータ (2026-06-01)", "_id": "3955395007460", "_座標の出典": "原データ"}}, {"type": "Feature", "geometry": {"type": "Point", "coordinates": [133.898621, 33.506119]}, "properties": {"amenity": "pharmacy", "healthcare": "pharmacy", "name": "宝永薬局", "official_name": "日本調剤　宝永薬局", "opening_hours": "Mo,Tu,We,Th,Fr 08:30-17:30; Sa 08:30-12:30; PH off; Dec 29-Jan 03 off || off \"GWは休診\"", "website": "https://www.nicho.co.jp/tenpo/houei/", "addr:full": "高知県安芸市宝永町７番１４号", "addr:country": "JP", "addr:province": "高知県", "addr:city": "安芸市", "addr:neighbourhood": "宝永町", "addr:block_number": "7", "addr:housenumber": "14", "source": "厚生労働省 医療情報ネットのオープンデータ (2026-06-01)", "_id": "3955395007470", "_座標の出典": "原データ"}}, {"type": "Feature", "geometry": {"type": "Point", "coordinates": [133.522146, 33.559653]}, "properties": {"amenity": "pharmacy", "healthcare": "pharmacy", "name": "ひまわり薬局", "official_name": "ひまわり薬局", "name:ja-Hira": "ひまわりやっきょく", "name:en": "Himawari Pharmacy", "opening_hours": "Mo,Tu,Th,Fr 09:00-18:00; We 09:00-18:30; Sa 09:00-14:00; PH off; Dec 31-Jan 03 off", "addr:full": "高知県高知市西町", "addr:country": "JP", "addr:province": "高知県", "addr:city": "高知市", "addr:neighbourhood": "西町", "source": "厚生労働省 医療情報ネットのオープンデータ (2026-06-01)", "_id": "3955395007480", "_座標の出典": "原データ"}}, {"type": "Feature", "geometry": {"type": "Point", "coordinates": [133.981533, 33.436885]}, "properties": {"amenity": "pharmacy", "healthcare": "pharmacy", "name": "もも薬局", "official_name": "もも薬局", "name:ja-Hira": "ももやっきょく", "name:ja-Latn": "Momo-yakkyoku", "opening_hours": "Mo,Tu,Th,Fr 08:30-17:30; We,Sa 08:30-12:30; PH off; Dec 30-Jan 03 off", "addr:full": "高知県安芸郡安田町安田１７５１", "addr:country": "JP", "addr:province": "高知県", "addr:county": "安芸郡", "addr:city": "安田町", "addr:neighbourhood": "大字安田", "source": "厚生労働省 医療情報ネットのオープンデータ (2026-06-01)", "_id": "3955395007490", "_座標の出典": "原データ"}}, {"type": "Feature", "geometry": {"type": "Point", "coordinates": [133.528865, 33.570293]}, "properties": {"amenity": "pharmacy", "healthcare": "pharmacy", "name": "たけい薬局", "official_name": "たけい薬局", "name:ja-Hira": "たけいやっきょく", "name:ja-Latn": "Takei Yakkyoku", "opening_hours": "Mo,Tu,We,Fr 08:30-18:00; Th,Sa 08:30-13:00; PH off; Dec 30-Jan 03 off", "addr:full": "高知県高知市伊勢崎町１３－９", "addr:country": "JP", "addr:province": "高知県", "addr:city": "高知市", "addr:neighbourhood": "伊勢崎町", "addr:block_number": "13", "addr:housenumber": "9", "source": "厚生労働省 医療情報ネットのオープンデータ (2026-06-01)", "_id": "3955395007500", "_座標の出典": "原データ"}}, {"type": "Feature", "geometry": {"type": "Point", "coordinates": [133.54854, 33.569457]}, "properties": {"amenity": "pharmacy", "healthcare": "pharmacy", "name": "高知センター薬局", "official_name": "高知センター薬局", "name:ja-Hira": "こうちせんたーやっきょく", "name:ja-Latn": "Kochisenta-yakkyoku", "opening_hours": "Mo,Tu,We,Th,Fr 09:00-18:00; Sa 09:00-13:00; PH off; Dec 30-Jan 03 off", "website": "http://www.minayakkyoku.co.jp/", "addr:full": "高知県高知市比島町３－１－１６", "addr:country": "JP", "addr:province": "高知県", "addr:city": "高知市", "addr:neighbourhood": "比島町三丁目", "addr:block_number": "1", "addr:housenumber": "16", "source": "厚生労働省 医療情報ネットのオープンデータ (2026-06-01)", "_id": "3955395007570", "_座標の出典": "原データ"}}, {"type": "Feature", "geometry": {"type": "Point", "coordinates": [133.555248, 33.55788]}, "properties": {"amenity": "pharmacy", "healthcare": "pharmacy", "name": "フォレスト調剤薬局知寄町店", "official_name": "フォレスト調剤薬局知寄町店", "name:ja-Hira": "ふぉれすとちょうざいやっきょくちよりちょうてん", "name:en": "Forest Pharmacy Chiyorichoten", "opening_hours": "Mo,Tu,We,Fr 09:00-18:00; Th,Sa 09:00-13:00; PH off; Dec 31-Jan 03 off", "addr:full": "高知県高知市二葉町１番４号", "addr:country": "JP", "addr:province": "高知県", "addr:city": "高知市", "addr:neighbourhood": "二葉町", "addr:block_number": "1", "addr:housenumber": "4", "source": "厚生労働省 医療情報ネットのオープンデータ (2026-06-01)", "_id": "3955395007580", "_座標の出典": "原データ"}}, {"type": "Feature", "geometry": {"type": "Point", "coordinates": [133.505534, 33.54941]}, "properties": {"amenity": "pharmacy", "healthcare": "pharmacy", "name": "あじさい薬局鴨部店", "official_name": "あじさい薬局鴨部店", "name:ja-Hira": "あじさいやっきょくかもべてん", "name:ja-Latn": "Ajisaiyakkyoku Kamobetenn", "opening_hours": "Mo,Tu,We,Fr 09:00-18:30; Th 09:00-17:00; Sa 09:00-13:00; PH off; Dec 31-Jan 03 off", "website": "http://www.drug-kuroshio.co.jp/", "addr:full": "高知県高知市鴨部２－２－７", "addr:country": "JP", "addr:province": "高知県", "addr:city": "高知市", "addr:neighbourhood": "鴨部二丁目", "addr:block_number": "2", "addr:housenumber": "7", "source": "厚生労働省 医療情報ネットのオープンデータ (2026-06-01)", "_id": "3955395007610", "_座標の出典": "原データ"}}, {"type": "Feature", "geometry": {"type": "Point", "coordinates": [133.546594, 33.550911]}, "properties": {"amenity": "pharmacy", "healthcare": "pharmacy", "name": "こなつ薬局", "official_name": "こなつ薬局", "name:ja-Hira": "こなつやっきょく", "name:en": "konatu pharmacy", "opening_hours": "Mo,Tu,We,Fr 09:00-12:30,14:00-18:00; Th,Sa 09:00-12:30; PH off || off \"GW・年末年始は休診\"", "addr:full": "高知県高知市桟橋通１丁目１０ー６アステールＫ１０５号", "addr:country": "JP", "addr:province": "高知県", "addr:city": "高知市", "addr:neighbourhood": "桟橋通一丁目", "addr:block_number": "10", "addr:housenumber": "6", "source": "厚生労働省 医療情報ネットのオープンデータ (2026-06-01)", "_id": "3955395007650", "_座標の出典": "原データ"}}, {"type": "Feature", "geometry": {"type": "Point", "coordinates": [133.644841, 33.575994]}, "properties": {"amenity": "pharmacy", "healthcare": "pharmacy", "name": "そうごう薬局後免町店", "official_name": "そうごう薬局後免町店", "name:ja-Hira": "そうごうやっきょくごめんまちてん", "name:ja-Latn": "Sogo Yakkyoku Gomenmachiten", "opening_hours": "Mo,Tu,We,Fr 09:00-18:00; Th 09:00-17:00; Sa 09:00-17:30; PH off; Dec 29-Jan 03 off || off \"GW・お盆は休診\"", "website": "http://www.sogo-medical.co.jp/sogopharmacy/shop/view/465", "addr:full": "高知県南国市後免町１丁目８の３５　アグライア１０３", "addr:country": "JP", "addr:province": "高知県", "addr:city": "南国市", "addr:neighbourhood": "後免町一丁目", "addr:block_number": "8", "addr:housenumber": "35", "source": "厚生労働省 医療情報ネットのオープンデータ (2026-06-01)", "_id": "3955395007660", "_座標の出典": "原データ"}}, {"type": "Feature", "geometry": {"type": "Point", "coordinates": [133.554741, 33.569551]}, "properties": {"amenity": "pharmacy", "healthcare": "pharmacy", "name": "くろしお薬局 インター店", "official_name": "くろしお薬局　インター店", "name:ja-Hira": "くろしおやっきょく いんたーてん", "name:en": "kuroshioPharmacy inter", "opening_hours": "Mo,Tu,Th,Fr 09:00-18:30; We 09:00-17:00; Sa 09:00-18:00; PH off; Dec 29-Jan 03 off", "website": "http://www.drug-kuroshio.co.jp/", "addr:full": "高知県高知市杉井流６番２８号", "addr:country": "JP", "addr:province": "高知県", "addr:city": "高知市", "addr:neighbourhood": "杉井流", "addr:block_number": "6", "addr:housenumber": "28", "source": "厚生労働省 医療情報ネットのオープンデータ (2026-06-01)", "_id": "3955395007690", "_座標の出典": "原データ"}}, {"type": "Feature", "geometry": {"type": "Point", "coordinates": [133.495005, 33.551793]}, "properties": {"amenity": "pharmacy", "healthcare": "pharmacy", "name": "あけぼの薬局", "official_name": "あけぼの薬局", "name:ja-Hira": "あけぼのやっきょく", "name:ja-Latn": "Akebono Yakkyoku", "opening_hours": "Mo,Tu,Th,Fr 08:30-18:00; Sa 08:30-13:00; PH off; Dec 30-Jan 03 off", "addr:full": "高知県高知市鴨部高町１４－２１", "addr:country": "JP", "addr:province": "高知県", "addr:city": "高知市", "addr:neighbourhood": "鴨部高町", "addr:block_number": "14", "addr:housenumber": "21", "source": "厚生労働省 医療情報ネットのオープンデータ (2026-06-01)", "_id": "3955395007720", "_座標の出典": "原データ"}}, {"type": "Feature", "geometry": {"type": "Point", "coordinates": [133.504053, 33.555331]}, "properties": {"amenity": "pharmacy", "healthcare": "pharmacy", "name": "蛍橋薬局", "official_name": "蛍橋薬局", "name:ja-Hira": "ほたるばしやっきょく", "name:ja-Latn": "Hotarubasi Yakkyoku", "opening_hours": "Mo,Tu,We,Th,Fr,Sa 09:00-19:00; PH off; Dec 31-Jan 03 off", "addr:full": "高知県高知市旭町３丁目７５", "addr:country": "JP", "addr:province": "高知県", "addr:city": "高知市", "addr:neighbourhood": "旭町三丁目", "source": "厚生労働省 医療情報ネットのオープンデータ (2026-06-01)", "_id": "3955395007730", "_座標の出典": "原データ"}}, {"type": "Feature", "geometry": {"type": "Point", "coordinates": [133.529318727, 33.558315185]}, "properties": {"amenity": "pharmacy", "healthcare": "pharmacy", "name": "イルカ薬局", "official_name": "イルカ薬局", "name:ja-Hira": "いるかやっきょく", "opening_hours": "Mo,Tu,We,Th,Fr 09:00-18:00; Sa 09:00-14:00; PH off; Dec 30-Jan 03 off", "addr:full": "高知県高知市本町５丁目２ー９　グランドハイツ細川", "addr:country": "JP", "addr:province": "高知県", "addr:city": "高知市", "addr:neighbourhood": "本町五丁目", "addr:block_number": "2", "addr:housenumber": "9", "source": "厚生労働省 医療情報ネットのオープンデータ (2026-06-01)", "_id": "3955395007770", "_座標の出典": "ジオコーディング"}}, {"type": "Feature", "geometry": {"type": "Point", "coordinates": [133.635524, 33.570272]}, "properties": {"amenity": "pharmacy", "healthcare": "pharmacy", "name": "らいむ薬局", "official_name": "らいむ薬局", "name:ja-Hira": "らいむやっきょく", "opening_hours": "Mo,Tu,We,Th,Fr,Sa 09:00-18:00; PH off; Dec 31-Jan 03 off", "website": "https://medico-drugfarm.jp", "addr:full": "高知県南国市篠原１６２ー４", "addr:country": "JP", "addr:province": "高知県", "addr:city": "南国市", "addr:neighbourhood": "篠原", "source": "厚生労働省 医療情報ネットのオープンデータ (2026-06-01)", "_id": "3955395007780", "_座標の出典": "原データ"}}, {"type": "Feature", "geometry": {"type": "Point", "coordinates": [133.820774, 33.522193]}, "properties": {"amenity": "pharmacy", "healthcare": "pharmacy", "name": "ライオン薬局 わじき店", "official_name": "ライオン薬局　わじき店", "name:ja-Hira": "らいおんやっきょく わじきてん", "name:ja-Latn": "Lionyakkyoku Wajikiten", "opening_hours": "Mo,Tu,We,Th,Fr 09:00-18:00; Sa 09:00-13:00; PH off; Dec 30-Jan 03 off", "addr:full": "高知県安芸郡芸西村和食甲４６８３", "addr:country": "JP", "addr:province": "高知県", "addr:county": "安芸郡", "addr:city": "芸西村", "addr:quarter": "和食", "addr:neighbourhood": "甲", "source": "厚生労働省 医療情報ネットのオープンデータ (2026-06-01)", "_id": "3955395007790", "_座標の出典": "原データ"}}, {"type": "Feature", "geometry": {"type": "Point", "coordinates": [133.449287, 33.531968]}, "properties": {"amenity": "pharmacy", "healthcare": "pharmacy", "name": "花りん薬局", "official_name": "花りん薬局", "name:ja-Hira": "かりんやっきょく", "name:ja-Latn": "Karin Yakkyoku", "opening_hours": "Mo,Tu,We,Th,Fr 09:00-18:00; Sa 09:00-13:00; PH off; Dec 30-Jan 03 off", "website": "https://medico-drugfarm.jp/", "addr:full": "高知県吾川郡いの町天王北３－２－１", "addr:country": "JP", "addr:province": "高知県", "addr:county": "吾川郡", "addr:city": "いの町", "addr:neighbourhood": "天王北三丁目", "source": "厚生労働省 医療情報ネットのオープンデータ (2026-06-01)", "_id": "3955395007800", "_座標の出典": "原データ"}}, {"type": "Feature", "geometry": {"type": "Point", "coordinates": [133.563922, 33.559369]}, "properties": {"amenity": "pharmacy", "healthcare": "pharmacy", "name": "しののめ薬局", "official_name": "四国調剤　しののめ薬局", "opening_hours": "Mo,Tu,We,Th,Fr 09:00-18:00; Sa 09:00-12:00; PH off; Dec 31-Jan 03 off", "website": "http://www.shikoku-dsp.co.jp", "addr:full": "高知県高知市東雲町８ー４８", "addr:country": "JP", "addr:province": "高知県", "addr:city": "高知市", "addr:neighbourhood": "東雲町", "addr:block_number": "8", "addr:housenumber": "48", "source": "厚生労働省 医療情報ネットのオープンデータ (2026-06-01)", "_id": "3955395007820", "_座標の出典": "原データ"}}, {"type": "Feature", "geometry": {"type": "Point", "coordinates": [133.743453, 33.580172]}, "properties": {"amenity": "pharmacy", "healthcare": "pharmacy", "name": "山北薬局", "official_name": "四国調剤　山北薬局", "opening_hours": "Mo,We,Th,Fr 08:50-17:50; Sa 08:40-12:40; PH off; Dec 31-Jan 03 off", "website": "http://www.shikoku-dsp.co.jp/", "addr:full": "高知県香南市香我美町山北１３０５ー２", "addr:country": "JP", "addr:province": "高知県", "addr:city": "香南市", "addr:neighbourhood": "香我美町山北", "source": "厚生労働省 医療情報ネットのオープンデータ (2026-06-01)", "_id": "3955395007880", "_座標の出典": "原データ"}}, {"type": "Feature", "geometry": {"type": "Point", "coordinates": [133.690825, 33.609759]}, "properties": {"amenity": "pharmacy", "healthcare": "pharmacy", "name": "さくら薬局", "official_name": "ブルークロス　さくら薬局", "opening_hours": "Mo,Tu,Th,Fr 09:00-17:00; We 09:00-18:30; Sa 09:00-12:00; PH off; Dec 31-Jan 03 off", "website": "http://bluecross.co.jp/", "addr:full": "高知県香美市土佐山田町１１７－２２", "addr:country": "JP", "addr:province": "高知県", "addr:city": "香美市", "addr:neighbourhood": "土佐山田町", "source": "厚生労働省 医療情報ネットのオープンデータ (2026-06-01)", "_id": "3955395007900", "_座標の出典": "原データ"}}, {"type": "Feature", "geometry": {"type": "Point", "coordinates": [133.511586, 33.550624]}, "properties": {"amenity": "pharmacy", "healthcare": "pharmacy", "name": "あとむ薬局 土佐道路店", "official_name": "あとむ薬局　土佐道路店", "name:ja-Hira": "あとむやっきょく とさどうろてん", "name:ja-Latn": "Atomuyakkyoku Tosadouroten", "opening_hours": "Mo,Tu,We,Th,Fr 09:00-17:30; Sa 09:00-12:30; PH off; Dec 30-Jan 03 off", "website": "http://www.shikoku-dsp.co.jp/", "addr:full": "高知県高知市城山町２０９番１", "addr:country": "JP", "addr:province": "高知県", "addr:city": "高知市", "addr:neighbourhood": "城山町", "source": "厚生労働省 医療情報ネットのオープンデータ (2026-06-01)", "_id": "3955395007920", "_座標の出典": "原データ"}}, {"type": "Feature", "geometry": {"type": "Point", "coordinates": [133.537607, 33.541789]}, "properties": {"amenity": "pharmacy", "healthcare": "pharmacy", "name": "しのはら薬局潮江店", "official_name": "しのはら薬局潮江店", "name:ja-Hira": "しのはらやっきょくうしおえてん", "name:ja-Latn": "Shinohara Yakkyoku Usioeten", "opening_hours": "Mo,Tu,Th,Fr 09:00-13:00,15:00-18:00; We,Sa 09:00-13:00; Sa[1,3,5] off; PH off; Dec 30-Jan 03 off", "website": "http://www.shinohara-p.co.jp", "addr:full": "高知県高知市高見町３４８", "addr:country": "JP", "addr:province": "高知県", "addr:city": "高知市", "addr:neighbourhood": "高見町", "source": "厚生労働省 医療情報ネットのオープンデータ (2026-06-01)", "_id": "3955395007930", "_座標の出典": "原データ"}}, {"type": "Feature", "geometry": {"type": "Point", "coordinates": [133.490755, 33.567066]}, "properties": {"amenity": "pharmacy", "healthcare": "pharmacy", "name": "しのはら薬局 口細山店", "official_name": "しのはら薬局　口細山店", "name:ja-Hira": "しのはらやっきょく くちぼそやまてん", "name:ja-Latn": "Shinohara Yakkyoku Kutibosoyamaten", "opening_hours": "Mo,We 09:00-17:00; Tu,Th,Fr 09:00-19:00; Sa 09:00-13:00; PH off; Dec 30-Jan 03 off", "website": "http://www.shinohara-p.co.jp", "addr:full": "高知県高知市口細山２０６ー２９５", "addr:country": "JP", "addr:province": "高知県", "addr:city": "高知市", "addr:neighbourhood": "口細山", "source": "厚生労働省 医療情報ネットのオープンデータ (2026-06-01)", "_id": "3955395007940", "_座標の出典": "原データ"}}, {"type": "Feature", "geometry": {"type": "Point", "coordinates": [133.531798, 33.565839]}, "properties": {"amenity": "pharmacy", "healthcare": "pharmacy", "name": "しのはら薬局入明店", "official_name": "しのはら薬局入明店", "name:ja-Hira": "しのはらやっきょくいりあけてん", "name:ja-Latn": "Shinohara Yakkyoku Iriaketen", "opening_hours": "Mo,Tu,We,Th,Fr 09:00-18:00; Sa 09:00-13:00; PH off; Dec 30-Jan 03 off", "website": "http://www.shinohara-p.co.jp", "addr:full": "高知県高知市入明町５－１", "addr:country": "JP", "addr:province": "高知県", "addr:city": "高知市", "addr:neighbourhood": "入明町", "addr:block_number": "5", "addr:housenumber": "1", "source": "厚生労働省 医療情報ネットのオープンデータ (2026-06-01)", "_id": "3955395007960", "_座標の出典": "原データ"}}, {"type": "Feature", "geometry": {"type": "Point", "coordinates": [133.640249, 33.621404]}, "properties": {"amenity": "pharmacy", "healthcare": "pharmacy", "name": "りょうせき薬局", "official_name": "りょうせき薬局", "name:ja-Hira": "りょうせきやっきょく", "name:ja-Latn": "Ryouseki Yakkyoku", "opening_hours": "Mo,Tu,Th,Fr 08:30-13:00,15:00-18:30; We 08:30-17:00; Sa 08:30-13:00; PH off; Dec 30-Jan 03 off", "addr:full": "高知県南国市領石１８番地５", "addr:country": "JP", "addr:province": "高知県", "addr:city": "南国市", "addr:neighbourhood": "領石", "source": "厚生労働省 医療情報ネットのオープンデータ (2026-06-01)", "_id": "3955395007970", "_座標の出典": "原データ"}}, {"type": "Feature", "geometry": {"type": "Point", "coordinates": [133.532795, 33.564856]}, "properties": {"amenity": "pharmacy", "healthcare": "pharmacy", "name": "サンファーマシーはるかぜ薬局", "official_name": "有限会社サンファーマシーはるかぜ薬局", "name:en": "Harukaze Pharmacy Harukaze Yakkyoku", "opening_hours": "Mo,Tu,Th,Fr 08:30-18:00; We 08:30-16:30; Sa 08:30-17:00; PH off; Jan 01-Jan 03 off", "website": "http://sunp-1998.co.jp/publics/index/99/", "addr:full": "高知県高知市大川筋２―５―４５", "addr:country": "JP", "addr:province": "高知県", "addr:city": "高知市", "addr:neighbourhood": "大川筋二丁目", "addr:block_number": "5", "addr:housenumber": "45", "source": "厚生労働省 医療情報ネットのオープンデータ (2026-06-01)", "_id": "3955395008010", "_座標の出典": "原データ"}}, {"type": "Feature", "geometry": {"type": "Point", "coordinates": [133.586133, 33.530466]}, "properties": {"amenity": "pharmacy", "healthcare": "pharmacy", "name": "エール薬局", "official_name": "エール薬局", "name:ja-Hira": "えーるやっきょく", "name:ja-Latn": "E-ru Yakkyoku", "opening_hours": "Mo,Tu,We,Th,Fr 09:00-18:00; Sa 09:00-10:00; PH off; Dec 29-Jan 03 off", "website": "http://www.yell-group.net", "addr:full": "高知県高知市池２８４１－１", "addr:country": "JP", "addr:province": "高知県", "addr:city": "高知市", "addr:neighbourhood": "池", "source": "厚生労働省 医療情報ネットのオープンデータ (2026-06-01)", "_id": "3955395008020", "_座標の出典": "原データ"}}, {"type": "Feature", "geometry": {"type": "Point", "coordinates": [133.426879, 33.495993]}, "properties": {"amenity": "pharmacy", "healthcare": "pharmacy", "name": "あすなろ薬局", "official_name": "あすなろ薬局", "name:ja-Hira": "あすなろやっきょく", "name:en": "AsunaroPharmacy", "opening_hours": "Mo,Tu,We,Th,Fr 09:00-18:00; Sa 09:00-13:00; PH off; Dec 30-Jan 03 off", "addr:full": "高知県土佐市高岡町甲２０４３－４", "addr:country": "JP", "addr:province": "高知県", "addr:city": "土佐市", "addr:neighbourhood": "高岡町甲", "source": "厚生労働省 医療情報ネットのオープンデータ (2026-06-01)", "_id": "3955395008060", "_座標の出典": "原データ"}}, {"type": "Feature", "geometry": {"type": "Point", "coordinates": [133.170238, 33.573732]}, "properties": {"amenity": "pharmacy", "healthcare": "pharmacy", "name": "大崎薬局", "official_name": "大崎薬局", "name:ja-Hira": "おおさきやっきょく", "name:ja-Latn": "Osaki Yakkyoku", "opening_hours": "Mo,Tu,We,Th,Fr 08:30-18:00; PH off; Dec 29-Jan 03 off", "addr:full": "高知県吾川郡仁淀川町大崎３６２―１", "addr:country": "JP", "addr:province": "高知県", "addr:county": "吾川郡", "addr:city": "仁淀川町", "addr:neighbourhood": "大崎", "source": "厚生労働省 医療情報ネットのオープンデータ (2026-06-01)", "_id": "3955395008090", "_座標の出典": "原データ"}}, {"type": "Feature", "geometry": {"type": "Point", "coordinates": [133.573993, 33.512088]}, "properties": {"amenity": "pharmacy", "healthcare": "pharmacy", "name": "ひなた薬局", "official_name": "株式会社小白方　ひなた薬局", "name:en": "hinata pharmacy", "opening_hours": "Mo,Tu,We,Th,Fr 08:30-17:30; Sa 08:30-12:30; PH off; Dec 30-Jan 03 off", "website": "http://www.hinata-kochi.jp/", "addr:full": "高知県高知市仁井田６５３－２", "addr:country": "JP", "addr:province": "高知県", "addr:city": "高知市", "addr:neighbourhood": "仁井田", "source": "厚生労働省 医療情報ネットのオープンデータ (2026-06-01)", "_id": "3955395008110", "_座標の出典": "原データ"}}, {"type": "Feature", "geometry": {"type": "Point", "coordinates": [133.637609, 33.577074]}, "properties": {"amenity": "pharmacy", "healthcare": "pharmacy", "name": "アイン薬局 篠原店", "official_name": "アイン薬局　篠原店", "name:ja-Hira": "あいんやっきょく しのはらてん", "name:en": "Ain Pharmacy SHINOHARA(Ainn Yakkyoku Shinohara Tenn)", "opening_hours": "Mo,Tu,We,Fr 09:00-18:00; Th 09:00-17:00; Sa 09:00-13:00; PH off; Dec 31-Jan 03 off", "website": "https://www.ainj.co.jp", "addr:full": "高知県南国市篠原１８８７番地３", "addr:country": "JP", "addr:province": "高知県", "addr:city": "南国市", "addr:neighbourhood": "篠原", "source": "厚生労働省 医療情報ネットのオープンデータ (2026-06-01)", "_id": "3955395008120", "_座標の出典": "原データ"}}, {"type": "Feature", "geometry": {"type": "Point", "coordinates": [132.923736, 32.988726]}, "properties": {"amenity": "pharmacy", "healthcare": "pharmacy", "name": "アイン薬局 四万十店", "official_name": "アイン薬局　四万十店", "name:ja-Hira": "あいんやっきょく しまんとてん", "name:ja-Latn": "Ain Yakkyoku Shimantoten", "opening_hours": "Mo,Tu,Th,Fr 08:30-17:30; We 08:30-16:30; Sa 08:30-14:00; PH off; Dec 29-Jan 03 off", "website": "https://www.ainj.co.jp", "addr:full": "高知県四万十市渡川１丁目２番５１号", "addr:country": "JP", "addr:province": "高知県", "addr:city": "四万十市", "addr:neighbourhood": "渡川一丁目", "source": "厚生労働省 医療情報ネットのオープンデータ (2026-06-01)", "_id": "3955395008130", "_座標の出典": "原データ"}}, {"type": "Feature", "geometry": {"type": "Point", "coordinates": [133.504372, 33.567618]}, "properties": {"amenity": "pharmacy", "healthcare": "pharmacy", "name": "ポピー薬局", "official_name": "ポピー薬局", "name:ja-Hira": "ぽぴーやっきょく", "name:en": "Poppy pharmacy", "opening_hours": "Mo,Tu,We,Fr 09:00-18:30; Th 09:00-12:30; Sa 09:00-16:00; PH off; Dec 30-Jan 03 off", "website": "http://www.shikoku-dsp.co.jp/", "addr:full": "高知県高知市福井町１７３４ー６", "addr:country": "JP", "addr:province": "高知県", "addr:city": "高知市", "addr:neighbourhood": "福井町", "source": "厚生労働省 医療情報ネットのオープンデータ (2026-06-01)", "_id": "3955395008150", "_座標の出典": "原データ"}}, {"type": "Feature", "geometry": {"type": "Point", "coordinates": [133.589675, 33.560461]}, "properties": {"amenity": "pharmacy", "healthcare": "pharmacy", "name": "アインファーマシーズ アイン薬局 高須店", "official_name": "株式会社アインファーマシーズ　アイン薬局　高須店", "opening_hours": "Mo,Tu,We,Th,Fr 09:00-18:00; Sa 09:00-17:00; PH off; Dec 31-Jan 03 off", "website": "https://www.ainj.co.jp", "addr:full": "高知県高知市高須２丁目１８ー１１", "addr:country": "JP", "addr:province": "高知県", "addr:city": "高知市", "addr:neighbourhood": "高須二丁目", "addr:block_number": "18", "addr:housenumber": "11", "source": "厚生労働省 医療情報ネットのオープンデータ (2026-06-01)", "_id": "3955395008160", "_座標の出典": "原データ"}}, {"type": "Feature", "geometry": {"type": "Point", "coordinates": [133.546199652, 33.54991426000001]}, "properties": {"amenity": "pharmacy", "healthcare": "pharmacy", "name": "らいふ調剤薬局 さんばし店", "official_name": "らいふ調剤薬局　さんばし店", "name:ja-Hira": "らいふちょうざいやっきょく さんばしてん", "opening_hours": "Mo,Tu,We,Fr 09:00-12:30,14:00-18:00; Th 09:00-12:30; Sa 09:00-12:30,14:00-16:00; PH off; Dec 29-Jan 03 off", "addr:full": "高知県高知市桟橋通２－１２－５", "addr:country": "JP", "addr:province": "高知県", "addr:city": "高知市", "addr:neighbourhood": "桟橋通二丁目", "addr:block_number": "12", "addr:housenumber": "5", "source": "厚生労働省 医療情報ネットのオープンデータ (2026-06-01)", "_id": "3955395008180", "_座標の出典": "ジオコーディング"}}, {"type": "Feature", "geometry": {"type": "Point", "coordinates": [133.535801, 33.559729]}, "properties": {"amenity": "pharmacy", "healthcare": "pharmacy", "name": "帯屋町薬局", "official_name": "春和堂　帯屋町薬局", "opening_hours": "Mo,Tu,We,Th,Fr,Sa 09:00-19:00; PH off; Jan 01-Jan 03 off", "addr:full": "高知県高知市帯屋町２ー４ー７ー１０２", "addr:country": "JP", "addr:province": "高知県", "addr:city": "高知市", "addr:neighbourhood": "帯屋町二丁目", "addr:block_number": "4", "addr:housenumber": "7", "source": "厚生労働省 医療情報ネットのオープンデータ (2026-06-01)", "_id": "3955395008190", "_座標の出典": "原データ"}}, {"type": "Feature", "geometry": {"type": "Point", "coordinates": [133.680393092, 33.603214029]}, "properties": {"amenity": "pharmacy", "healthcare": "pharmacy", "name": "ドラッグセイムス土佐山田薬局", "official_name": "ドラッグセイムス土佐山田薬局", "name:ja-Hira": "どらっぐせいむすとさやまだやっきょく", "name:en": "Drug Seims Tosayamada Pharmacy", "opening_hours": "Mo,Tu,We,Th,Fr 09:00-19:00; Sa 09:00-13:00; PH off; Jan 01-Jan 03 off", "website": "https://store.seims.co.jp/map/4036", "addr:full": "高知県香美市土佐山田町宝町５丁目１番３６号", "addr:country": "JP", "addr:province": "高知県", "addr:city": "香美市", "addr:neighbourhood": "土佐山田町宝町五丁目", "addr:block_number": "1", "addr:housenumber": "36", "source": "厚生労働省 医療情報ネットのオープンデータ (2026-06-01)", "_id": "3955395008210", "_座標の出典": "ジオコーディング"}}, {"type": "Feature", "geometry": {"type": "Point", "coordinates": [132.945429, 32.97853]}, "properties": {"amenity": "pharmacy", "healthcare": "pharmacy", "name": "メディカル薬局 うやま店", "official_name": "メディカル薬局　うやま店", "name:ja-Hira": "めでぃかるやっきょく うやまてん", "name:en": "Medical Yakkyoku Uyamaten", "opening_hours": "Mo,Tu,We,Th,Fr 09:00-18:00; Sa 09:00-13:00; PH off; Dec 29-Jan 03 off", "website": "https://medicalchozai.com/dispensing-pharmacy/#uyama", "addr:full": "高知県四万十市右山１９７３番地５", "addr:country": "JP", "addr:province": "高知県", "addr:city": "四万十市", "addr:neighbourhood": "右山", "source": "厚生労働省 医療情報ネットのオープンデータ (2026-06-01)", "_id": "3955395008220", "_座標の出典": "原データ"}}, {"type": "Feature", "geometry": {"type": "Point", "coordinates": [133.419396, 33.498408]}, "properties": {"amenity": "pharmacy", "healthcare": "pharmacy", "name": "福寿堂薬局", "official_name": "福寿堂薬局", "name:ja-Hira": "ふくじゅどうやっきょく", "name:ja-Latn": "Fukujyudou Yakkyoku", "opening_hours": "Mo,Tu,We,Fr,Sa 10:00-18:00; PH off; Dec 28-Jan 03,Aug 13-Aug 15 off", "addr:full": "高知県土佐市高岡町乙３８７番", "addr:country": "JP", "addr:province": "高知県", "addr:city": "土佐市", "addr:neighbourhood": "高岡町乙", "source": "厚生労働省 医療情報ネットのオープンデータ (2026-06-01)", "_id": "3955395008240", "_座標の出典": "原データ"}}, {"type": "Feature", "geometry": {"type": "Point", "coordinates": [133.538448, 33.5576]}, "properties": {"amenity": "pharmacy", "healthcare": "pharmacy", "name": "しのはら薬局本町店", "official_name": "しのはら薬局本町店", "name:ja-Hira": "しのはらやっきょくほんまちてん", "name:ja-Latn": "Shinohara-yakkyoku Honmachi-ten", "opening_hours": "Mo,Tu,We,Th,Fr 09:00-18:00; Sa 09:00-13:00; PH off; Dec 30-Jan 03 off", "website": "http://www.shinohara-p.co.jp", "addr:full": "高知県高知市与力町３ー２９", "addr:country": "JP", "addr:province": "高知県", "addr:city": "高知市", "addr:neighbourhood": "与力町", "addr:block_number": "3", "addr:housenumber": "29", "source": "厚生労働省 医療情報ネットのオープンデータ (2026-06-01)", "_id": "3955395008250", "_座標の出典": "原データ"}}, {"type": "Feature", "geometry": {"type": "Point", "coordinates": [133.552271, 33.559458]}, "properties": {"amenity": "pharmacy", "healthcare": "pharmacy", "name": "アルファ薬局 宝永店", "official_name": "アルファ薬局　宝永店", "name:ja-Hira": "あるふぁやっきょくほうえいてん", "name:ja-Latn": "Arufayakkyokuhoueitenn", "opening_hours": "Mo,Tu,We,Th,Fr 09:00-17:30; Sa 09:00-12:00; PH off; Dec 30-Jan 03 off", "website": "http://www.shikoku-dsp.co.jp/", "addr:full": "高知県高知市城見町３－１８", "addr:country": "JP", "addr:province": "高知県", "addr:city": "高知市", "addr:neighbourhood": "城見町", "addr:block_number": "3", "addr:housenumber": "18", "source": "厚生労働省 医療情報ネットのオープンデータ (2026-06-01)", "_id": "3955395008260", "_座標の出典": "原データ"}}, {"type": "Feature", "geometry": {"type": "Point", "coordinates": [133.486038, 33.543003]}, "properties": {"amenity": "pharmacy", "healthcare": "pharmacy", "name": "ひつざん薬局 朝倉店", "official_name": "ひつざん薬局　朝倉店", "name:ja-Hira": "ひつざんやっきょく あさくらてん", "opening_hours": "Mo,Tu,We,Th,Fr 09:00-18:00; Sa 09:00-13:00; PH off; Dec 30-Jan 03 off", "website": "http://www.drug-kuroshio.co.jp/", "addr:full": "高知県高知市若草町１６ー２６", "addr:country": "JP", "addr:province": "高知県", "addr:city": "高知市", "addr:neighbourhood": "若草町", "addr:block_number": "16", "addr:housenumber": "26", "source": "厚生労働省 医療情報ネットのオープンデータ (2026-06-01)", "_id": "3955395008280", "_座標の出典": "原データ"}}, {"type": "Feature", "geometry": {"type": "Point", "coordinates": [133.614103, 33.564865]}, "properties": {"amenity": "pharmacy", "healthcare": "pharmacy", "name": "薬局清流けら店", "official_name": "薬局清流けら店", "name:ja-Hira": "やっきょくせいりゅうけらてん", "name:ja-Latn": "Yakkyoku Seiryu Keraten", "opening_hours": "Mo,Tu,We,Th,Fr 09:00-18:00; Sa 09:00-14:00; PH off; Dec 30-Jan 03 off", "website": "http://www.drug-kuroshio.co.jp/", "addr:full": "高知県高知市介良３５４番地", "addr:country": "JP", "addr:province": "高知県", "addr:city": "高知市", "addr:neighbourhood": "介良", "source": "厚生労働省 医療情報ネットのオープンデータ (2026-06-01)", "_id": "3955395008290", "_座標の出典": "原データ"}}, {"type": "Feature", "geometry": {"type": "Point", "coordinates": [133.693912, 33.608185]}, "properties": {"amenity": "pharmacy", "healthcare": "pharmacy", "name": "こばな薬局", "official_name": "こばな薬局", "name:ja-Hira": "こばなやっきょく", "opening_hours": "Mo,Tu,We,Fr 09:00-17:30; PH off", "addr:full": "高知県香美市土佐山田町百石町１－６－１４", "addr:country": "JP", "addr:province": "高知県", "addr:city": "香美市", "addr:neighbourhood": "土佐山田町百石町一丁目", "addr:block_number": "6", "addr:housenumber": "14", "source": "厚生労働省 医療情報ネットのオープンデータ (2026-06-01)", "_id": "3955395008300", "_座標の出典": "原データ"}}, {"type": "Feature", "geometry": {"type": "Point", "coordinates": [133.545444, 33.549925]}, "properties": {"amenity": "pharmacy", "healthcare": "pharmacy", "name": "ベル薬局 百石店", "official_name": "ベル薬局　百石店", "name:ja-Hira": "べるやっきょく ひゃっこくてん", "name:ja-Latn": "Beruyakkyokuhyakkokuten", "opening_hours": "Mo,Tu,We,Th,Fr 08:45-17:45; Sa 08:45-12:45; PH off; Dec 30-Jan 03 off", "website": "http://www.belle-ph.com/", "addr:full": "高知県高知市百石町二丁目１番１５号", "addr:country": "JP", "addr:province": "高知県", "addr:city": "高知市", "addr:neighbourhood": "百石町二丁目", "addr:block_number": "1", "addr:housenumber": "15", "source": "厚生労働省 医療情報ネットのオープンデータ (2026-06-01)", "_id": "3955395008320", "_座標の出典": "原データ"}}, {"type": "Feature", "geometry": {"type": "Point", "coordinates": [133.56262, 33.552414]}, "properties": {"amenity": "pharmacy", "healthcare": "pharmacy", "name": "アルファ薬局青柳店", "official_name": "アルファ薬局青柳店", "name:ja-Hira": "あるふぁやっきょくあおやぎてん", "name:en": "Alpha pharmacy Aoyagi shop", "opening_hours": "Mo,Tu,We,Th,Fr 08:30-17:30; Sa 08:30-12:30; PH off; Dec 30-Jan 03 off", "website": "https://medicalchozai.com/", "addr:full": "高知県高知市若松町", "addr:country": "JP", "addr:province": "高知県", "addr:city": "高知市", "addr:neighbourhood": "若松町", "source": "厚生労働省 医療情報ネットのオープンデータ (2026-06-01)", "_id": "3955395008330", "_座標の出典": "原データ"}}, {"type": "Feature", "geometry": {"type": "Point", "coordinates": [132.940664, 32.991459]}, "properties": {"amenity": "pharmacy", "healthcare": "pharmacy", "name": "メディカル薬局 一条通店", "official_name": "メディカル薬局　一条通店", "name:ja-Hira": "めでぃかるやっきょく いちじょうどおりてん", "name:en": "Mediccal Pharmacy Ichijyodori store", "opening_hours": "Mo,Tu,We,Th,Fr 09:00-17:30; Sa 09:00-12:30; Sa[3,5] off; PH off; Dec 30-Jan 03 off", "website": "https://medicalchozai.com/", "addr:full": "高知県四万十市中村一条通５丁目９番１号", "addr:country": "JP", "addr:province": "高知県", "addr:city": "四万十市", "addr:neighbourhood": "中村一条通五丁目", "source": "厚生労働省 医療情報ネットのオープンデータ (2026-06-01)", "_id": "3955395008380", "_座標の出典": "原データ"}}, {"type": "Feature", "geometry": {"type": "Point", "coordinates": [133.228022, 33.328173]}, "properties": {"amenity": "pharmacy", "healthcare": "pharmacy", "name": "くれ薬局", "official_name": "くれ薬局", "name:ja-Hira": "くれやっきょく", "name:en": "Kure Pharmacy", "opening_hours": "Mo,Tu,We,Th,Fr 09:00-18:00; Sa 09:00-13:00; PH off; Dec 31-Jan 03 off", "website": "https://kigurakuraimu.jp", "addr:full": "高知県高岡郡中土佐町久礼６６１１ー４", "addr:country": "JP", "addr:province": "高知県", "addr:county": "高岡郡", "addr:city": "中土佐町", "addr:neighbourhood": "久礼", "source": "厚生労働省 医療情報ネットのオープンデータ (2026-06-01)", "_id": "3955395008390", "_座標の出典": "原データ"}}, {"type": "Feature", "geometry": {"type": "Point", "coordinates": [133.647319, 33.567395]}, "properties": {"amenity": "pharmacy", "healthcare": "pharmacy", "name": "高知調剤薬局 おおそね店", "official_name": "高知調剤薬局　おおそね店", "name:ja-Hira": "こうちちょうざいやっきょく おおそねてん", "name:ja-Latn": "Kochichozai Yakkyoku Osoneten", "opening_hours": "Mo,Tu,We,Th,Fr 08:30-17:30; Sa 08:30-12:30; PH off; Dec 30-Jan 03 off", "website": "http://www.kochi-chozai.co.jp/", "addr:full": "高知県南国市大そね甲１４５３", "addr:country": "JP", "addr:province": "高知県", "addr:city": "南国市", "source": "厚生労働省 医療情報ネットのオープンデータ (2026-06-01)", "_id": "3955395008410", "_座標の出典": "原データ"}}, {"type": "Feature", "geometry": {"type": "Point", "coordinates": [133.560714, 33.573764]}, "properties": {"amenity": "pharmacy", "healthcare": "pharmacy", "name": "あかね薬局 北川添店", "official_name": "あかね薬局　北川添店", "name:ja-Hira": "あかねやっきょく きたかわぞえてん", "name:ja-Latn": "Akane Yakkyoku Kitakawazoeten", "opening_hours": "Mo,Tu,We,Th,Fr 09:00-18:00; Sa 09:00-13:00; PH off; Dec 30-Jan 03 off", "website": "http://www.yell-group.net/", "addr:full": "高知県高知市北川添１９－３４", "addr:country": "JP", "addr:province": "高知県", "addr:city": "高知市", "addr:neighbourhood": "北川添", "addr:block_number": "19", "addr:housenumber": "34", "source": "厚生労働省 医療情報ネットのオープンデータ (2026-06-01)", "_id": "3955395008430", "_座標の出典": "原データ"}}, {"type": "Feature", "geometry": {"type": "Point", "coordinates": [133.55777, 33.569921]}, "properties": {"amenity": "pharmacy", "healthcare": "pharmacy", "name": "ひかり薬局", "official_name": "ひかり薬局", "name:ja-Hira": "ひかりやっきょく", "name:ja-Latn": "Hikari Yakkyoku", "opening_hours": "Mo,Tu,We,Th,Fr 09:00-13:00,14:30-18:00; Sa 09:00-13:00,14:00-17:00; PH off; Dec 30 off", "addr:full": "高知県高知市杉井流１４番１７号", "addr:country": "JP", "addr:province": "高知県", "addr:city": "高知市", "addr:neighbourhood": "杉井流", "addr:block_number": "14", "addr:housenumber": "17", "source": "厚生労働省 医療情報ネットのオープンデータ (2026-06-01)", "_id": "3955395008440", "_座標の出典": "原データ"}}, {"type": "Feature", "geometry": {"type": "Point", "coordinates": [133.56435, 33.569599]}, "properties": {"amenity": "pharmacy", "healthcare": "pharmacy", "name": "やえもん薬局", "official_name": "四国調剤　やえもん薬局", "opening_hours": "Mo,Tu,We,Fr 09:30-17:00; Th,Sa 09:00-13:00; PH off; Dec 29-Jan 03,May 03-May 06 off || off \"GW・お盆は休診\"", "addr:full": "高知県高知市北久保２番３９号", "addr:country": "JP", "addr:province": "高知県", "addr:city": "高知市", "addr:neighbourhood": "北久保", "addr:block_number": "2", "addr:housenumber": "39", "source": "厚生労働省 医療情報ネットのオープンデータ (2026-06-01)", "_id": "3955395008450", "_座標の出典": "原データ"}}, {"type": "Feature", "geometry": {"type": "Point", "coordinates": [133.701143, 33.56038]}, "properties": {"amenity": "pharmacy", "healthcare": "pharmacy", "name": "パルス薬局", "official_name": "パルス薬局", "name:ja-Hira": "ぱるすやっきょく", "opening_hours": "Mo,Tu,We,Th,Fr 08:30-18:00; Sa 08:30-15:00; PH off; Dec 31-Jan 03 off", "website": "http://yell-group.net/", "addr:full": "高知県香南市野市町西野２６３７―１", "addr:country": "JP", "addr:province": "高知県", "addr:city": "香南市", "addr:neighbourhood": "野市町西野", "source": "厚生労働省 医療情報ネットのオープンデータ (2026-06-01)", "_id": "3955395008460", "_座標の出典": "原データ"}}, {"type": "Feature", "geometry": {"type": "Point", "coordinates": [133.542746, 33.567618]}, "properties": {"amenity": "pharmacy", "healthcare": "pharmacy", "name": "ドラッグセイムス高知駅前薬局", "official_name": "ドラッグセイムス高知駅前薬局", "name:ja-Hira": "どらっぐせいむすこうちえきまえやっきょく", "name:en": "seims kochiekimae pharmacy", "opening_hours": "Mo,Tu,We,Th,Fr 09:00-13:00,14:00-19:00; Sa 09:00-13:00; PH off; Dec 29-Jan 03 off", "website": "https://www.fujiyakuhin.co.jp/", "addr:full": "高知県高知市栄田町二丁目４番１２号", "addr:country": "JP", "addr:province": "高知県", "addr:city": "高知市", "addr:neighbourhood": "栄田町二丁目", "addr:block_number": "4", "addr:housenumber": "12", "source": "厚生労働省 医療情報ネットのオープンデータ (2026-06-01)", "_id": "3955395008470", "_座標の出典": "原データ"}}, {"type": "Feature", "geometry": {"type": "Point", "coordinates": [133.551833, 33.578046]}, "properties": {"amenity": "pharmacy", "healthcare": "pharmacy", "name": "調剤薬局ツルハドラッグ薊野店", "official_name": "調剤薬局ツルハドラッグ薊野店", "name:ja-Hira": "ちょうざいやっきょくつるはどらっぐあぞうのてん", "name:en": "Tsuruhadrag Azono Pharmacy", "opening_hours": "Mo,Tu,We,Th,Fr 09:30-13:00,14:00-18:30; Sa 09:30-14:30; PH off; Dec 29-Jan 03 off", "website": "http://www.tsuruha.co.jp", "addr:full": "高知県高知市薊野西町三丁目８番８号", "addr:country": "JP", "addr:province": "高知県", "addr:city": "高知市", "addr:neighbourhood": "薊野西町三丁目", "addr:block_number": "8", "addr:housenumber": "8", "source": "厚生労働省 医療情報ネットのオープンデータ (2026-06-01)", "_id": "3955395008480", "_座標の出典": "原データ"}}, {"type": "Feature", "geometry": {"type": "Point", "coordinates": [133.544119, 33.549175]}, "properties": {"amenity": "pharmacy", "healthcare": "pharmacy", "name": "うさぎ薬局", "official_name": "うさぎ薬局", "name:ja-Hira": "うさぎやっきょく", "name:en": "usagi pharmacy", "opening_hours": "Mo,Tu,We,Fr 09:00-18:00; Th 09:00-17:00; Sa 09:00-13:00; PH off; Dec 30-Jan 03 off", "addr:full": "高知県高知市百石町二丁目２－９", "addr:country": "JP", "addr:province": "高知県", "addr:city": "高知市", "addr:neighbourhood": "百石町二丁目", "addr:block_number": "2", "addr:housenumber": "9", "source": "厚生労働省 医療情報ネットのオープンデータ (2026-06-01)", "_id": "3955395008510", "_座標の出典": "原データ"}}, {"type": "Feature", "geometry": {"type": "Point", "coordinates": [133.572022, 33.55813]}, "properties": {"amenity": "pharmacy", "healthcare": "pharmacy", "name": "エール薬局 かづらしま店", "official_name": "エール薬局　かづらしま店", "name:ja-Hira": "えーるやっきょくかづらしまてん", "name:ja-Latn": "E-ru Yakkyoku Kadurashimaten", "opening_hours": "Mo,Tu,We,Th,Fr 09:00-18:00; Sa 09:00-13:00; PH off; Dec 31-Jan 03 off", "website": "http://www.yell-group.net", "addr:full": "高知県高知市葛島１丁目９―５１", "addr:country": "JP", "addr:province": "高知県", "addr:city": "高知市", "addr:neighbourhood": "葛島一丁目", "addr:block_number": "9", "addr:housenumber": "51", "source": "厚生労働省 医療情報ネットのオープンデータ (2026-06-01)", "_id": "3955395008520", "_座標の出典": "原データ"}}, {"type": "Feature", "geometry": {"type": "Point", "coordinates": [133.544119, 33.560668]}, "properties": {"amenity": "pharmacy", "healthcare": "pharmacy", "name": "エール薬局 はりまや店", "official_name": "エール薬局　はりまや店", "name:ja-Hira": "えーるやっきょくはりまやてん", "name:en": "Yell Pharmacy harimaya-ten", "opening_hours": "Mo,Tu,Th,Fr 09:00-18:00; Sa 09:00-13:00; Sa[1,3,5] off; PH off; Dec 30-Jan 03 off", "website": "http://www.yell-group.net/", "addr:full": "高知県高知市はりまや町１丁目７ー７", "addr:country": "JP", "addr:province": "高知県", "addr:city": "高知市", "addr:neighbourhood": "はりまや町一丁目", "addr:block_number": "7", "addr:housenumber": "7", "source": "厚生労働省 医療情報ネットのオープンデータ (2026-06-01)", "_id": "3955395008530", "_座標の出典": "原データ"}}, {"type": "Feature", "geometry": {"type": "Point", "coordinates": [133.54317, 33.545997]}, "properties": {"amenity": "pharmacy", "healthcare": "pharmacy", "name": "エール薬局 百石店", "official_name": "エール薬局　百石店", "name:ja-Hira": "えーるやっきょくひゃっこくてん", "name:ja-Latn": "E-ru,yakkyoku Hyakkokuten", "opening_hours": "Mo,Tu 09:00-19:00; We 09:00-17:00; Th,Fr 09:00-18:00; Sa 09:00-13:00; PH off; Dec 30-Jan 03 off", "website": "http://www.yell-group.net", "addr:full": "高知県高知市百石町２丁目２９－１３", "addr:country": "JP", "addr:province": "高知県", "addr:city": "高知市", "addr:neighbourhood": "百石町二丁目", "addr:block_number": "29", "addr:housenumber": "13", "source": "厚生労働省 医療情報ネットのオープンデータ (2026-06-01)", "_id": "3955395008540", "_座標の出典": "原データ"}}, {"type": "Feature", "geometry": {"type": "Point", "coordinates": [133.573449, 33.557275]}, "properties": {"amenity": "pharmacy", "healthcare": "pharmacy", "name": "エール薬局 きっず店", "official_name": "エール薬局　きっず店", "name:ja-Hira": "えーるやっきょくきっずてん", "name:ja-Latn": "E-ru Yakkyoku Kizzuten", "opening_hours": "Mo,Tu,We,Th,Fr 09:00-18:00; Sa 09:00-13:00; PH off; Dec 31-Jan 03 off", "website": "http://www.yell-group.net", "addr:full": "高知県高知市葛島２丁目６‐３３", "addr:country": "JP", "addr:province": "高知県", "addr:city": "高知市", "addr:neighbourhood": "葛島二丁目", "addr:block_number": "6", "addr:housenumber": "33", "source": "厚生労働省 医療情報ネットのオープンデータ (2026-06-01)", "_id": "3955395008550", "_座標の出典": "原データ"}}, {"type": "Feature", "geometry": {"type": "Point", "coordinates": [133.57959, 33.566471]}, "properties": {"amenity": "pharmacy", "healthcare": "pharmacy", "name": "エール薬局 たかす店", "official_name": "エール薬局　たかす店", "name:ja-Hira": "えーるやっきょくたかすてん", "name:ja-Latn": "E-ru Yakkyoku Takasuten", "opening_hours": "Mo,Tu,We,Th,Fr 08:30-19:30; Sa 08:30-13:00; PH off; Dec 31-Jan 03 off", "website": "http://www.yell-group.net", "addr:full": "高知県高知市大津乙２７０５－３", "addr:country": "JP", "addr:province": "高知県", "addr:city": "高知市", "addr:neighbourhood": "大津乙", "source": "厚生労働省 医療情報ネットのオープンデータ (2026-06-01)", "_id": "3955395008560", "_座標の出典": "原データ"}}, {"type": "Feature", "geometry": {"type": "Point", "coordinates": [133.610395, 33.576587]}, "properties": {"amenity": "pharmacy", "healthcare": "pharmacy", "name": "ハロー薬局 大津店", "official_name": "ハロー薬局　大津店", "name:ja-Hira": "はろーやっきょくおおつてん", "name:ja-Latn": "Haro Yakkyoku Otsuten", "opening_hours": "Mo,Tu,We,Th,Fr 09:00-18:00; Sa 09:00-17:30; PH off; Dec 30-Jan 03 off", "website": "http://www.yell-group.net", "addr:full": "高知県高知市大津甲５９３－４", "addr:country": "JP", "addr:province": "高知県", "addr:city": "高知市", "addr:neighbourhood": "大津甲", "source": "厚生労働省 医療情報ネットのオープンデータ (2026-06-01)", "_id": "3955395008570", "_座標の出典": "原データ"}}, {"type": "Feature", "geometry": {"type": "Point", "coordinates": [133.503117, 33.556162]}, "properties": {"amenity": "pharmacy", "healthcare": "pharmacy", "name": "エール薬局 旭店", "official_name": "エール薬局　旭店", "name:ja-Hira": "えーるやっきょくあさひてん", "name:ja-Latn": "E-ru Yakkyoku Asahiten", "opening_hours": "Mo,Tu,We,Th,Fr 09:00-18:00; Sa 09:00-13:00; PH off; Dec 30-Jan 03 off", "website": "http://www.yell-group.net", "addr:full": "高知県高知市旭上町３２－２２", "addr:country": "JP", "addr:province": "高知県", "addr:city": "高知市", "addr:neighbourhood": "旭上町", "source": "厚生労働省 医療情報ネットのオープンデータ (2026-06-01)", "_id": "3955395008580", "_座標の出典": "原データ"}}, {"type": "Feature", "geometry": {"type": "Point", "coordinates": [133.490699, 33.566805]}, "properties": {"amenity": "pharmacy", "healthcare": "pharmacy", "name": "エール薬局 口細山店", "official_name": "エール薬局　口細山店", "name:ja-Hira": "えーるやっきょくくちぼそやまてん", "name:ja-Latn": "E-ru,yakkyoku Kuchibosoyamaten", "opening_hours": "Mo,Tu,We,Th,Fr 09:00-18:00; Sa 09:00-13:00; PH off; Dec 31-Jan 03 off", "website": "http://www.yell-group.net", "addr:full": "高知県高知市口細山２０６－１５４", "addr:country": "JP", "addr:province": "高知県", "addr:city": "高知市", "addr:neighbourhood": "口細山", "source": "厚生労働省 医療情報ネットのオープンデータ (2026-06-01)", "_id": "3955395008590", "_座標の出典": "原データ"}}, {"type": "Feature", "geometry": {"type": "Point", "coordinates": [133.503781, 33.54701]}, "properties": {"amenity": "pharmacy", "healthcare": "pharmacy", "name": "エール薬局 土佐道路店", "official_name": "エール薬局　土佐道路店", "name:ja-Hira": "えーるやっきょくとさどうろてん", "name:ja-Latn": "E-ru Yakkyoku Tosadouroten", "opening_hours": "Mo,Tu,We,Th,Fr 09:00-18:00; Sa 08:30-09:30; PH off", "website": "http://www.yell-group.net", "addr:full": "高知県高知市鴨部９４０－１", "addr:country": "JP", "addr:province": "高知県", "addr:city": "高知市", "addr:neighbourhood": "鴨部", "source": "厚生労働省 医療情報ネットのオープンデータ (2026-06-01)", "_id": "3955395008610", "_座標の出典": "原データ"}}, {"type": "Feature", "geometry": {"type": "Point", "coordinates": [133.28432, 33.391282]}, "properties": {"amenity": "pharmacy", "healthcare": "pharmacy", "name": "エール薬局 よこまち店", "official_name": "エール薬局　よこまち店", "name:ja-Hira": "えーるやっきょくよこまちてん", "name:ja-Latn": "E-ru,yakkyoku Yokomatiten", "opening_hours": "Mo,Tu,We,Th,Fr 08:30-17:30; Sa 08:30-12:30; PH off; Dec 30-Jan 03 off", "website": "http://www.yell-group.net", "addr:full": "高知県須崎市横町８－１", "addr:country": "JP", "addr:province": "高知県", "addr:city": "須崎市", "addr:neighbourhood": "横町", "addr:block_number": "8", "addr:housenumber": "1", "source": "厚生労働省 医療情報ネットのオープンデータ (2026-06-01)", "_id": "3955395008630", "_座標の出典": "原データ"}}, {"type": "Feature", "geometry": {"type": "Point", "coordinates": [132.809665, 32.966928]}, "properties": {"amenity": "pharmacy", "healthcare": "pharmacy", "name": "エール薬局 幡多店", "official_name": "エール薬局　幡多店", "name:ja-Hira": "えーるやっきょくはたてん", "name:ja-Latn": "E-ru Yakkyoku Hataten", "opening_hours": "Mo,Tu,We,Th,Fr 09:00-18:00; Sa 08:30-09:30; PH off; Dec 29-Jan 03 off", "website": "http://www.yell-group.net", "addr:full": "高知県宿毛市平田町戸内２１０６－８", "addr:country": "JP", "addr:province": "高知県", "addr:city": "宿毛市", "addr:neighbourhood": "平田町戸内", "source": "厚生労働省 医療情報ネットのオープンデータ (2026-06-01)", "_id": "3955395008640", "_座標の出典": "原データ"}}, {"type": "Feature", "geometry": {"type": "Point", "coordinates": [132.707871, 32.822195]}, "properties": {"amenity": "pharmacy", "healthcare": "pharmacy", "name": "エール薬局 おおつき店", "official_name": "エール薬局　おおつき店", "name:ja-Hira": "えーるやっきょくおおつきてん", "name:ja-Latn": "E-ru Yakkyoku Ootsukiten", "opening_hours": "Mo,Tu,We,Th,Fr 08:30-17:30; Sa 10:30-11:30; PH off; Dec 30-Jan 03 off", "website": "http://www.yell-group.net", "addr:full": "高知県幡多郡大月町鉾土３４－３", "addr:country": "JP", "addr:province": "高知県", "addr:county": "幡多郡", "addr:city": "大月町", "addr:neighbourhood": "大字鉾土", "source": "厚生労働省 医療情報ネットのオープンデータ (2026-06-01)", "_id": "3955395008650", "_座標の出典": "原データ"}}, {"type": "Feature", "geometry": {"type": "Point", "coordinates": [133.424719, 33.49467]}, "properties": {"amenity": "pharmacy", "healthcare": "pharmacy", "name": "エール薬局 たかおか店", "official_name": "エール薬局　たかおか店", "name:ja-Hira": "えーるやっきょくたかおかてん", "name:ja-Latn": "E-ru Yakkyoku Takaokaten", "opening_hours": "Mo,Tu,We,Th,Fr 08:30-17:30; Sa 09:30-10:30; PH off; Dec 29-Jan 03 off", "website": "http://www.yell-group.net", "addr:full": "高知県土佐市高岡町甲１８９３－１", "addr:country": "JP", "addr:province": "高知県", "addr:city": "土佐市", "addr:neighbourhood": "高岡町甲", "source": "厚生労働省 医療情報ネットのオープンデータ (2026-06-01)", "_id": "3955395008660", "_座標の出典": "原データ"}}, {"type": "Feature", "geometry": {"type": "Point", "coordinates": [133.913154, 33.500561]}, "properties": {"amenity": "pharmacy", "healthcare": "pharmacy", "name": "エール薬局 あき店", "official_name": "エール薬局　あき店", "name:ja-Hira": "えーるやっきょくあきてん", "name:ja-Latn": "E-ru,yakkyoku Akiten", "opening_hours": "Mo,Tu,We,Th,Fr 09:00-18:00; Sa 09:00-13:00; PH off; Dec 31-Jan 03 off", "website": "http://www.yell-group.net", "addr:full": "高知県安芸市港町", "addr:country": "JP", "addr:province": "高知県", "addr:city": "安芸市", "source": "厚生労働省 医療情報ネットのオープンデータ (2026-06-01)", "_id": "3955395008670", "_座標の出典": "原データ"}}, {"type": "Feature", "geometry": {"type": "Point", "coordinates": [133.616283, 33.596843]}, "properties": {"amenity": "pharmacy", "healthcare": "pharmacy", "name": "おこう薬局", "official_name": "おこう薬局", "name:ja-Hira": "おこうやっきょく", "name:ja-Latn": "Okou Yakkyoku", "opening_hours": "Mo,Tu,We,Th,Fr 09:00-18:00; Sa 14:00-15:00; PH off; Dec 29-Jan 03 off", "website": "http://www.yell-group.net", "addr:full": "高知県南国市岡豊町小蓮３９０－３", "addr:country": "JP", "addr:province": "高知県", "addr:city": "南国市", "addr:neighbourhood": "岡豊町小蓮", "source": "厚生労働省 医療情報ネットのオープンデータ (2026-06-01)", "_id": "3955395008680", "_座標の出典": "原データ"}}, {"type": "Feature", "geometry": {"type": "Point", "coordinates": [133.607662, 33.592113]}, "properties": {"amenity": "pharmacy", "healthcare": "pharmacy", "name": "ハロー薬局 こくぶ川店", "official_name": "ハロー薬局　こくぶ川店", "name:ja-Hira": "はろーやっきょくこくぶがわてん", "name:ja-Latn": "Haro Yakkyoku Kokubugawaten", "opening_hours": "Mo,Tu,We,Th,Fr 09:00-18:00; Sa 16:30-17:30; PH off; Dec 29-Jan 03 off", "website": "http://www.yell-group.net", "addr:full": "高知県南国市岡豊町蒲原３９番１０", "addr:country": "JP", "addr:province": "高知県", "addr:city": "南国市", "addr:neighbourhood": "岡豊町蒲原", "source": "厚生労働省 医療情報ネットのオープンデータ (2026-06-01)", "_id": "3955395008690", "_座標の出典": "原データ"}}, {"type": "Feature", "geometry": {"type": "Point", "coordinates": [133.58865, 33.759646]}, "properties": {"amenity": "pharmacy", "healthcare": "pharmacy", "name": "エール薬局 れいほく店", "official_name": "エール薬局　れいほく店", "name:ja-Hira": "えーるやっきょくれいほくてん", "name:ja-Latn": "E-ru Yakkyoku Reihokuten", "opening_hours": "Mo,Tu,We,Th,Fr 09:00-18:00; Sa 08:30-13:00; PH off", "website": "http://www.yell-group.net", "addr:full": "高知県長岡郡本山町本山５８０－１", "addr:country": "JP", "addr:province": "高知県", "addr:county": "長岡郡", "addr:city": "本山町", "addr:neighbourhood": "本山", "source": "厚生労働省 医療情報ネットのオープンデータ (2026-06-01)", "_id": "3955395008700", "_座標の出典": "原データ"}}, {"type": "Feature", "geometry": {"type": "Point", "coordinates": [133.283959, 33.391221]}, "properties": {"amenity": "pharmacy", "healthcare": "pharmacy", "name": "あかね薬局 須崎店", "official_name": "あかね薬局　須崎店", "name:ja-Hira": "あかねやっきょくすさきてん", "name:en": "Akane Pharmacy susaki-ten", "opening_hours": "Mo,Tu,We,Th,Fr 08:30-17:30; Sa 08:30-12:30; PH off; Dec 30-Jan 03 off", "website": "http://www.yell-group.net", "addr:full": "高知県須崎市横町８－５", "addr:country": "JP", "addr:province": "高知県", "addr:city": "須崎市", "addr:neighbourhood": "横町", "addr:block_number": "8", "addr:housenumber": "5", "source": "厚生労働省 医療情報ネットのオープンデータ (2026-06-01)", "_id": "3955395008710", "_座標の出典": "原データ"}}, {"type": "Feature", "geometry": {"type": "Point", "coordinates": [133.537186, 33.560474]}, "properties": {"amenity": "pharmacy", "healthcare": "pharmacy", "name": "心薬局", "official_name": "帯屋町　心薬局", "opening_hours": "Tu,We,Fr 09:00-19:00; Th 09:00-13:00; Sa 08:30-13:00; PH off; Dec 31-Jan 03 off", "website": "https://phstr.co.jp/", "addr:full": "高知県高知市帯屋町２丁目２番９号　帯屋町ＣＥＮＴＲＯ２階２ー１ーＡ号", "addr:country": "JP", "addr:province": "高知県", "addr:city": "高知市", "addr:neighbourhood": "帯屋町二丁目", "addr:block_number": "2", "addr:housenumber": "9", "source": "厚生労働省 医療情報ネットのオープンデータ (2026-06-01)", "_id": "3955395008720", "_座標の出典": "原データ"}}, {"type": "Feature", "geometry": {"type": "Point", "coordinates": [133.543066, 33.574222]}, "properties": {"amenity": "pharmacy", "healthcare": "pharmacy", "name": "高知薬局", "official_name": "日本調剤　高知薬局", "opening_hours": "Mo,Tu,We,Th,Fr 09:00-18:00; Sa 09:00-13:00; PH off; Dec 29-Jan 03 off", "website": "https://www.nicho.co.jp/tenpo/koti/", "addr:full": "高知県高知市秦南町１－５－４０－１１", "addr:country": "JP", "addr:province": "高知県", "addr:city": "高知市", "addr:neighbourhood": "秦南町一丁目", "addr:block_number": "5", "addr:housenumber": "40", "source": "厚生労働省 医療情報ネットのオープンデータ (2026-06-01)", "_id": "3955395008730", "_座標の出典": "原データ"}}, {"type": "Feature", "geometry": {"type": "Point", "coordinates": [133.54419, 33.538084]}, "properties": {"amenity": "pharmacy", "healthcare": "pharmacy", "name": "マリーナ薬局", "official_name": "マリーナ薬局", "name:ja-Hira": "まりーなやっきょく", "name:ja-Latn": "Marinayakkyoku", "opening_hours": "Mo,Tu,We,Th,Fr 09:00-12:30,14:00-18:30; Sa 09:00-12:30; PH off; Dec 31-Jan 03 off", "addr:full": "高知県高知市六泉寺町８７番地９ハイツ六泉１階", "addr:country": "JP", "addr:province": "高知県", "addr:city": "高知市", "addr:neighbourhood": "六泉寺町", "source": "厚生労働省 医療情報ネットのオープンデータ (2026-06-01)", "_id": "3955395008740", "_座標の出典": "原データ"}}, {"type": "Feature", "geometry": {"type": "Point", "coordinates": [133.543066, 33.574222]}, "properties": {"amenity": "pharmacy", "healthcare": "pharmacy", "name": "エール薬局 日赤店", "official_name": "エール薬局　日赤店", "name:ja-Hira": "えーるやっきょくにっせきてん", "name:en": "Yell Pharmacy Nisseki-ten", "opening_hours": "Mo,Tu,We,Th,Fr 09:00-18:00; Sa 14:00-15:00; PH off; Dec 29-Jan 03 off", "website": "http://www.yell-group.net", "addr:full": "高知県高知市秦南町１－５－４０－７", "addr:country": "JP", "addr:province": "高知県", "addr:city": "高知市", "addr:neighbourhood": "秦南町一丁目", "addr:block_number": "5", "addr:housenumber": "40", "source": "厚生労働省 医療情報ネットのオープンデータ (2026-06-01)", "_id": "3955395008750", "_座標の出典": "原データ"}}, {"type": "Feature", "geometry": {"type": "Point", "coordinates": [133.517094494, 33.556018982]}, "properties": {"amenity": "pharmacy", "healthcare": "pharmacy", "name": "アルファ薬局上町店", "official_name": "アルファ薬局上町店", "name:ja-Hira": "あるふぁ", "opening_hours": "Mo,Tu,We,Th,Fr 08:45-17:45; Sa 08:45-12:45; PH off; Dec 31-Jan 03 off", "website": "http://www.shikoku-dsp.co.jp/", "addr:full": "高知県高知市上町五丁目６ー２１", "addr:country": "JP", "addr:province": "高知県", "addr:city": "高知市", "addr:neighbourhood": "上町五丁目", "addr:block_number": "6", "addr:housenumber": "21", "source": "厚生労働省 医療情報ネットのオープンデータ (2026-06-01)", "_id": "3955395008760", "_座標の出典": "ジオコーディング"}}, {"type": "Feature", "geometry": {"type": "Point", "coordinates": [133.544877, 33.512203]}, "properties": {"amenity": "pharmacy", "healthcare": "pharmacy", "name": "ひかり薬局 瀬戸店", "official_name": "ひかり薬局　瀬戸店", "name:ja-Hira": "ひかりやっきょく せとてん", "name:ja-Latn": "Hikari Yakkyoku Seto", "opening_hours": "Mo,Tu,Th,Fr 09:00-18:00; We,Sa 09:00-17:00; PH off || off \"GW・お盆・年末年始は休診\"", "website": "http://www.shikoku-ms.com", "addr:full": "高知県高知市瀬戸一丁目２番６２号", "addr:country": "JP", "addr:province": "高知県", "addr:city": "高知市", "addr:neighbourhood": "瀬戸一丁目", "addr:block_number": "2", "addr:housenumber": "62", "source": "厚生労働省 医療情報ネットのオープンデータ (2026-06-01)", "_id": "3955395008770", "_座標の出典": "原データ"}}, {"type": "Feature", "geometry": {"type": "Point", "coordinates": [132.920384, 32.984846]}, "properties": {"amenity": "pharmacy", "healthcare": "pharmacy", "name": "エール薬局 具同店", "official_name": "エール薬局　具同店", "name:ja-Hira": "えーるやっきょく ぐどうてん", "name:en": "Yell Pharmacy gudou-ten", "opening_hours": "Mo,Tu,We,Th,Fr 09:00-18:00; Sa 09:00-12:30,13:00-14:00; PH off; Dec 30-Jan 03 off", "website": "http://www.yell-group.net/", "addr:full": "高知県四万十市具同田黒２丁目１２－４８", "addr:country": "JP", "addr:province": "高知県", "addr:city": "四万十市", "addr:neighbourhood": "具同田黒二丁目", "source": "厚生労働省 医療情報ネットのオープンデータ (2026-06-01)", "_id": "3955395008780", "_座標の出典": "原データ"}}, {"type": "Feature", "geometry": {"type": "Point", "coordinates": [133.426949, 33.498027]}, "properties": {"amenity": "pharmacy", "healthcare": "pharmacy", "name": "はなみずき薬局", "official_name": "はなみずき薬局", "name:ja-Hira": "はなみずきやっきょく", "name:ja-Latn": "Hanamizuki Yakkyoku", "opening_hours": "Tu,We,Th,Fr,Sa 09:00-17:00; PH off; Dec 31-Jan 03 off", "addr:full": "高知県土佐市高岡町乙３４７６－９", "addr:country": "JP", "addr:province": "高知県", "addr:city": "土佐市", "addr:neighbourhood": "高岡町乙", "source": "厚生労働省 医療情報ネットのオープンデータ (2026-06-01)", "_id": "3955395008790", "_座標の出典": "原データ"}}, {"type": "Feature", "geometry": {"type": "Point", "coordinates": [133.549715, 33.572761]}, "properties": {"amenity": "pharmacy", "healthcare": "pharmacy", "name": "高知調剤薬局 ひじま店", "official_name": "高知調剤薬局　ひじま店", "name:ja-Hira": "こうちちょうざいやっきょく ひじまてん", "name:ja-Latn": "Kochicyouzaiyakkyoku Hijimaten", "opening_hours": "Mo,Tu,We,Th,Fr 09:00-18:00; Sa 09:00-13:00; PH 09:00-14:30; Dec 30-Jan 03 off", "website": "https://www.kochi-chozai.co.jp/", "addr:full": "高知県高知市比島町四丁目７番１３号", "addr:country": "JP", "addr:province": "高知県", "addr:city": "高知市", "addr:neighbourhood": "比島町四丁目", "addr:block_number": "7", "addr:housenumber": "13", "source": "厚生労働省 医療情報ネットのオープンデータ (2026-06-01)", "_id": "3955395008800", "_座標の出典": "原データ"}}, {"type": "Feature", "geometry": {"type": "Point", "coordinates": [133.571985, 33.585258]}, "properties": {"amenity": "pharmacy", "healthcare": "pharmacy", "name": "山本薬局", "official_name": "山本薬局", "name:ja-Hira": "やまもとやっきょく", "opening_hours": "Mo,Tu,We,Th,Fr 09:00-17:45; Sa 09:00-15:45; PH off", "addr:full": "高知県高知市一宮中町１－２１－１０", "addr:country": "JP", "addr:province": "高知県", "addr:city": "高知市", "addr:neighbourhood": "一宮中町一丁目", "addr:block_number": "21", "addr:housenumber": "10", "source": "厚生労働省 医療情報ネットのオープンデータ (2026-06-01)", "_id": "3955395008840", "_座標の出典": "原データ"}}, {"type": "Feature", "geometry": {"type": "Point", "coordinates": [133.566416, 33.581782]}, "properties": {"amenity": "pharmacy", "healthcare": "pharmacy", "name": "ひかり薬局 高知インター店", "official_name": "ひかり薬局　高知インター店", "name:ja-Hira": "ひかりやっきょくこうちいんたーてん", "name:ja-Latn": "Hikari Yakkyoku Kochiinter", "opening_hours": "Mo,Tu,We,Th,Fr 09:00-18:30; Sa,Su 09:00-17:00; PH off; Dec 30-Jan 03 off || off \"GWは休診\"", "website": "http://shikoku-ms.com/", "addr:full": "高知県高知市一宮南町１丁目１５－１３マルナカ高知インター店２階", "addr:country": "JP", "addr:province": "高知県", "addr:city": "高知市", "addr:neighbourhood": "一宮南町一丁目", "addr:block_number": "15", "addr:housenumber": "13", "source": "厚生労働省 医療情報ネットのオープンデータ (2026-06-01)", "_id": "3955395008850", "_座標の出典": "原データ"}}, {"type": "Feature", "geometry": {"type": "Point", "coordinates": [132.921395, 32.983342]}, "properties": {"amenity": "pharmacy", "healthcare": "pharmacy", "name": "あかね薬局渡川店", "official_name": "あかね薬局渡川店", "name:ja-Hira": "あかねやっきょくわたりがわてん", "name:ja-Latn": "Akane-yakkyoku Watarigawa-ten", "opening_hours": "Mo,Tu,We,Th,Fr 09:00-18:00; PH off; Dec 30-Jan 03 off", "website": "http://yell-group.net/", "addr:full": "高知県四万十市具同２０７５－２", "addr:country": "JP", "addr:province": "高知県", "addr:city": "四万十市", "addr:neighbourhood": "具同", "source": "厚生労働省 医療情報ネットのオープンデータ (2026-06-01)", "_id": "3955395008860", "_座標の出典": "原データ"}}, {"type": "Feature", "geometry": {"type": "Point", "coordinates": [132.952967, 32.982688]}, "properties": {"amenity": "pharmacy", "healthcare": "pharmacy", "name": "エール薬局 サニーマート四万十店", "official_name": "エール薬局　サニーマート四万十店", "name:ja-Hira": "えーるやっきょくさにーまーとしまんとてん", "opening_hours": "Mo,Tu,We,Th,Fr,Sa 10:00-14:00,15:00-19:00; PH off; Dec 30-Jan 03 off", "website": "http://yell-group.net/", "addr:full": "高知県四万十市古津賀４丁目３０番地", "addr:country": "JP", "addr:province": "高知県", "addr:city": "四万十市", "addr:neighbourhood": "古津賀四丁目", "source": "厚生労働省 医療情報ネットのオープンデータ (2026-06-01)", "_id": "3955395008870", "_座標の出典": "原データ"}}, {"type": "Feature", "geometry": {"type": "Point", "coordinates": [133.614536, 33.594914]}, "properties": {"amenity": "pharmacy", "healthcare": "pharmacy", "name": "日本調剤高知東薬局", "official_name": "日本調剤高知東薬局", "name:ja-Hira": "にほんちょうざいこうちひがしやっきょく", "name:ja-Latn": "Nihontyouzai Kochihigasi Yakkyoku", "opening_hours": "Mo,Tu,We,Th,Fr 08:30-19:00; Sa 08:30-12:30; PH off; Dec 30-Jan 03 off", "website": "https://www.nicho.co.jp/tenpo/kochihigashi/", "addr:full": "高知県南国市岡豊町小蓮１８５－１", "addr:country": "JP", "addr:province": "高知県", "addr:city": "南国市", "addr:neighbourhood": "岡豊町小蓮", "source": "厚生労働省 医療情報ネットのオープンデータ (2026-06-01)", "_id": "3955395008880", "_座標の出典": "原データ"}}, {"type": "Feature", "geometry": {"type": "Point", "coordinates": [133.149777, 33.206634]}, "properties": {"amenity": "pharmacy", "healthcare": "pharmacy", "name": "たきぐち薬局 くぼかわ店", "official_name": "たきぐち薬局　くぼかわ店", "name:ja-Hira": "たきぐちやっきょくくぼかわてん", "name:en": "Takiguchi Pharmacy Kubokawa Store", "opening_hours": "Mo,Tu,We,Th,Fr 09:00-18:00; Sa 09:00-15:00; PH off", "website": "https://inf-pha.com", "addr:full": "高知県高岡郡四万十町見付９０１", "addr:country": "JP", "addr:province": "高知県", "addr:county": "高岡郡", "addr:city": "四万十町", "addr:neighbourhood": "見付", "source": "厚生労働省 医療情報ネットのオープンデータ (2026-06-01)", "_id": "3955395008890", "_座標の出典": "原データ"}}, {"type": "Feature", "geometry": {"type": "Point", "coordinates": [133.289835, 33.41173]}, "properties": {"amenity": "pharmacy", "healthcare": "pharmacy", "name": "めいわ薬局", "official_name": "めいわ薬局", "name:ja-Hira": "めいわやっきょく", "name:en": "Meiwa Pharmacy", "opening_hours": "Mo,Tu,We,Th,Fr 08:45-18:00; PH off; Jan 03 off", "addr:full": "高知県須崎市緑町４番２９号", "addr:country": "JP", "addr:province": "高知県", "addr:city": "須崎市", "addr:neighbourhood": "緑町", "addr:block_number": "4", "addr:housenumber": "29", "source": "厚生労働省 医療情報ネットのオープンデータ (2026-06-01)", "_id": "3955395008900", "_座標の出典": "原データ"}}, {"type": "Feature", "geometry": {"type": "Point", "coordinates": [132.957391, 32.782999]}, "properties": {"amenity": "pharmacy", "healthcare": "pharmacy", "name": "エール薬局 ローソン清水ヶ丘店", "official_name": "エール薬局　ローソン清水ヶ丘店", "name:ja-Hira": "えーるやっきょくろーそんしみずがおかてん", "name:ja-Latn": "E-ru Yakkyoku Lawson-simizugaoka-ten", "opening_hours": "Mo,Tu,We,Th,Fr 09:00-18:00; Sa 09:00-15:00; PH off; Dec 31-Jan 03 off", "website": "https://www.yell-group.net/", "addr:full": "高知県土佐清水市清水ヶ丘７番５号", "addr:country": "JP", "addr:province": "高知県", "addr:city": "土佐清水市", "addr:neighbourhood": "清水ヶ丘", "source": "厚生労働省 医療情報ネットのオープンデータ (2026-06-01)", "_id": "3955395008910", "_座標の出典": "原データ"}}, {"type": "Feature", "geometry": {"type": "Point", "coordinates": [133.53952, 33.540054]}, "properties": {"amenity": "pharmacy", "healthcare": "pharmacy", "name": "あかね薬局 六泉寺店", "official_name": "あかね薬局　六泉寺店", "name:ja-Hira": "あかねやっきょく ろくせんじてん", "name:ja-Latn": "Akane-yakkyoku Rokusenji-ten", "opening_hours": "Mo,Tu,We,Th,Fr,Sa 09:00-18:00; PH off; Dec 30-Jan 03 off", "website": "https://www.yell-group.net/", "addr:full": "高知県高知市高見町１８９‐１", "addr:country": "JP", "addr:province": "高知県", "addr:city": "高知市", "addr:neighbourhood": "高見町", "source": "厚生労働省 医療情報ネットのオープンデータ (2026-06-01)", "_id": "3955395008930", "_座標の出典": "原データ"}}, {"type": "Feature", "geometry": {"type": "Point", "coordinates": [133.699368, 33.557664]}, "properties": {"amenity": "pharmacy", "healthcare": "pharmacy", "name": "わかば薬局", "official_name": "わかば薬局", "name:ja-Hira": "わかばやっきょく", "name:ja-Latn": "Wakabayakkyoku", "opening_hours": "Mo,Tu,We,Fr 09:00-18:30; Sa 09:00-17:00; PH off; Dec 31-Jan 03 off", "addr:full": "高知県香南市野市町西野２３４５ー７", "addr:country": "JP", "addr:province": "高知県", "addr:city": "香南市", "addr:neighbourhood": "野市町西野", "source": "厚生労働省 医療情報ネットのオープンデータ (2026-06-01)", "_id": "3955395008950", "_座標の出典": "原データ"}}, {"type": "Feature", "geometry": {"type": "Point", "coordinates": [133.510311, 33.566359]}, "properties": {"amenity": "pharmacy", "healthcare": "pharmacy", "name": "ドラッグセイムス高知福井薬局", "official_name": "ドラッグセイムス高知福井薬局", "name:ja-Hira": "どらっぐせいむすこうちふくいやっきょく", "opening_hours": "Mo,Tu,We,Th,Fr,Sa 09:00-13:00,14:00-18:00; PH off; Dec 29-Jan 03 off", "website": "http://nishinihonseims.co.jp/modules/auth/index.php/index.html", "addr:full": "高知県高知市福井町", "addr:country": "JP", "addr:province": "高知県", "addr:city": "高知市", "addr:neighbourhood": "福井町", "source": "厚生労働省 医療情報ネットのオープンデータ (2026-06-01)", "_id": "3955395008960", "_座標の出典": "原データ"}}, {"type": "Feature", "geometry": {"type": "Point", "coordinates": [133.489908, 33.551707]}, "properties": {"amenity": "pharmacy", "healthcare": "pharmacy", "name": "こはる薬局", "official_name": "こはる薬局", "name:ja-Hira": "こはるやっきょく", "opening_hours": "Mo,Tu,We,Th,Fr 09:00-18:00; Sa 09:00-13:00; PH off; Dec 31-Jan 03 off", "website": "https://medico-drugfarm.jp/", "addr:full": "高知県高知市朝倉丙３５４ー１", "addr:country": "JP", "addr:province": "高知県", "addr:city": "高知市", "addr:neighbourhood": "朝倉丙", "source": "厚生労働省 医療情報ネットのオープンデータ (2026-06-01)", "_id": "3955395008990", "_座標の出典": "原データ"}}, {"type": "Feature", "geometry": {"type": "Point", "coordinates": [133.549099599, 33.569827809]}, "properties": {"amenity": "pharmacy", "healthcare": "pharmacy", "name": "調剤薬局ツルハドラッグ高知比島店", "official_name": "調剤薬局ツルハドラッグ高知比島店", "name:ja-Hira": "ちょうざいやっきょくつるはどらっぐこうちひじまてん", "name:en": "Chozaiyakkyoku Tsuruha Drug Kochi hijima ten", "opening_hours": "Mo,Tu,We,Th,Fr 09:00-13:00,14:00-18:00; Sa 09:00-13:00; PH off; Dec 29-Jan 03 off", "website": "https://www.tsuruha.co.jp/", "addr:full": "高知県高知市比島町２丁目７番５号", "addr:country": "JP", "addr:province": "高知県", "addr:city": "高知市", "addr:neighbourhood": "比島町二丁目", "addr:block_number": "7", "addr:housenumber": "5", "source": "厚生労働省 医療情報ネットのオープンデータ (2026-06-01)", "_id": "3955395009000", "_座標の出典": "ジオコーディング"}}, {"type": "Feature", "geometry": {"type": "Point", "coordinates": [133.561722, 33.56956]}, "properties": {"amenity": "pharmacy", "healthcare": "pharmacy", "name": "ドラッグセイムス御座薬局", "official_name": "ドラッグセイムス御座薬局", "name:ja-Hira": "どらっぐせいむすござやっきょく", "name:ja-Latn": "Doragguseimusu Gozayakkyoku", "opening_hours": "Mo,Tu,We,Th,Fr 09:00-13:00,14:00-18:30; Sa 09:00-13:00,14:00-16:00; PH off; Jan 02-Jan 03,Dec 30-Dec 31 off", "website": "http://nishinihonseims.co.jp/modules/auth/index.php/index.html", "addr:full": "高知県高知市北御座４番３８号", "addr:country": "JP", "addr:province": "高知県", "addr:city": "高知市", "addr:neighbourhood": "北御座", "addr:block_number": "4", "addr:housenumber": "38", "source": "厚生労働省 医療情報ネットのオープンデータ (2026-06-01)", "_id": "3955395009020", "_座標の出典": "原データ"}}, {"type": "Feature", "geometry": {"type": "Point", "coordinates": [133.561689, 33.563215]}, "properties": {"amenity": "pharmacy", "healthcare": "pharmacy", "name": "旭サテライト薬局 札場店", "official_name": "旭サテライト薬局　札場店", "name:ja-Hira": "あさひさてらいとやっきょく ふだばてん", "name:en": "AsahiSateraitoPharmacy Fudaba", "opening_hours": "Mo,Tu,We,Th,Fr 09:00-18:00; Sa 09:00-13:00; PH off; Dec 30-Jan 03 off || off \"GWは休診\"", "addr:full": "高知県高知市札場１６ー３１　カトゥルセゾン札場１Ｆ西", "addr:country": "JP", "addr:province": "高知県", "addr:city": "高知市", "addr:neighbourhood": "札場", "addr:block_number": "16", "addr:housenumber": "31", "source": "厚生労働省 医療情報ネットのオープンデータ (2026-06-01)", "_id": "3955395009030", "_座標の出典": "原データ"}}, {"type": "Feature", "geometry": {"type": "Point", "coordinates": [133.581884, 33.557731]}, "properties": {"amenity": "pharmacy", "healthcare": "pharmacy", "name": "よどや薬局高知高須店", "official_name": "よどや薬局高知高須店", "name:ja-Hira": "よどややっきょくこうちたかすてん", "name:ja-Latn": "Yodoyayakkyokukouchitakasuten", "opening_hours": "Mo,Tu,We,Th,Fr 09:00-13:30,14:30-19:00; Sa 09:00-13:30,14:30-18:00; PH off", "website": "https://www.yodoyadrug.co.jp/", "addr:full": "高知県高知市高須１－５－３０", "addr:country": "JP", "addr:province": "高知県", "addr:city": "高知市", "addr:neighbourhood": "高須一丁目", "addr:block_number": "5", "addr:housenumber": "30", "source": "厚生労働省 医療情報ネットのオープンデータ (2026-06-01)", "_id": "3955395009040", "_座標の出典": "原データ"}}, {"type": "Feature", "geometry": {"type": "Point", "coordinates": [133.496139, 33.540745]}, "properties": {"amenity": "pharmacy", "healthcare": "pharmacy", "name": "よどや薬局高知朝倉店", "official_name": "よどや薬局高知朝倉店", "name:ja-Hira": "よどややっきょくこうちあさくらてん", "opening_hours": "Mo,Tu,We,Th,Fr 09:00-19:00; Sa 09:00-14:00; PH off", "website": "https://www.yodoyadrug.co.jp/", "addr:full": "高知県高知市朝倉横町２３番８ー３号", "addr:country": "JP", "addr:province": "高知県", "addr:city": "高知市", "addr:neighbourhood": "朝倉横町", "addr:block_number": "23", "addr:housenumber": "8-3", "source": "厚生労働省 医療情報ネットのオープンデータ (2026-06-01)", "_id": "3955395009050", "_座標の出典": "原データ"}}, {"type": "Feature", "geometry": {"type": "Point", "coordinates": [133.645662, 33.567743]}, "properties": {"amenity": "pharmacy", "healthcare": "pharmacy", "name": "よどや薬局南国大埇店", "official_name": "よどや薬局南国大埇店", "name:ja-Hira": "よどややっきょくなんこくおおそねてん", "opening_hours": "Mo,Tu,We,Th,Fr 09:00-13:30,14:30-18:00; PH off", "addr:full": "高知県南国市大埇甲１８７４ー１", "addr:country": "JP", "addr:province": "高知県", "addr:city": "南国市", "addr:neighbourhood": "大埇甲", "source": "厚生労働省 医療情報ネットのオープンデータ (2026-06-01)", "_id": "3955395009060", "_座標の出典": "原データ"}}, {"type": "Feature", "geometry": {"type": "Point", "coordinates": [133.538173, 33.561533]}, "properties": {"amenity": "pharmacy", "healthcare": "pharmacy", "name": "こころ薬局 追手筋店", "official_name": "こころ薬局　追手筋店", "name:ja-Hira": "こころやっきょく おうてすじてん", "name:ja-Latn": "Kokoroyakkyokuoutesuziten", "opening_hours": "Mo,Tu,We,Fr 09:00-18:00; Th,Sa 09:00-13:00; PH off; Dec 31-Jan 03 off", "website": "https://phstr.co.jp/", "addr:full": "高知県高知市追手筋一丁目３番２１号", "addr:country": "JP", "addr:province": "高知県", "addr:city": "高知市", "addr:neighbourhood": "追手筋一丁目", "addr:block_number": "3", "addr:housenumber": "21", "source": "厚生労働省 医療情報ネットのオープンデータ (2026-06-01)", "_id": "3955395009180", "_座標の出典": "原データ"}}, {"type": "Feature", "geometry": {"type": "Point", "coordinates": [133.475753, 33.536555]}, "properties": {"amenity": "pharmacy", "healthcare": "pharmacy", "name": "よどや薬局高知針木店", "official_name": "よどや薬局高知針木店", "name:ja-Hira": "よどややっきょくこうちはりぎてん", "name:ja-Latn": "Yodoyayakkyokukouchiharigi Ten", "opening_hours": "Mo,Tu,We,Th,Fr 09:00-13:30,14:30-19:00; Sa 09:00-14:00; PH off", "website": "https://www.yodoyadrug.co.jp/store-harigi.htm", "addr:full": "高知県高知市針木北一丁目３番１０号", "addr:country": "JP", "addr:province": "高知県", "addr:city": "高知市", "addr:neighbourhood": "針木北一丁目", "addr:block_number": "3", "addr:housenumber": "10", "source": "厚生労働省 医療情報ネットのオープンデータ (2026-06-01)", "_id": "3955395009190", "_座標の出典": "原データ"}}, {"type": "Feature", "geometry": {"type": "Point", "coordinates": [133.640143, 33.575196]}, "properties": {"amenity": "pharmacy", "healthcare": "pharmacy", "name": "調剤薬局ツルハドラッグ南国中央店", "official_name": "調剤薬局ツルハドラッグ南国中央店", "name:ja-Hira": "ちょうざいやっきょくつるはどらっぐなんこくちゅうおうてん", "name:en": "Chozaiyakkyoku Tsuruha Drug Nankoku chuo ten", "opening_hours": "Mo,Tu,We,Th,Fr 09:00-13:00,14:00-18:00; Sa 09:00-13:00; PH off; Dec 29-Jan 03 off", "website": "https://www.tsuruha.co.jp/", "addr:full": "高知県南国市大埇甲２３１７番地１", "addr:country": "JP", "addr:province": "高知県", "addr:city": "南国市", "addr:neighbourhood": "大埇甲", "source": "厚生労働省 医療情報ネットのオープンデータ (2026-06-01)", "_id": "3955395009210", "_座標の出典": "原データ"}}, {"type": "Feature", "geometry": {"type": "Point", "coordinates": [132.912343, 32.9801]}, "properties": {"amenity": "pharmacy", "healthcare": "pharmacy", "name": "マック中村調剤薬局", "official_name": "マック中村調剤薬局", "name:ja-Hira": "まっくなかむらちょうざいやっきょく", "name:ja-Latn": "Makkunakamurachouzaiyakkyoku", "opening_hours": "Mo,Tu,We,Th,Fr,Sa 09:30-19:00; PH off; Jan 01-Jan 03 off", "addr:full": "高知県四万十市具同５３９０番地", "addr:country": "JP", "addr:province": "高知県", "addr:city": "四万十市", "addr:neighbourhood": "具同", "source": "厚生労働省 医療情報ネットのオープンデータ (2026-06-01)", "_id": "3955395009230", "_座標の出典": "原データ"}}, {"type": "Feature", "geometry": {"type": "Point", "coordinates": [133.418713, 33.500812]}, "properties": {"amenity": "pharmacy", "healthcare": "pharmacy", "name": "よどや薬局土佐高岡店", "official_name": "よどや薬局土佐高岡店", "name:ja-Hira": "よどややっきょくとさたかおかてん", "name:ja-Latn": "Yodoya Yakkyoku Tosatakaoka", "opening_hours": "Mo,Tu,We,Th,Fr 09:00-19:00; Sa 09:00-14:00; PH off", "website": "https://www.yodoyadrug.co.jp/", "addr:full": "高知県土佐市高岡町乙３４０７", "addr:country": "JP", "addr:province": "高知県", "addr:city": "土佐市", "addr:neighbourhood": "高岡町乙", "source": "厚生労働省 医療情報ネットのオープンデータ (2026-06-01)", "_id": "3955395009240", "_座標の出典": "原データ"}}, {"type": "Feature", "geometry": {"type": "Point", "coordinates": [133.513299, 33.567925]}, "properties": {"amenity": "pharmacy", "healthcare": "pharmacy", "name": "よどや薬局高知福井店", "official_name": "よどや薬局高知福井店", "name:ja-Hira": "よどややっきょくこうちふくいてん", "name:ja-Latn": "Yodoya Yakkyoku Kouti Fukuiten", "opening_hours": "Mo,Tu,We,Th,Fr,Sa 09:00-13:00,14:00-19:00; PH off; Dec 30-Jan 03 off", "website": "https://www.yodoyadrug.co.jp/store-fukui.htm", "addr:full": "高知県高知市福井町７３８", "addr:country": "JP", "addr:province": "高知県", "addr:city": "高知市", "addr:neighbourhood": "福井町", "source": "厚生労働省 医療情報ネットのオープンデータ (2026-06-01)", "_id": "3955395009250", "_座標の出典": "原データ"}}, {"type": "Feature", "geometry": {"type": "Point", "coordinates": [133.898095, 33.505615]}, "properties": {"amenity": "pharmacy", "healthcare": "pharmacy", "name": "元氣堂調剤薬局ほうえい店", "official_name": "元氣堂調剤薬局ほうえい店", "name:ja-Hira": "げんきどうちょうざいやっきょくほうえいてん", "name:ja-Latn": "Genkidochiyouzaiyakkyokuhoueiten", "opening_hours": "Mo,Tu,We,Th,Fr 08:30-12:30,13:30-17:30; PH off; Dec 29-Jan 03 off", "addr:full": "高知県安芸市宝永町８－２０", "addr:country": "JP", "addr:province": "高知県", "addr:city": "安芸市", "addr:neighbourhood": "宝永町", "addr:block_number": "8", "addr:housenumber": "20", "source": "厚生労働省 医療情報ネットのオープンデータ (2026-06-01)", "_id": "3955395009260", "_座標の出典": "原データ"}}, {"type": "Feature", "geometry": {"type": "Point", "coordinates": [133.907686092, 33.503901257]}, "properties": {"amenity": "pharmacy", "healthcare": "pharmacy", "name": "よどや薬局安芸駅前店", "official_name": "よどや薬局安芸駅前店", "name:ja-Hira": "よどややっきょくあきえきまええてん", "opening_hours": "Mo,Tu,We,Th,Fr 09:00-19:00; Sa 09:00-14:00; PH off || off \"年末年始は休診\"", "website": "https://www.yodoyadrug.co.jp/", "addr:full": "高知県安芸市矢ノ丸３ー４ー３４", "addr:country": "JP", "addr:province": "高知県", "addr:city": "安芸市", "addr:neighbourhood": "矢ノ丸三丁目", "addr:block_number": "4", "addr:housenumber": "34", "source": "厚生労働省 医療情報ネットのオープンデータ (2026-06-01)", "_id": "3955395009270", "_座標の出典": "ジオコーディング"}}, {"type": "Feature", "geometry": {"type": "Point", "coordinates": [133.551448, 33.569097]}, "properties": {"amenity": "pharmacy", "healthcare": "pharmacy", "name": "よどや薬局高知比島店", "official_name": "よどや薬局高知比島店", "name:ja-Hira": "よどややっきょくこうちひじまてん", "opening_hours": "Mo,Tu,We,Th,Fr 09:00-13:30,14:30-19:00; Sa 09:00-14:00; PH off", "addr:full": "高知県高知市比島町１丁目１５番１３号", "addr:country": "JP", "addr:province": "高知県", "addr:city": "高知市", "addr:neighbourhood": "比島町一丁目", "addr:block_number": "15", "addr:housenumber": "13", "source": "厚生労働省 医療情報ネットのオープンデータ (2026-06-01)", "_id": "3955395009310", "_座標の出典": "原データ"}}, {"type": "Feature", "geometry": {"type": "Point", "coordinates": [133.696075, 33.558567]}, "properties": {"amenity": "pharmacy", "healthcare": "pharmacy", "name": "よどや薬局野市店", "official_name": "よどや薬局野市店", "name:ja-Hira": "よどややっきょくのいちてん", "name:ja-Latn": "Yodoya Yakkyokunoichiten", "opening_hours": "Mo,Tu,We,Th,Fr 09:30-13:30,14:30-18:30; PH off", "website": "https://www.yodoyadrug.co.jp/", "addr:full": "高知県香南市野市町西野２２０２ー１", "addr:country": "JP", "addr:province": "高知県", "addr:city": "香南市", "addr:neighbourhood": "野市町西野", "source": "厚生労働省 医療情報ネットのオープンデータ (2026-06-01)", "_id": "3955395009320", "_座標の出典": "原データ"}}, {"type": "Feature", "geometry": {"type": "Point", "coordinates": [133.537009, 33.565457]}, "properties": {"amenity": "pharmacy", "healthcare": "pharmacy", "name": "アイン薬局 愛宕店", "official_name": "アイン薬局　愛宕店", "name:ja-Hira": "あいんやっきょく あたごてん", "name:ja-Latn": "Ainyakkyoku Atagoten", "opening_hours": "Mo,Tu,We,Th,Fr 09:00-18:00; PH off; Dec 31-Jan 03 off", "website": "https://store.ainj.co.jp/detail/1101456/", "addr:full": "高知県高知市愛宕町一丁目１ー１４", "addr:country": "JP", "addr:province": "高知県", "addr:city": "高知市", "addr:neighbourhood": "愛宕町一丁目", "addr:block_number": "1", "addr:housenumber": "14", "source": "厚生労働省 医療情報ネットのオープンデータ (2026-06-01)", "_id": "3955395009340", "_座標の出典": "原データ"}}, {"type": "Feature", "geometry": {"type": "Point", "coordinates": [133.548472, 33.500109]}, "properties": {"amenity": "pharmacy", "healthcare": "pharmacy", "name": "フォレスト調剤薬局長浜店", "official_name": "フォレスト調剤薬局長浜店", "name:ja-Hira": "ふぉれすとちょうざいやっきょくながはまてん", "name:en": "Forest Pharmacy Nagahama", "opening_hours": "Mo,Tu,We,Fr 09:00-17:15; Th 08:00-16:30; Sa 09:00-17:00; PH off; Dec 31-Jan 03 off", "website": "https://www.forest-pharmacy.jp/", "addr:full": "高知県高知市長浜４８２８－２", "addr:country": "JP", "addr:province": "高知県", "addr:city": "高知市", "addr:neighbourhood": "長浜", "source": "厚生労働省 医療情報ネットのオープンデータ (2026-06-01)", "_id": "3955395009350", "_座標の出典": "原データ"}}, {"type": "Feature", "geometry": {"type": "Point", "coordinates": [133.555805401, 33.559956217]}, "properties": {"amenity": "pharmacy", "healthcare": "pharmacy", "name": "ペンギン堂薬局", "official_name": "ペンギン堂薬局", "name:ja-Hira": "ぺんぎんどうやっきょく", "opening_hours": "Mo,Tu,We,Th,Fr 09:00-18:00; Sa 09:00-13:00; PH off; Dec 31-Jan 03 off", "addr:full": "高知県高知市日の出町２－２０", "addr:country": "JP", "addr:province": "高知県", "addr:city": "高知市", "addr:neighbourhood": "日の出町", "addr:block_number": "2", "addr:housenumber": "20", "source": "厚生労働省 医療情報ネットのオープンデータ (2026-06-01)", "_id": "3955395009370", "_座標の出典": "ジオコーディング"}}, {"type": "Feature", "geometry": {"type": "Point", "coordinates": [133.541347, 33.541674]}, "properties": {"amenity": "pharmacy", "healthcare": "pharmacy", "name": "マック竹島調剤薬局", "official_name": "マック竹島調剤薬局", "name:ja-Hira": "まっくたけしまちょうざいやっきょく", "name:ja-Latn": "Mac Takeshima Chouzai Yakkyoku", "opening_hours": "Mo,Tu,We,Th,Fr,Sa 09:30-13:00,14:00-18:30; PH off; Dec 31-Jan 03 off", "website": "https://www.daiya-grp.co.jp/service/macchozai/", "addr:full": "高知県高知市竹島町１５８－１", "addr:country": "JP", "addr:province": "高知県", "addr:city": "高知市", "addr:neighbourhood": "竹島町", "source": "厚生労働省 医療情報ネットのオープンデータ (2026-06-01)", "_id": "3955395009380", "_座標の出典": "原データ"}}, {"type": "Feature", "geometry": {"type": "Point", "coordinates": [133.499472, 33.542089]}, "properties": {"amenity": "pharmacy", "healthcare": "pharmacy", "name": "調剤薬局ツルハドラッグ高知西店", "official_name": "調剤薬局ツルハドラッグ高知西店", "name:ja-Hira": "ちょうざいやっきょくつるはどらっぐこうちにしてん", "name:ja-Latn": "Chozaiyakkyokutsuruhadoraggukochinisiten", "opening_hours": "Mo,Tu,We,Th,Fr 09:00-12:00,13:00-18:00; Sa 09:00-13:00; PH off; Dec 29-Jan 03 off", "website": "https://www.tsuruha.co.jp", "addr:full": "高知県高知市朝倉甲１３３番１", "addr:country": "JP", "addr:province": "高知県", "addr:city": "高知市", "addr:neighbourhood": "朝倉甲", "source": "厚生労働省 医療情報ネットのオープンデータ (2026-06-01)", "_id": "3955395009390", "_座標の出典": "原データ"}}, {"type": "Feature", "geometry": {"type": "Point", "coordinates": [133.56141, 33.560078]}, "properties": {"amenity": "pharmacy", "healthcare": "pharmacy", "name": "マック東雲調剤薬局", "official_name": "マック東雲調剤薬局", "name:ja-Hira": "まっくしののめちょうざいやっきょく", "opening_hours": "Mo,Tu,We,Th,Fr,Sa 09:30-13:00,14:00-18:30; PH off; Dec 31-Jan 03 off", "addr:full": "高知県高知市東雲町３番２号", "addr:country": "JP", "addr:province": "高知県", "addr:city": "高知市", "addr:neighbourhood": "東雲町", "addr:block_number": "3", "addr:housenumber": "2", "source": "厚生労働省 医療情報ネットのオープンデータ (2026-06-01)", "_id": "3955395009400", "_座標の出典": "原データ"}}, {"type": "Feature", "geometry": {"type": "Point", "coordinates": [134.158735, 33.291397]}, "properties": {"amenity": "pharmacy", "healthcare": "pharmacy", "name": "調剤薬局 れお", "official_name": "調剤薬局　れお", "name:ja-Hira": "ちょうざいやっきょく れお", "name:ja-Latn": "Chouzaiyakkyoku Reo", "opening_hours": "Mo,Tu,We,Th,Fr 08:30-17:30; Sa 08:30-12:30; Sa[1,2,5] off; PH off; Dec 29-Jan 03 off", "addr:full": "高知県室戸市領家８８－１", "addr:country": "JP", "addr:province": "高知県", "addr:city": "室戸市", "addr:neighbourhood": "領家", "source": "厚生労働省 医療情報ネットのオープンデータ (2026-06-01)", "_id": "3955395009410", "_座標の出典": "原データ"}}, {"type": "Feature", "geometry": {"type": "Point", "coordinates": [133.284738, 33.475719]}, "properties": {"amenity": "pharmacy", "healthcare": "pharmacy", "name": "元氣堂調剤薬局とがの店", "official_name": "元氣堂調剤薬局とがの店", "name:ja-Hira": "げんきどうちょうざいやっきょくとがのてん", "name:ja-Latn": "Gennkidoucyouzaiyakkyoku Toganoten", "opening_hours": "Mo,Tu,Th,Fr 08:30-17:00; We,Sa 08:30-12:00; PH off; Dec 30-Jan 03 off", "addr:full": "高知県高岡郡佐川町中組６９番６", "addr:country": "JP", "addr:province": "高知県", "addr:county": "高岡郡", "addr:city": "佐川町", "addr:neighbourhood": "中組", "source": "厚生労働省 医療情報ネットのオープンデータ (2026-06-01)", "_id": "3955395009440", "_座標の出典": "原データ"}}, {"type": "Feature", "geometry": {"type": "Point", "coordinates": [133.537138, 33.568719]}, "properties": {"amenity": "pharmacy", "healthcare": "pharmacy", "name": "サンタ薬局", "official_name": "サンタ薬局", "name:ja-Hira": "さんたやっきょく", "name:ja-Latn": "Santa Yakkyoku", "opening_hours": "Mo,Tu,We,Th,Fr 09:00-19:00; Sa,PH 09:00-18:00; Jan 01-Jan 03 off", "addr:full": "高知県高知市愛宕町", "addr:country": "JP", "addr:province": "高知県", "addr:city": "高知市", "source": "厚生労働省 医療情報ネットのオープンデータ (2026-06-01)", "_id": "3955395009450", "_座標の出典": "原データ"}}, {"type": "Feature", "geometry": {"type": "Point", "coordinates": [133.552966965, 33.551696984]}, "properties": {"amenity": "pharmacy", "healthcare": "pharmacy", "name": "ドラッグセイムス潮江薬局", "official_name": "ドラッグセイムス潮江薬局", "name:ja-Hira": "どらっぐせいむすうしおえやっきょく", "name:ja-Latn": "Doragguseimusu Usioeyakkyoku", "opening_hours": "Mo,Tu,We,Th,Fr 09:00-13:00,14:00-18:30; Sa 09:00-13:00,14:00-16:00; PH off; Dec 30-Jan 03 off", "website": "http://nishinihonseims.co.jp/modules/auth/index.php/index.html", "addr:full": "高知県高知市北新田町１７ー１１", "addr:country": "JP", "addr:province": "高知県", "addr:city": "高知市", "addr:neighbourhood": "北新田町", "addr:block_number": "17", "addr:housenumber": "11", "source": "厚生労働省 医療情報ネットのオープンデータ (2026-06-01)", "_id": "3955395009460", "_座標の出典": "ジオコーディング"}}, {"type": "Feature", "geometry": {"type": "Point", "coordinates": [133.537192, 33.511834]}, "properties": {"amenity": "pharmacy", "healthcare": "pharmacy", "name": "マック横浜調剤薬局", "official_name": "マック横浜調剤薬局", "name:ja-Hira": "まっくよこはまちょうざいやっきょく", "name:en": "Mac Yokohama Dispensing Pharmacy(Makku Yokohama Chouzai Yakkyoku)", "opening_hours": "Mo,Tu,We,Th,Fr,Sa 10:00-19:00; PH off", "website": "https://www.daiya-grp.co.jp/service/macchozai/", "addr:full": "高知県高知市長浜９８６－３", "addr:country": "JP", "addr:province": "高知県", "addr:city": "高知市", "addr:neighbourhood": "長浜", "source": "厚生労働省 医療情報ネットのオープンデータ (2026-06-01)", "_id": "3955395009470", "_座標の出典": "原データ"}}, {"type": "Feature", "geometry": {"type": "Point", "coordinates": [133.556559, 33.55892]}, "properties": {"amenity": "pharmacy", "healthcare": "pharmacy", "name": "ちより薬局", "official_name": "ちより薬局", "name:ja-Hira": "ちよりやっきょく", "name:en": "Chiyori Pharmacy", "opening_hours": "Mo,Tu,We,Th,Fr,Sa 08:30-17:30; PH off; Dec 31-Jan 03 off", "website": "http://www.shikoku-dsp.co.jp/", "addr:full": "高知県高知市知寄町１丁目５番１７号", "addr:country": "JP", "addr:province": "高知県", "addr:city": "高知市", "addr:neighbourhood": "知寄町一丁目", "addr:block_number": "5", "addr:housenumber": "17", "source": "厚生労働省 医療情報ネットのオープンデータ (2026-06-01)", "_id": "3955395009480", "_座標の出典": "原データ"}}, {"type": "Feature", "geometry": {"type": "Point", "coordinates": [132.794489, 33.171577]}, "properties": {"amenity": "pharmacy", "healthcare": "pharmacy", "name": "にしとさ薬局", "official_name": "にしとさ薬局", "name:ja-Hira": "にしとさやっきょく", "name:ja-Latn": "Nishitosa Yakkyoku", "opening_hours": "Mo,Tu,We,Th,Fr 08:30-18:00; PH off; Dec 28-Jan 03 off", "addr:full": "高知県四万十市西土佐用井１１１０ー２８", "addr:country": "JP", "addr:province": "高知県", "addr:city": "四万十市", "addr:neighbourhood": "西土佐用井", "source": "厚生労働省 医療情報ネットのオープンデータ (2026-06-01)", "_id": "3955395009490", "_座標の出典": "原データ"}}, {"type": "Feature", "geometry": {"type": "Point", "coordinates": [132.924318, 33.392588]}, "properties": {"amenity": "pharmacy", "healthcare": "pharmacy", "name": "ゆすはら薬局", "official_name": "ゆすはら薬局", "name:ja-Hira": "ゆすはらやっきょく", "name:en": "yusuhara pharmacy", "opening_hours": "Mo,Tu,We,Th,Fr 08:30-18:00; PH off; Dec 29-Jan 03 off", "website": "https://www.marinegroup.jp/detail/%E3%82%86%E3%81%99%E3%81%AF%E3%82%89%E8%96%AC%E5%B1%80/", "addr:full": "高知県高岡郡檮原町川西路２３０８番地", "addr:country": "JP", "addr:province": "高知県", "addr:county": "高岡郡", "addr:city": "檮原町", "addr:neighbourhood": "川西路", "source": "厚生労働省 医療情報ネットのオープンデータ (2026-06-01)", "_id": "3955395009500", "_座標の出典": "原データ"}}, {"type": "Feature", "geometry": {"type": "Point", "coordinates": [132.897452, 33.218495]}, "properties": {"amenity": "pharmacy", "healthcare": "pharmacy", "name": "とおわ薬局", "official_name": "とおわ薬局", "name:ja-Hira": "とおわやっきょく", "name:en": "Toowa Pharmacy", "opening_hours": "Mo,Tu,We,Th,Fr 08:30-17:30; PH off; Dec 29-Jan 03 off", "addr:full": "高知県高岡郡四万十町昭和４７２番地３", "addr:country": "JP", "addr:province": "高知県", "addr:county": "高岡郡", "addr:city": "四万十町", "addr:neighbourhood": "昭和", "source": "厚生労働省 医療情報ネットのオープンデータ (2026-06-01)", "_id": "3955395009510", "_座標の出典": "原データ"}}, {"type": "Feature", "geometry": {"type": "Point", "coordinates": [133.547963, 33.561243]}, "properties": {"amenity": "pharmacy", "healthcare": "pharmacy", "name": "金子漢方薬局", "official_name": "金子漢方薬局", "name:ja-Hira": "かねこかんぽうやっきょく", "opening_hours": "Mo,Th,Fr,Sa,Su 09:00-18:00; PH off", "website": "https://kaneco-pharmacy.com/", "addr:full": "高知県高知市桜井町１−５−３３", "addr:country": "JP", "addr:province": "高知県", "addr:city": "高知市", "addr:neighbourhood": "桜井町一丁目", "addr:block_number": "5", "addr:housenumber": "33", "source": "厚生労働省 医療情報ネットのオープンデータ (2026-06-01)", "_id": "3955395009520", "_座標の出典": "原データ"}}, {"type": "Feature", "geometry": {"type": "Point", "coordinates": [133.291654, 33.41228]}, "properties": {"amenity": "pharmacy", "healthcare": "pharmacy", "name": "マック須崎調剤薬局", "official_name": "マック須崎調剤薬局", "name:ja-Hira": "まっくすさきちょうざいやっきょく", "opening_hours": "Mo,Tu,We,Th,Fr,Sa 09:30-13:00,14:00-18:30; PH off; Dec 31-Jan 03 off", "addr:full": "高知県須崎市西崎町６番１５号", "addr:country": "JP", "addr:province": "高知県", "addr:city": "須崎市", "addr:neighbourhood": "西崎町", "addr:block_number": "6", "addr:housenumber": "15", "source": "厚生労働省 医療情報ネットのオープンデータ (2026-06-01)", "_id": "3955395009530", "_座標の出典": "原データ"}}, {"type": "Feature", "geometry": {"type": "Point", "coordinates": [132.924132, 32.987659]}, "properties": {"amenity": "pharmacy", "healthcare": "pharmacy", "name": "よどや薬局 四万十渡川店", "official_name": "よどや薬局　四万十渡川店", "name:ja-Hira": "よどややっきょく しまんとわたりがわてん", "name:ja-Latn": "Yodoyayakkyoku Shimantowatarigawaten", "opening_hours": "Mo,Tu,We,Th,Fr 09:00-13:00,14:00-18:00; PH off || off \"GW・年末年始は休診\"", "website": "https://www.yodoyadrug.co.jp/index.html", "addr:full": "高知県四万十市渡川３－１－６", "addr:country": "JP", "addr:province": "高知県", "addr:city": "四万十市", "addr:neighbourhood": "渡川三丁目", "source": "厚生労働省 医療情報ネットのオープンデータ (2026-06-01)", "_id": "3955395009560", "_座標の出典": "原データ"}}, {"type": "Feature", "geometry": {"type": "Point", "coordinates": [133.592116, 33.558931]}, "properties": {"amenity": "pharmacy", "healthcare": "pharmacy", "name": "マック高須調剤薬局", "official_name": "マック高須調剤薬局", "name:ja-Hira": "まっくたかすちょうざいやっきょく", "name:ja-Latn": "Mactakasutyouzaiyakkyoku", "opening_hours": "Mo,Tu,We,Th,Fr,Sa 09:30-18:30; Sa[2,3,4,5] off; PH off; Dec 31-Jan 03 off", "addr:full": "高知県高知市高須東町６－３", "addr:country": "JP", "addr:province": "高知県", "addr:city": "高知市", "addr:neighbourhood": "高須東町", "addr:block_number": "6", "addr:housenumber": "3", "source": "厚生労働省 医療情報ネットのオープンデータ (2026-06-01)", "_id": "3955395009570", "_座標の出典": "原データ"}}, {"type": "Feature", "geometry": {"type": "Point", "coordinates": [133.48377, 33.540809]}, "properties": {"amenity": "pharmacy", "healthcare": "pharmacy", "name": "メディカル薬局うぐるす店", "official_name": "メディカル薬局うぐるす店", "name:ja-Hira": "めでぃかるやっきょくうぐるすてん", "name:ja-Latn": "Medhikaruyakkyokuugurusuten", "opening_hours": "Mo,Tu,We,Th,Fr,Sa 08:30-18:00; Su 09:00-13:00; PH off", "website": "http://www.shikoku-dsp.co.jp/", "addr:full": "高知県高知市鵜来巣１１－３８－１０", "addr:country": "JP", "addr:province": "高知県", "addr:city": "高知市", "addr:neighbourhood": "鵜来巣", "addr:block_number": "11", "addr:housenumber": "38-10", "source": "厚生労働省 医療情報ネットのオープンデータ (2026-06-01)", "_id": "3955395009580", "_座標の出典": "原データ"}}, {"type": "Feature", "geometry": {"type": "Point", "coordinates": [133.534143206, 33.570927898]}, "properties": {"amenity": "pharmacy", "healthcare": "pharmacy", "name": "ベル企画 ベル薬局 吉田店", "official_name": "有限会社　ベル企画　ベル薬局　吉田店", "opening_hours": "Mo,Tu,We,Fr 09:00-18:00; Sa 09:00-13:00; PH off; Dec 30-Jan 03,May 03-May 05 off", "website": "https://www.belle-ph.com/", "addr:full": "高知県高知市吉田町２番６号", "addr:country": "JP", "addr:province": "高知県", "addr:city": "高知市", "addr:neighbourhood": "吉田町", "addr:block_number": "2", "addr:housenumber": "6", "source": "厚生労働省 医療情報ネットのオープンデータ (2026-06-01)", "_id": "3955395009590", "_座標の出典": "ジオコーディング"}}, {"type": "Feature", "geometry": {"type": "Point", "coordinates": [133.136555, 33.212808]}, "properties": {"amenity": "pharmacy", "healthcare": "pharmacy", "name": "武田金草堂薬局", "official_name": "武田金草堂薬局", "name:ja-Hira": "たけだきんそうどうやっきょく", "name:ja-Latn": "Takedakinsodoyakkyoku", "opening_hours": "Mo,Tu,We,Th,Fr 08:30-18:00; Sa 08:30-13:30; PH off; Dec 30-Jan 03 off", "addr:full": "高知県高岡郡四万十町北琴平町１－５", "addr:country": "JP", "addr:province": "高知県", "addr:county": "高岡郡", "addr:city": "四万十町", "addr:neighbourhood": "北琴平町", "addr:block_number": "1", "addr:housenumber": "5", "source": "厚生労働省 医療情報ネットのオープンデータ (2026-06-01)", "_id": "3955395009600", "_座標の出典": "原データ"}}, {"type": "Feature", "geometry": {"type": "Point", "coordinates": [133.493536, 33.540609]}, "properties": {"amenity": "pharmacy", "healthcare": "pharmacy", "name": "よどや薬局高知土佐道路店", "official_name": "よどや薬局高知土佐道路店", "name:ja-Hira": "よどややっきょくこうちとさどうろてん", "name:ja-Latn": "Yodoyayakkyokukoutitosadouroten", "opening_hours": "Mo,Tu,We,Th,Fr 09:30-13:00,14:00-18:30; PH off; Jan 01-Jan 03 off", "website": "https://store.welcia.co.jp/welcia/spot/detail?code=4724D", "addr:full": "高知県高知市朝倉甲４９３－１", "addr:country": "JP", "addr:province": "高知県", "addr:city": "高知市", "addr:neighbourhood": "朝倉甲", "source": "厚生労働省 医療情報ネットのオープンデータ (2026-06-01)", "_id": "3955395009670", "_座標の出典": "原データ"}}, {"type": "Feature", "geometry": {"type": "Point", "coordinates": [133.622401, 33.569556]}, "properties": {"amenity": "pharmacy", "healthcare": "pharmacy", "name": "アイン薬局 JA高知病院前店", "official_name": "アイン薬局　ＪＡ高知病院前店", "name:ja-Hira": "あいんやっきょく じぇいえいこうちびょういんまえてん", "name:en": "Ain Pharmacy", "opening_hours": "Mo,Tu,We,Th,Fr 08:30-18:30; Sa 08:30-17:00; PH off; Dec 29-Jan 03 off", "website": "http://www.ainj.co.jp", "addr:full": "高知県南国市明見５３８－６", "addr:country": "JP", "addr:province": "高知県", "addr:city": "南国市", "addr:neighbourhood": "明見", "source": "厚生労働省 医療情報ネットのオープンデータ (2026-06-01)", "_id": "3955395009680", "_座標の出典": "原データ"}}, {"type": "Feature", "geometry": {"type": "Point", "coordinates": [133.647498, 33.574377]}, "properties": {"amenity": "pharmacy", "healthcare": "pharmacy", "name": "西田順天堂薬局 日章店", "official_name": "西田順天堂薬局　日章店", "name:ja-Hira": "にしだじゅんてんどうやっきょく にっしょうてん", "name:ja-Latn": "Nishidajyuntendouyakkyoku Nissyouten", "opening_hours": "Mo,Tu,We,Fr 09:00-18:00; Th,Sa 09:00-13:00; PH off; Dec 30-Jan 03 off", "website": "https://www.nishida-ph.net", "addr:full": "高知県南国市田村乙２０４０－３", "addr:country": "JP", "addr:province": "高知県", "addr:city": "南国市", "addr:neighbourhood": "田村乙", "source": "厚生労働省 医療情報ネットのオープンデータ (2026-06-01)", "_id": "3955395009720", "_座標の出典": "原データ"}}, {"type": "Feature", "geometry": {"type": "Point", "coordinates": [133.498712, 33.550726]}, "properties": {"amenity": "pharmacy", "healthcare": "pharmacy", "name": "なの花薬局高知鴨部店", "official_name": "なの花薬局高知鴨部店", "name:ja-Hira": "なのはなやっきょくこうちかもべてん", "opening_hours": "Mo,Tu,We,Th,Fr 09:00-18:00; Sa 09:00-13:00; PH off", "website": "https://www.nanohana-ph.jp/shop/chugoku-shikoku/kochi/kochi/kochikamobe.php", "addr:full": "高知県高知市鴨部上町７－７", "addr:country": "JP", "addr:province": "高知県", "addr:city": "高知市", "addr:neighbourhood": "鴨部上町", "addr:block_number": "7", "addr:housenumber": "7", "source": "厚生労働省 医療情報ネットのオープンデータ (2026-06-01)", "_id": "3955395009740", "_座標の出典": "原データ"}}, {"type": "Feature", "geometry": {"type": "Point", "coordinates": [133.654523, 33.57336]}, "properties": {"amenity": "pharmacy", "healthcare": "pharmacy", "name": "マックごめん調剤薬局", "official_name": "マックごめん調剤薬局", "name:ja-Hira": "まっくごめんちょうざいやっきょく", "opening_hours": "Mo,Tu,We,Th,Fr,Sa 09:30-14:00,15:00-18:30", "addr:full": "高知県南国市大そね甲７５１－１", "addr:country": "JP", "addr:province": "高知県", "addr:city": "南国市", "source": "厚生労働省 医療情報ネットのオープンデータ (2026-06-01)", "_id": "3955395009770", "_座標の出典": "原データ"}}, {"type": "Feature", "geometry": {"type": "Point", "coordinates": [133.000953, 33.018613]}, "properties": {"amenity": "pharmacy", "healthcare": "pharmacy", "name": "すみれ薬局くろしお店", "official_name": "すみれ薬局くろしお店", "name:ja-Hira": "すみれやっきょくくろしおてん", "name:ja-Latn": "Sumireyakkyokukuroshiotenn", "opening_hours": "Mo,Tu,We,Th,Fr 09:00-18:00; Sa 09:00-12:30; PH off", "addr:full": "高知県幡多郡黒潮町入野５５８－１", "addr:country": "JP", "addr:province": "高知県", "addr:county": "幡多郡", "addr:city": "黒潮町", "addr:neighbourhood": "入野", "source": "厚生労働省 医療情報ネットのオープンデータ (2026-06-01)", "_id": "3955395009780", "_座標の出典": "原データ"}}, {"type": "Feature", "geometry": {"type": "Point", "coordinates": [133.511301, 33.541614]}, "properties": {"amenity": "pharmacy", "healthcare": "pharmacy", "name": "よどや薬局高知神田店", "official_name": "よどや薬局高知神田店", "name:ja-Hira": "よどややっきょくこうちこうだてん", "opening_hours": "Mo,Tu,We,Th,Fr 09:00-13:30,14:30-19:00; Sa 09:00-13:00,14:00-18:00; PH off", "website": "https://www.yodoyadrug.co.jp/privacy.html", "addr:full": "高知県高知市神田１２０４ー１", "addr:country": "JP", "addr:province": "高知県", "addr:city": "高知市", "addr:neighbourhood": "神田", "source": "厚生労働省 医療情報ネットのオープンデータ (2026-06-01)", "_id": "3955395009790", "_座標の出典": "原データ"}}, {"type": "Feature", "geometry": {"type": "Point", "coordinates": [133.554452, 33.561566]}, "properties": {"amenity": "pharmacy", "healthcare": "pharmacy", "name": "ドラッグセイムス高知宝永薬局", "official_name": "ドラッグセイムス高知宝永薬局", "name:ja-Hira": "どらっぐせいむすこうちほうえいやっきょく", "opening_hours": "Mo,Tu,We,Th,Fr,Sa 09:00-13:00,14:00-18:00; PH off", "addr:full": "高知県高知市宝永町７－３３", "addr:country": "JP", "addr:province": "高知県", "addr:city": "高知市", "addr:neighbourhood": "宝永町", "addr:block_number": "7", "addr:housenumber": "33", "source": "厚生労働省 医療情報ネットのオープンデータ (2026-06-01)", "_id": "3955395009800", "_座標の出典": "原データ"}}, {"type": "Feature", "geometry": {"type": "Point", "coordinates": [133.547569122, 33.552199666]}, "properties": {"amenity": "pharmacy", "healthcare": "pharmacy", "name": "よどや薬局高知潮江店", "official_name": "よどや薬局高知潮江店", "name:ja-Hira": "よどややっきょくこうちうしおえてん", "opening_hours": "Mo,Tu,We,Th,Fr 09:00-13:00,14:00-18:00; PH off", "addr:full": "高知県高知市潮新町１７－２０", "addr:country": "JP", "addr:province": "高知県", "addr:city": "高知市", "addr:neighbourhood": "潮新町一丁目", "addr:block_number": "7", "addr:housenumber": "20", "source": "厚生労働省 医療情報ネットのオープンデータ (2026-06-01)", "_id": "3955395009810", "_座標の出典": "ジオコーディング"}}, {"type": "Feature", "geometry": {"type": "Point", "coordinates": [133.535741, 33.515818]}, "properties": {"amenity": "pharmacy", "healthcare": "pharmacy", "name": "あじさい薬局 横浜新町店", "official_name": "あじさい薬局　横浜新町店", "name:ja-Hira": "あじさいやっきょくよこはましんまちてん", "name:ja-Latn": "Ajisaiyakkyokuyokohamasinmachitenn", "opening_hours": "Mo,Tu,We,Fr,Sa 09:00-18:00; Th 09:00-17:00; PH off", "website": "https://www.drug-kuroshio.co.jp/index.html", "addr:full": "高知県高知市横浜新町４－２２１０", "addr:country": "JP", "addr:province": "高知県", "addr:city": "高知市", "addr:neighbourhood": "横浜新町四丁目", "source": "厚生労働省 医療情報ネットのオープンデータ (2026-06-01)", "_id": "3955395009820", "_座標の出典": "原データ"}}, {"type": "Feature", "geometry": {"type": "Point", "coordinates": [133.551438, 33.559503]}, "properties": {"amenity": "pharmacy", "healthcare": "pharmacy", "name": "ブロード調剤薬局 城見店", "official_name": "ブロード調剤薬局　城見店", "name:ja-Hira": "ぶろーどちょうざいやっきょく しろみてん", "name:ja-Latn": "Broadtyouzaiyakkyoku Shiromitenn", "opening_hours": "Mo,Tu,We,Th,Fr 08:30-17:30; Sa 08:30-12:30; Dec 30-Jan 03 off", "website": "https://www.shikoku-dsp.co.jp/", "addr:full": "高知県高知市城見町３－２７", "addr:country": "JP", "addr:province": "高知県", "addr:city": "高知市", "addr:neighbourhood": "城見町", "addr:block_number": "3", "addr:housenumber": "27", "source": "厚生労働省 医療情報ネットのオープンデータ (2026-06-01)", "_id": "3955395009830", "_座標の出典": "原データ"}}, {"type": "Feature", "geometry": {"type": "Point", "coordinates": [132.934792, 32.992972]}, "properties": {"amenity": "pharmacy", "healthcare": "pharmacy", "name": "京町薬局", "official_name": "京町薬局", "name:ja-Hira": "きょうまちやっきょく", "name:ja-Latn": "Kyomachi Yakkyoku", "opening_hours": "Mo,Tu,We,Th,Fr 09:00-18:00; Sa 09:00-13:00; PH off; Dec 29-Jan 01 off", "website": "https://sumire-pharmacy.com/stores/", "addr:full": "高知県四万十市中村一条通１丁目３９番", "addr:country": "JP", "addr:province": "高知県", "addr:city": "四万十市", "addr:neighbourhood": "中村一条通一丁目", "source": "厚生労働省 医療情報ネットのオープンデータ (2026-06-01)", "_id": "3955395009840", "_座標の出典": "原データ"}}, {"type": "Feature", "geometry": {"type": "Point", "coordinates": [133.562465994, 33.580379986]}, "properties": {"amenity": "pharmacy", "healthcare": "pharmacy", "name": "つちばし薬局 あぞの店", "official_name": "つちばし薬局　あぞの店", "name:ja-Hira": "つちばしやっきょく あぞのてん", "opening_hours": "Mo,Tu,Th,Fr 08:30-18:30; We 08:30-16:30; Sa 08:30-13:00; PH off; Dec 30-Jan 03 off || off \"GWは休診\"", "website": "http://www.tsuchibashi.co.jp/", "addr:full": "高知県高知市薊野東町１－５０", "addr:country": "JP", "addr:province": "高知県", "addr:city": "高知市", "addr:neighbourhood": "薊野東町", "addr:block_number": "1", "addr:housenumber": "50", "source": "厚生労働省 医療情報ネットのオープンデータ (2026-06-01)", "_id": "3955395009860", "_座標の出典": "ジオコーディング"}}, {"type": "Feature", "geometry": {"type": "Point", "coordinates": [133.563499111, 33.564914438]}, "properties": {"amenity": "pharmacy", "healthcare": "pharmacy", "name": "くろしお薬局ござ店", "official_name": "くろしお薬局ござ店", "name:ja-Hira": "くろしおやっきょくござてん", "name:ja-Latn": "Kuroshioyattukyokugozaten", "opening_hours": "Mo,Tu,We,Fr 09:00-18:00; Sa 09:00-17:00; PH off", "addr:full": "高知県高知市南御座３－２９", "addr:country": "JP", "addr:province": "高知県", "addr:city": "高知市", "addr:neighbourhood": "南御座", "addr:block_number": "3", "addr:housenumber": "29", "source": "厚生労働省 医療情報ネットのオープンデータ (2026-06-01)", "_id": "3955395009900", "_座標の出典": "ジオコーディング"}}, {"type": "Feature", "geometry": {"type": "Point", "coordinates": [133.522137, 33.559659]}, "properties": {"amenity": "pharmacy", "healthcare": "pharmacy", "name": "ひまわり薬局 高知店", "official_name": "ひまわり薬局　高知店", "name:ja-Hira": "ひまわりやっきょく こうちてん", "opening_hours": "Mo,Tu,Th,Fr 09:00-18:00; We 09:00-18:30; Sa 09:00-15:00; PH off; Dec 31-Jan 03 off", "website": "https://ship-ph.co.jp/", "addr:full": "高知県高知市西町１０９番", "addr:country": "JP", "addr:province": "高知県", "addr:city": "高知市", "addr:neighbourhood": "西町", "source": "厚生労働省 医療情報ネットのオープンデータ (2026-06-01)", "_id": "3955395009910", "_座標の出典": "原データ"}}, {"type": "Feature", "geometry": {"type": "Point", "coordinates": [133.526521027, 33.557992361]}, "properties": {"amenity": "pharmacy", "healthcare": "pharmacy", "name": "ブルークロス調剤薬局 上町店", "official_name": "ブルークロス調剤薬局　上町店", "name:ja-Hira": "ぶるーくろすちょうざいやっきょく かみまちてん", "opening_hours": "Mo,Tu,We,Th,Fr 09:00-18:00; Sa 09:00-13:00; PH off; Dec 30-Jan 03 off", "website": "http://www.bluecross.co.jp/", "addr:full": "高知県高知市上町１－４－３２　中平ビル西館　１階", "addr:country": "JP", "addr:province": "高知県", "addr:city": "高知市", "addr:neighbourhood": "上町一丁目", "addr:block_number": "4", "addr:housenumber": "32", "source": "厚生労働省 医療情報ネットのオープンデータ (2026-06-01)", "_id": "3955395009920", "_座標の出典": "ジオコーディング"}}, {"type": "Feature", "geometry": {"type": "Point", "coordinates": [133.537018, 33.556336]}, "properties": {"amenity": "pharmacy", "healthcare": "pharmacy", "name": "あおき薬局", "official_name": "あおき薬局", "name:ja-Hira": "あおきやっきょく", "name:ja-Latn": "Aokiyakyoku", "opening_hours": "Mo,Tu,We,Th,Fr 08:30-18:00; Sa 08:30-13:00 || off \"年末年始は休診\"", "website": "https://www.shikoku-dsp.co.jp/", "addr:full": "高知県高知市鷹匠町１丁目１－９", "addr:country": "JP", "addr:province": "高知県", "addr:city": "高知市", "addr:neighbourhood": "鷹匠町一丁目", "addr:block_number": "1", "addr:housenumber": "9", "source": "厚生労働省 医療情報ネットのオープンデータ (2026-06-01)", "_id": "3955395009930", "_座標の出典": "原データ"}}, {"type": "Feature", "geometry": {"type": "Point", "coordinates": [133.572498, 33.558562]}, "properties": {"amenity": "pharmacy", "healthcare": "pharmacy", "name": "あっぷる薬局", "official_name": "ブロード調剤　あっぷる薬局", "opening_hours": "Mo,Tu,We,Th,Fr 08:45-17:45; Sa 09:00-17:00; PH off; Dec 31-Jan 03 off", "website": "https://www.shikoku-dsp.co.jp/", "addr:full": "高知県高知市葛島１丁目１０番７５号", "addr:country": "JP", "addr:province": "高知県", "addr:city": "高知市", "addr:neighbourhood": "葛島一丁目", "addr:block_number": "10", "addr:housenumber": "75", "source": "厚生労働省 医療情報ネットのオープンデータ (2026-06-01)", "_id": "3955395009960", "_座標の出典": "原データ"}}, {"type": "Feature", "geometry": {"type": "Point", "coordinates": [132.95352, 32.780237]}, "properties": {"amenity": "pharmacy", "healthcare": "pharmacy", "name": "メディカル薬局清水店", "official_name": "メディカル薬局清水店", "name:ja-Hira": "めでぃかるやっきょくしみずてん", "name:en": "medicalyakkyokushimizuten", "website": "https://medicalchozai.jp/", "addr:full": "高知県土佐清水市幸町４－１ニューヴァレ―マンション１Ｆ", "addr:country": "JP", "addr:province": "高知県", "addr:city": "土佐清水市", "addr:neighbourhood": "幸町", "source": "厚生労働省 医療情報ネットのオープンデータ (2026-06-01)", "_id": "3955395009990", "_座標の出典": "原データ"}}, {"type": "Feature", "geometry": {"type": "Point", "coordinates": [133.287163, 33.407818]}, "properties": {"amenity": "pharmacy", "healthcare": "pharmacy", "name": "よどや薬局 須崎大間東店", "official_name": "よどや薬局　須崎大間東店", "name:ja-Hira": "よどややっきょく すさきおおまひがしてん", "opening_hours": "Mo,Tu,We,Fr 09:00-13:00,14:00-18:00; Th 09:00-13:00,14:00-17:30; PH off", "addr:full": "高知県須崎市大間東町４－３７", "addr:country": "JP", "addr:province": "高知県", "addr:city": "須崎市", "addr:neighbourhood": "大間東町", "addr:block_number": "4", "addr:housenumber": "37", "source": "厚生労働省 医療情報ネットのオープンデータ (2026-06-01)", "_id": "3955395010000", "_座標の出典": "原データ"}}]}