ID,都道府県コード,lat,lon,座標の出典,amenity,healthcare,name,official_name,short_name,name:ja-Hira,name:ja-Latn,name:en,opening_hours,healthcare:speciality,emergency,website,addr:full,addr:country,addr:province,addr:county,addr:city,addr:suburb,addr:quarter,addr:neighbourhood,addr:block_number,addr:housenumber,beds,source,要確認,備考,未解釈の文字列,fixme の内容
3955395001070,39,33.51372,133.573413,原データ,pharmacy,pharmacy,病院通薬局みさと店,病院通薬局みさと店,,びょういんどおりやっきょくみさとてん,Byouindoriyakkyoku Misatoten,,"Mo,Tu,We,Th,Fr 09:00-18:00; Sa 09:00-13:30; PH off; Dec 30-Jan 03 off",,,http://www.kurisu-p.com,高知県高知市仁井田１６１７－１８,JP,高知県,,高知市,,,仁井田,,,,厚生労働省 医療情報ネットのオープンデータ (2026-06-01),,,,
3955395001080,39,33.548311,133.548238,原データ,pharmacy,pharmacy,アイン薬局 桟橋店,アイン薬局　桟橋店,,あいんやっきょく さんばしてん,Ainyakkyoku Sanbasiten,,"Mo,Tu,We,Th,Fr,Sa 09:00-18:00; PH off; Dec 30-Jan 03 off",,,https://www.ainj.co.jp/,高知県高知市桟橋通２丁目７ー７,JP,高知県,,高知市,,,桟橋通二丁目,7,7,,厚生労働省 医療情報ネットのオープンデータ (2026-06-01),,,,
3955395001240,39,33.510635,133.54361,原データ,pharmacy,pharmacy,サニーひこばえ薬局,サニーひこばえ薬局,,さにー ひこばえ やっきょく,,Sunny Hikobae Drugstore,"Mo,Tu,We,Th,Fr,Sa 09:30-19:00; PH off; Jan 01-Jan 03 off",,,,高知県高知市瀬戸西３丁目１３－１サニーマート瀬戸店内,JP,高知県,,高知市,,,瀬戸西町三丁目,,,,厚生労働省 医療情報ネットのオープンデータ (2026-06-01),,,サニーマート瀬戸店内,
3955395001310,39,33.561166,133.542763,原データ,pharmacy,pharmacy,正木梅花堂薬局,正木梅花堂薬局,,まさきばいかどうやっきょく,,MasakiBaikadou Drugstore(MasakiBaikadou Yakkyoku),"Mo,Tu,We,Th,Fr 09:00-18:30; Sa 09:00-17:00; PH off; Dec 29-Jan 03 off",,,,高知県高知市はりまや町２丁目１－１,JP,高知県,,高知市,,,はりまや町二丁目,1,1,,厚生労働省 医療情報ネットのオープンデータ (2026-06-01),,,,
3955395001320,39,33.536008,133.486783,原データ,pharmacy,pharmacy,ニュータウンなるおか薬局,ニュータウンなるおか薬局,,にゅーたうんなるおかやっきょく,,,"Mo,Tu,We,Fr,Sa 09:00-19:00; PH off; Dec 29-Jan 04 off",,,,高知県高知市朝倉己８３４－１５,JP,高知県,,高知市,,,朝倉己,,,,厚生労働省 医療情報ネットのオープンデータ (2026-06-01),yes,,834-15,
3955395001360,39,33.567794,133.536706,原データ,pharmacy,pharmacy,稲本薬局,稲本薬局,,いなもとやっきょく,,Inamoto Drugstore,"Mo,Tu,We,Th,Fr,Sa 09:00-19:00; PH 09:00-18:00; Jan 01-Jan 03 off",,,,高知県高知市愛宕町２丁目１８－２２,JP,高知県,,高知市,,,愛宕町二丁目,18,22,,厚生労働省 医療情報ネットのオープンデータ (2026-06-01),,,,
3955395001420,39,33.557843,133.544908,原データ,pharmacy,pharmacy,テラオ薬局,テラオ薬局,,てらおやっきょく,Terao Yakkyoku,,"Mo,Tu,We,Th,Fr 09:00-18:00; Sa 09:00-17:00; PH off; Dec 29-Jan 03 off",,,http://www.terao-kochi.co.jp/kanpou/,高知県高知市南はりまや町２－５－１９,JP,高知県,,高知市,,,南はりまや町二丁目,5,19,,厚生労働省 医療情報ネットのオープンデータ (2026-06-01),,,,
3955395001580,39,33.548923,133.545448,原データ,pharmacy,pharmacy,ケンコー薬局,ケンコー薬局,,けんこーやっきょく,Kenkoyakkyoku,,"Mo,Tu,Th 09:00-18:00; We 09:00-13:00; Fr 09:00-17:00; Sa 09:00-16:00; PH off",,,,高知県高知市百石町２－９－１５,JP,高知県,,高知市,,,百石町二丁目,9,15,,厚生労働省 医療情報ネットのオープンデータ (2026-06-01),,"255文字を超えたため末尾の規則1件を落とした: Dec 27-Jan 03,Apr 04,Apr 24-Apr 25,May 02-May 06,May 16,May 30,Jun 06,Jun 19-Jun",,
3955395001610,39,33.558539,133.572518,原データ,pharmacy,pharmacy,あっぷる・ふぁ~ましぃ,あっぷる・ふぁ～ましぃ,,あっぷる ふぁーましぃ,,APPLE PHARMACY,"Mo,Tu,We,Th,Fr 09:00-18:00; Sa 09:00-17:00; PH off",,,,高知県高知市葛島１丁目１０番７５号（ファミリープラザ内）,JP,高知県,,高知市,,,葛島一丁目,10,75,,厚生労働省 医療情報ネットのオープンデータ (2026-06-01),,,（ファミリープラザ内）,
3955395001710,39,33.572252,133.528783,原データ,pharmacy,pharmacy,白十字薬局 一ツ橋店,白十字薬局　一ツ橋店,,はくじゅうじやっきょく ひとつばしてん,Hakujuuziyakkyoku Hitotsubashiten,,"Mo,Tu,We,Fr 09:00-18:30; Sa 09:00-17:30; PH off",,,,高知県高知市一ツ橋町２丁目１７６番地,JP,高知県,,高知市,,,一ツ橋町二丁目,,,,厚生労働省 医療情報ネットのオープンデータ (2026-06-01),,,176,
3955395001790,39,33.557607,133.523812,原データ,pharmacy,pharmacy,上町薬局,上町薬局,,かみまちやっきょく,Kamimachi Yakkyoku,,"Mo,Th 08:30-17:30; Tu,We,Fr 08:30-18:00; Sa 08:30-12:30; PH off; Dec 30-Jan 03 off",,,https://kochi-chozai.co.jp/,高知県高知市上町２丁目２－１２,JP,高知県,,高知市,,,上町二丁目,2,12,,厚生労働省 医療情報ネットのオープンデータ (2026-06-01),yes,,,
3955395001890,39,33.557976,133.525237,原データ,pharmacy,pharmacy,ユーミン薬局,有限会社ユーミン薬局,,,,,"Mo,Tu,We,Th,Fr 09:00-18:00; Sa 09:00-14:00; PH off; Dec 30-Jan 03 off",,,,高知県高知市上町１丁目４番２０号　渡辺ビル,JP,高知県,,高知市,,,上町一丁目,4,20,,厚生労働省 医療情報ネットのオープンデータ (2026-06-01),yes,,渡辺ビル,
3955395001920,39,33.553959,133.516688,原データ,pharmacy,pharmacy,スプリング薬局,スプリング薬局,,すぷりんぐやっきょく,Supuringu Yakkyoku,,"Mo,Tu,We,Th,Fr,Sa 08:30-19:00; Sa[4] off; PH off; Dec 31-Jan 04 off",,,,高知県高知市石立町７５－１,JP,高知県,,高知市,,,石立町,,,,厚生労働省 医療情報ネットのオープンデータ (2026-06-01),,,,
3955395001940,39,33.564227,133.545004,原データ,pharmacy,pharmacy,相生薬局,相生薬局,,あいおいやっきょく,Aioi Yakkyoku,,"Mo,Tu,We,Th,Fr 08:30-17:30; Sa 08:30-12:30; PH off; Dec 30-Jan 03 off",,,https://kochi-chozai.co.jp/,高知県高知市相生町３－３０,JP,高知県,,高知市,,,相生町,3,30,,厚生労働省 医療情報ネットのオープンデータ (2026-06-01),,,,
3955395001970,39,33.564626,133.542055,原データ,pharmacy,pharmacy,ベル薬局,ベル薬局,,べるやっきょく,,BELLE pharmacy,"Mo,Th 09:00-19:00; Tu,We,Fr 09:00-18:00; Sa 09:00-13:00; PH off; Dec 31-Jan 03 off",,,http://www.belle-ph.com/,高知県高知市北本町１－１－２,JP,高知県,,高知市,,,北本町一丁目,1,2,,厚生労働省 医療情報ネットのオープンデータ (2026-06-01),yes,,,
3955395001990,39,33.560026,133.539555,原データ,pharmacy,pharmacy,つちばし薬局 本店,つちばし薬局　本店,,つちばしやっきょく ほんてん,Tsuchibashi Yakkyoku Honten,,"Mo,Tu,We,Th,Fr,Sa 09:30-19:00; Su 10:00-18:00; PH off; Dec 30-Jan 03 off || off ""GWは休診""",,,https://www.tsuchibashi.co.jp/,高知県高知市本町１－１－３,JP,高知県,,高知市,,,本町一丁目,1,3,,厚生労働省 医療情報ネットのオープンデータ (2026-06-01),,,,
3955395002040,39,33.553225,133.543789,原データ,pharmacy,pharmacy,つちばし薬局 梅ノ辻店,つちばし薬局　梅ノ辻店,,つちばしやっきょく うめのつじてん,,,"Mo,Th 09:00-18:30; Tu,Fr 09:00-18:00; We 09:00-17:00; Sa 09:00-17:30; PH off; Dec 30-Jan 03 off || off ""GWは休診""",,,https://www.tsuchibashi.co.jp/,高知県高知市梅ノ辻８ー１１,JP,高知県,,高知市,,,梅ノ辻,8,11,,厚生労働省 医療情報ネットのオープンデータ (2026-06-01),yes,,,
3955395002050,39,33.560814,133.495088,原データ,pharmacy,pharmacy,アイン薬局 塚ノ原店,アイン薬局　塚ノ原店,,あいんやっきょく つかのはらてん,Ainyakkyoku Tukanoharatenn,,"Mo,Tu,We,Th,Fr 08:30-18:00; Sa,Su,PH 08:30-17:00",,,https://www.ainj.co.jp,高知県高知市塚ノ原,JP,高知県,,高知市,,,塚ノ原,,,,厚生労働省 医療情報ネットのオープンデータ (2026-06-01),,,,
3955395002060,39,33.554477,133.507952,原データ,pharmacy,pharmacy,しもじま薬局,しもじま薬局,,しもじまやっきょく,Shimojima Yakkyoku,,"Mo,Tu,We,Th,Fr 08:30-18:00; Sa 08:30-12:30; PH off; Dec 31-Jan 03 off",,,https://kochi-chozai.co.jp/,高知県高知市下島町１０番地,JP,高知県,,高知市,,,下島町,,,,厚生労働省 医療情報ネットのオープンデータ (2026-06-01),,,,
3955395002080,39,33.557976,133.525915,原データ,pharmacy,pharmacy,玄白堂,株式会社　玄白堂,,,,Genpakudou Drugstore,"Mo,Tu,We,Th,Fr 08:30-18:00; Sa 08:30-17:00; PH off; Dec 31-Jan 03 off",,,,高知県高知市上町１丁目４－２５,JP,高知県,,高知市,,,上町一丁目,4,25,,厚生労働省 医療情報ネットのオープンデータ (2026-06-01),,,,
3955395002090,39,33.537431,133.486395,原データ,pharmacy,pharmacy,さくら薬局,さくら薬局,,さくらやっきょく,Sakura Yakkyoku,,"Mo,Tu,We,Th,Fr 09:00-18:00; Sa 09:00-13:00; PH off; Dec 31-Jan 03 off",,,http://sakuramedico.jp/sakura/index.html,高知県高知市朝倉戊１４３８番地１１,JP,高知県,,高知市,,,朝倉戊,,,,厚生労働省 医療情報ネットのオープンデータ (2026-06-01),,,1438-11,
3955395002100,39,33.523826,133.574142,原データ,pharmacy,pharmacy,みさと薬局,みさと薬局,,みさとやっきょく,Misato Yakkyoku,,"Mo,Tu,We,Th,Fr 09:00-18:00; Sa 09:00-13:00; PH off; Dec 30-Jan 03 off",,,,高知県高知市十津三丁目６番３１号,JP,高知県,,高知市,,,十津三丁目,6,31,,厚生労働省 医療情報ネットのオープンデータ (2026-06-01),,,,
3955395002110,39,33.559923,133.522768,原データ,pharmacy,pharmacy,アイン薬局大膳町店,アイン薬局大膳町店,,あいんやっきょくだいぜんちょうてん,Ainyakkyokudaizentyouten,,"Mo,Tu,We,Th,Fr 09:00-18:00; Sa 09:00-15:00; PH off; Dec 31-Jan 03 off",,,https://www.ainj.co.jp,高知県高知市大膳町４０,JP,高知県,,高知市,,,大膳町,,,,厚生労働省 医療情報ネットのオープンデータ (2026-06-01),yes,地番のため addr:block_number と addr:housenumber を出さない,,
3955395002260,39,33.57717,133.610278,原データ,pharmacy,pharmacy,ブルークロス調剤薬局 大津店,ブルークロス調剤薬局　大津店,,ぶるーくろすちょうざいやっきょく おおつてん,,Bluecross Drugstore Ootsu,"Mo,Tu,We,Fr,Sa 09:00-18:00; Th 09:00-17:00; PH off; Dec 31-Jan 03 off",,,http://bluecross.co.jp/,高知県高知市大津甲６０１,JP,高知県,,高知市,,,大津甲,,,,厚生労働省 医療情報ネットのオープンデータ (2026-06-01),yes,,601,
3955395002320,39,33.501345,133.549009,原データ,pharmacy,pharmacy,岡本平和薬局,岡本平和薬局,,おかもとへいわやっきょく,Okamoto Heiwa Yakkyoku,,"Mo,Tu,We,Th,Fr,Sa 09:00-19:00; PH off; Jan 01-Jan 03 off",,,,高知県高知市長浜５８９,JP,高知県,,高知市,,,長浜,,,,厚生労働省 医療情報ネットのオープンデータ (2026-06-01),,,589,
3955395002330,39,33.540319,133.50139,原データ,pharmacy,pharmacy,玄白堂薬局 神田店 厚生調剤薬局,玄白堂薬局　神田店　厚生調剤薬局,,げんぱくどうやっきょく こうだてん こうせいちょうざいやっきょく,,Genpakudou Pharmacy,"Mo,Tu,We,Th,Fr 09:00-18:00; PH off; Dec 29-Jan 03 off",,,,高知県高知市神田１９－５,JP,高知県,,高知市,,,神田,,,,厚生労働省 医療情報ネットのオープンデータ (2026-06-01),,,,
3955395002350,39,33.557818,133.522599,原データ,pharmacy,pharmacy,長崎宝珠堂薬局,長崎宝珠堂薬局,,ながさきほうじゅどうやっきょく,,,"Mo,Tu,We,Th,Fr 10:00-18:00; Sa 10:00-13:00; PH off; Dec 31-Jan 03 off",,,,高知県高知市上町３丁目５－１２,JP,高知県,,高知市,,,上町三丁目,5,12,,厚生労働省 医療情報ネットのオープンデータ (2026-06-01),yes,,,
3955395002360,39,33.558143,133.522257,原データ,pharmacy,pharmacy,長崎宝珠堂薬局西店,長崎宝珠堂薬局西店,,ながさきほうじゅどうやっきょくにしみせ,Nagasakihoujudou Yakkyoku Nishimise,,"Mo,Tu,We,Th,Fr 09:00-18:00; Sa 09:00-13:00; PH off; Dec 31-Jan 03 off",,,,高知県高知市上町３丁目３－１,JP,高知県,,高知市,,,上町三丁目,3,1,,厚生労働省 医療情報ネットのオープンデータ (2026-06-01),,,,
3955395002370,39,33.566258,133.501365,原データ,pharmacy,pharmacy,よこうち薬局,よこうち薬局,,よこうちやっきょく,Yokouchi Yakkyoku,,"Mo,Tu,We,Th,Fr 09:00-18:30; Sa 09:00-13:00; PH off; Dec 30-Jan 03 off",,,,高知県高知市横内４５２,JP,高知県,,高知市,,,横内,,,,厚生労働省 医療情報ネットのオープンデータ (2026-06-01),,,,
3955395002400,39,33.56578,133.536997,原データ,pharmacy,pharmacy,とまと薬局,とまと薬局,,とまとやっきょく,Tomato Yakkyoku,,"Mo,Tu,We,Th,Fr 09:00-18:00; Sa 09:00-13:00; PH off; Dec 31-Jan 03 off",,,https://medico-drugfarm.jp/,高知県高知市愛宕町１丁目４ー９,JP,高知県,,高知市,,,愛宕町一丁目,4,9,,厚生労働省 医療情報ネットのオープンデータ (2026-06-01),,,,
3955395002410,39,33.567854,133.55522,原データ,pharmacy,pharmacy,あじさい薬局 杉井流店,あじさい薬局　杉井流店,,あじさいやっきょく すぎいるてん,,AJISAI PHARMACY AJISAI YAKKYOKU,,,,http://www.drug-kuroshio.co.jp/index.htm,高知県高知市杉井流２－３,JP,高知県,,高知市,,,杉井流,2,3,,厚生労働省 医療情報ネットのオープンデータ (2026-06-01),yes,,,
3955395002440,39,33.557148,133.525271,原データ,pharmacy,pharmacy,城西薬局,城西薬局,,じょうせいやっきょく,Jyousei Yakkyoku,,"Mo,Tu,We,Th,Fr 09:00-18:00; Sa 09:00-13:30; Sa[2] off; PH off; Dec 30-Jan 03 off",,,,高知県高知市上町１丁目７－２７,JP,高知県,,高知市,,,上町一丁目,7,27,,厚生労働省 医療情報ネットのオープンデータ (2026-06-01),,,,
3955395002470,39,33.540319,133.501307,原データ,pharmacy,pharmacy,厚生薬局,ブルークロス　厚生薬局,,,,Kousei Drugstore,"Mo,Tu,We,Th,Fr 09:00-18:00; Sa 09:00-12:00; PH off; Dec 29-Jan 03 off",,,http://bluecross.co.jp/,高知県高知市神田１９－１５,JP,高知県,,高知市,,,神田,,,,厚生労働省 医療情報ネットのオープンデータ (2026-06-01),yes,,,
3955395002480,39,33.542635,133.485741,原データ,pharmacy,pharmacy,若草薬局,有限会社若草薬局,,,,,"Mo,Tu,We,Th,Fr 09:00-18:00; Sa 09:00-13:00; PH off; Dec 30-Jan 03 off",,,,高知県高知市鵜来巣,JP,高知県,,高知市,,,鵜来巣,,,,厚生労働省 医療情報ネットのオープンデータ (2026-06-01),yes,,,
3955395002550,39,33.583099,133.567588,原データ,pharmacy,pharmacy,つちばし薬局 一宮店,つちばし薬局　一宮店,,つちばしやくきょく いっくてん,,,"Mo,Tu,We,Th,Fr 09:00-18:00; Sa 09:00-13:00; PH off; Dec 30-Jan 03 off || off ""GWは休診""",,,https://www.tsuchibashi.co.jp/,高知県高知市一宮西町１－３－９,JP,高知県,,高知市,,,一宮西町一丁目,3,9,,厚生労働省 医療情報ネットのオープンデータ (2026-06-01),yes,,,
3955395002620,39,33.579698,133.555527,原データ,pharmacy,pharmacy,病院通薬局あぞの店,病院通薬局あぞの店,,びょういんどおりやっきょくあぞのてん,Byouindouriyakkyokuazonoten,,"Mo,Tu,We,Th,Fr,Sa 08:30-17:30; PH off; Dec 30-Jan 03 off",,,https://www.kurisu-p.com/,高知県高知市薊野北町２丁目１０番５１－１４号,JP,高知県,,高知市,,,薊野北町二丁目,10,51-14,,厚生労働省 医療情報ネットのオープンデータ (2026-06-01),,,号,
3955395002630,39,33.579609,133.555236,原データ,pharmacy,pharmacy,ダイリン薬局,ダイリン薬局,,だいりんやっきょく,Dairin Yakkyoku,,"Mo,Tu,We,Th,Fr 09:00-18:00; Sa 08:30-17:30; PH off; Dec 30-Jan 03 off",,,http://www.kurisu-p.com,高知県高知市薊野北町二丁目１０番１号,JP,高知県,,高知市,,,薊野北町二丁目,10,1,,厚生労働省 医療情報ネットのオープンデータ (2026-06-01),,,,
3955395002650,39,33.56844,133.543259,原データ,pharmacy,pharmacy,にしもり薬局,にしもり薬局,,にしもりやっきょく,Nishimori Yakkyoku,,"Mo,Tu,We,Th,Fr 09:00-19:00; Sa 09:00-18:00; PH off; Dec 30-Jan 03 off",,,https://www.kusurinomadoguchi.com/kochi/s1000000180,高知県高知市新本町１ー１－１６,JP,高知県,,高知市,,,新本町一丁目,1,16,,厚生労働省 医療情報ネットのオープンデータ (2026-06-01),,,,
3955395002700,39,33.543135,133.486383,原データ,pharmacy,pharmacy,朝倉薬局,有限会社　朝倉薬局,,,,,"Mo,Tu,We,Th,Fr 08:30-18:30; Sa 08:30-15:30; PH off; Dec 30-Jan 03 off",,,,高知県高知市若草町１６－２２,JP,高知県,,高知市,,,若草町,16,22,,厚生労働省 医療情報ネットのオープンデータ (2026-06-01),yes,,,
3955395002760,39,33.501236,133.545541,原データ,pharmacy,pharmacy,ながはま薬局,ながはま薬局,,ながはまやっきょく,Nagahama Yakkyoku,,"Mo,Tu,We,Th,Fr 08:30-18:30; Sa 08:30-17:30; PH off",,,,高知県高知市長浜６７７－１０,JP,高知県,,高知市,,,長浜,,,,厚生労働省 医療情報ネットのオープンデータ (2026-06-01),,,,
3955395002770,39,33.568947,133.536874,原データ,pharmacy,pharmacy,江ノ口薬局,ブルークロス　江ノ口薬局,,,,Enokuchi Drugstore,"Mo,Tu,We,Fr 08:30-18:30; Th 08:30-17:00; Sa 08:30-17:30; PH off; Dec 31-Jan 03 off",,,http://bluecross.co.jp/,高知県高知市愛宕町２－２２－２,JP,高知県,,高知市,,,愛宕町二丁目,22,2,,厚生労働省 医療情報ネットのオープンデータ (2026-06-01),yes,,,
3955395002810,39,33.556968,133.536745,原データ,pharmacy,pharmacy,ブルークロス調剤薬局 本町店,ブルークロス調剤薬局　本町店,,ぶるーくろすちょうざいやっきょく ほんまちてん,,Bluecross Drugstore Honmachi,"Mo,Tu,We,Th,Fr 09:00-18:00; Sa 09:00-13:00; PH off; Dec 30-Jan 03 off",,,http://bluecross.co.jp/,高知県高知市鷹匠町１－１－２３,JP,高知県,,高知市,,,鷹匠町一丁目,1,23,,厚生労働省 医療情報ネットのオープンデータ (2026-06-01),yes,,,
3955395002820,39,33.563933,133.512889,原データ,pharmacy,pharmacy,かめや薬局,有限会社かめや薬局,,,,Kameya Drugstore,"Tu,We,Th,Fr,Sa 09:00-18:00; PH off; Dec 29-Jan 03 off",,,http://kameya8.com,高知県高知市福井東町３５－１１,JP,高知県,,高知市,,,福井東町,35,11,,厚生労働省 医療情報ネットのオープンデータ (2026-06-01),,,,
3955395002870,39,33.561447,133.551996,原データ,pharmacy,pharmacy,西村薬局,西村薬局,,にしむら やっきょく,,NISHIMURA Drugstore,"Mo,Tu,We,Th,Fr,Sa 09:00-20:30; PH off; Jan 01-Jan 03 off",,,,高知県高知市桜井町２－４－１２,JP,高知県,,高知市,,,桜井町二丁目,4,12,,厚生労働省 医療情報ネットのオープンデータ (2026-06-01),,,,
3955395002910,39,33.555865,133.511006,原データ,pharmacy,pharmacy,アクア薬局,アクア薬局,,あくあやっきょく,Aqua Yakkyoku,,"Mo,Tu,We,Fr 08:30-17:30; Th 08:30-12:00; Sa 08:30-14:00; PH off; Dec 30-Jan 03 off",,,,高知県高知市旭町２丁目２３－３０,JP,高知県,,高知市,,,旭町二丁目,,,,厚生労働省 医療情報ネットのオープンデータ (2026-06-01),,,,
3955395002980,39,33.428819,134.00879,原データ,pharmacy,pharmacy,はまゆう薬局,はまゆう薬局,,はまゆうやっきょく,Hamayu Yakkyoku,,"Mo,Tu,We,Th,Fr 08:30-17:30; Sa 08:30-12:30; PH off; Jan 01-Jan 03,May 03-May 05 off",,,https://kochi-chozai.co.jp/,高知県安芸郡田野町１８１０－２,JP,高知県,安芸郡,田野町,,,,,,,厚生労働省 医療情報ネットのオープンデータ (2026-06-01),,,1810-2,
3955395003000,39,33.499194,133.907311,原データ,pharmacy,pharmacy,西田屋薬局,西田屋薬局,,にしだややっきょく,Nisidayayakkyoku,,"Mo,Tu,We,Th,Fr,Sa 09:00-19:30; PH 09:00-16:00; Jan 01 off",,,,高知県安芸市本町,JP,高知県,,安芸市,,,,,,,厚生労働省 医療情報ネットのオープンデータ (2026-06-01),,,本町,
3955395003050,39,33.436829,133.979358,原データ,pharmacy,pharmacy,いちまる薬局,いちまる薬局,,いちまるやっきょく,,Kampo Itimaru Pharmacy,"Mo,Tu,We,Fr,Sa 09:00-17:00; PH off; Dec 30-Jan 05 off",,,https://www.facebook.com/itimarukampo,高知県安芸郡安田町安田１６９０−２,JP,高知県,安芸郡,安田町,,,大字安田,,,,厚生労働省 医療情報ネットのオープンデータ (2026-06-01),,,1690-2,
3955395003060,39,33.521697,133.809023,原データ,pharmacy,pharmacy,芸西薬局,芸西薬局,,げいせいやっきょく,Geisei Yakkyoku,,"Mo,Tu,We,Th,Fr 09:00-18:00; Sa 09:00-13:00; PH off; Dec 30-Jan 03 off",,,http://sakuramedico.jp/geisei/index.html,高知県安芸郡芸西村和食甲１５１３－１,JP,高知県,安芸郡,芸西村,,和食,甲,,,,厚生労働省 医療情報ネットのオープンデータ (2026-06-01),,,1513-1,
3955395003080,39,33.498649,133.908105,原データ,pharmacy,pharmacy,くじら薬局,くじら薬局,,くじらやっきょく,Kujira Yakkyoku,,"Mo,Tu,We,Th,Fr 08:30-18:00; Sa 08:30-13:00; PH off; Dec 31-Jan 03 off",,,https://medico-drugfarm.jp/company/,高知県安芸市本町２－１０－１１,JP,高知県,,安芸市,,,本町二丁目,10,11,,厚生労働省 医療情報ネットのオープンデータ (2026-06-01),,,,
3955395003090,39,33.43722,134.028024,原データ,pharmacy,pharmacy,元氣堂調剤薬局 なはり店,元氣堂調剤薬局　なはり店,,げんきどうちょうざいやっきょく なはりてん,Genkidoutyouzaiyakkyoku Nahariten,,"Mo,Tu,We,Th,Fr 09:00-17:00; Sa 09:00-12:00; PH off; Dec 31-Jan 03 off",,,,高知県安芸郡奈半利町乙３７１１－１２,JP,高知県,安芸郡,奈半利町,,,乙,,,,厚生労働省 医療情報ネットのオープンデータ (2026-06-01),,,3711-12,
3955395003150,39,33.291742,134.145665,原データ,pharmacy,pharmacy,タキ薬局,タキ薬局,,たきやっきょく,,,"Mo,Tu,We,Th,Fr 09:00-19:00; Sa 09:00-17:00; PH off || off ""GW・お盆は休診""",,,,高知県室戸市浮津二番町４４−１,JP,高知県,,室戸市,,,浮津2番町,,,,厚生労働省 医療情報ネットのオープンデータ (2026-06-01),,,44-1,
3955395003160,39,33.290073,134.148163,原データ,pharmacy,pharmacy,山川ライオン堂薬局,山川ライオン堂薬局,,やまかわらいおんどうやっきょく,,YamaKawaRaionDou pharmacy,"Mo,Tu,We,Th,Fr 09:00-20:00; Sa 09:00-15:00; PH off; Dec 31-Jan 03 off",,,,高知県室戸市浮津３６４－１,JP,高知県,,室戸市,,,浮津,,,,厚生労働省 医療情報ネットのオープンデータ (2026-06-01),,,,
3955395003180,39,33.330977,134.098813,原データ,pharmacy,pharmacy,らいおん堂薬局吉良川店,らいおん堂薬局吉良川店,,らいおんどうやっきょくきらがわてん,,,"Mo,Tu,We,Fr 08:30-18:00; Th 08:30-16:30; Sa 08:30-13:00; PH off; Dec 30-Jan 03,Aug 15 off",,,,高知県室戸市吉良川町甲３９４７,JP,高知県,,室戸市,,,吉良川町甲,,,,厚生労働省 医療情報ネットのオープンデータ (2026-06-01),,,3947,
3955395003190,39,33.606222,133.68936,原データ,pharmacy,pharmacy,大町薬局,大町薬局,,おおまちやっきょく,Omachi Yakkyoku,,"Mo,Tu,We,Fr 09:00-12:30,13:30-20:00; Th 09:00-12:30,13:30-17:00; Sa 09:00-12:30; PH off; Dec 29-Jan 03 off",,,,高知県香美市土佐山田町東本町３－１－３８,JP,高知県,,香美市,,,土佐山田町東本町三丁目,1,38,,厚生労働省 医療情報ネットのオープンデータ (2026-06-01),,,,
3955395003210,39,33.6162,133.714622,原データ,pharmacy,pharmacy,神母ノ木薬局,神母ノ木薬局,,いげのきやっきょく,,Igenoki Drugstore,"Mo,Tu,We,Th,Fr,Sa 08:00-18:00; PH off; Jan 01-Jan 03 off",,,,高知県香美市土佐山田町神母ノ木３３５－１,JP,高知県,,香美市,,,土佐山田町神母ノ木,,,,厚生労働省 医療情報ネットのオープンデータ (2026-06-01),,,,
3955395003280,39,33.527089,133.619902,原データ,pharmacy,pharmacy,きしもと薬局 十市店,きしもと薬局　十市店,,きしもとやっきょく とうちてん,Kishimotoyakkyoku Tochiten,,"Mo,Tu,We,Fr 09:00-17:30; Th 09:00-17:00; Sa 09:00-13:00; PH off; Dec 30-Jan 03 off",,,,高知県南国市十市２６８１番地,JP,高知県,,南国市,,,十市,,,,厚生労働省 医療情報ネットのオープンデータ (2026-06-01),,,,
3955395003310,39,33.575309,133.641271,原データ,pharmacy,pharmacy,西田順天堂薬局,有限会社　西田順天堂薬局,,,,,"Mo,Tu,We,Th,Fr 09:00-13:30,14:30-18:00; PH off",,,http://www.kochi-f.co.jp/nishida/,高知県南国市大そね甲１７０５,JP,高知県,,南国市,,,,,,,厚生労働省 医療情報ネットのオープンデータ (2026-06-01),yes,,大そね甲1705,
3955395003330,39,33.572596,133.64697,原データ,pharmacy,pharmacy,西田調剤薬局,西田調剤薬局,,にしだちょうざいやっきょく,Nishidachouzai Yakkyoku,,"Tu,Th 09:00-13:00,14:30-18:00; We,Fr 09:00-13:00,14:30-20:00; Sa 09:00-13:00,14:00-16:00; Sa[3] off; PH off; Dec 29-Jan 03 off",,,,高知県南国市大そね甲１７７２－１,JP,高知県,,南国市,,,,,,,厚生労働省 医療情報ネットのオープンデータ (2026-06-01),,,大そね甲1772-1,
3955395003350,39,33.576612153,133.647011144,ジオコーディング,pharmacy,pharmacy,西田順天堂薬局中町店,西田順天堂薬局中町店,,にしだじゅんてんどうやっきょくなかまちてん,Nishidajuntendou Yakkyoku Nakamatiten,,"Mo,Tu,We,Th,Fr 08:30-18:00; Sa 08:30-12:00; PH off; Dec 30-Jan 03 off",,,http://www.nishida-ph.net/,高知県南国市駅前町３ー１ー３９,JP,高知県,,南国市,,,駅前町三丁目,1,39,,厚生労働省 医療情報ネットのオープンデータ (2026-06-01),,座標は住所から付与（位置レベル8）,,
3955395003410,39,33.604149,133.680115,原データ,pharmacy,pharmacy,やいろ薬局,有限会社　ジィアイシー　やいろ薬局,,,,Yairo Drugstore,"Mo,Tu,We,Fr,Sa 09:00-18:30; Th 09:00-12:30; PH off; Dec 29-Jan 03 off",,,,高知県香美市土佐山田町西本町５－３－１,JP,高知県,,香美市,,,土佐山田町西本町五丁目,3,1,,厚生労働省 医療情報ネットのオープンデータ (2026-06-01),,,,
3955395003420,39,33.566344,133.64632,原データ,pharmacy,pharmacy,西田順天堂薬局 オオソネ店,西田順天堂薬局　オオソネ店,,にしだじゅんてんどうやっきょくおおそねてん,Nisidajuntendou Yakkyoku Oosonetenn,,"Mo,Tu,We,Th,Fr 08:30-18:00; Sa 08:30-13:00; PH off",,,https://www.nishida-ph.net,高知県南国市大そね乙１２５８－１,JP,高知県,,南国市,,,,,,,厚生労働省 医療情報ネットのオープンデータ (2026-06-01),,,大そね乙1258-1,
3955395003440,39,33.575589,133.648772,原データ,pharmacy,pharmacy,なんごく薬局,なんごく薬局,,なんごくやっきょく,Nangokuyakkyoku,,"Mo,Tu,We,Th,Fr 08:30-17:30; Sa 08:30-12:30; PH off; Dec 30-Jan 03 off",,,https://www.kochi-chozai.co.jp,高知県南国市西野田町１ー２３－６,JP,高知県,,南国市,,,西野田町一丁目,,,,厚生労働省 医療情報ネットのオープンデータ (2026-06-01),yes,地番のため addr:block_number と addr:housenumber を出さない,,
3955395003450,39,33.575757,133.642787,原データ,pharmacy,pharmacy,いの薬局,いの薬局,,いのやっきょく,Ino Yakkyoku,,"Mo,We,Fr 08:30-17:30; Tu,Th 08:30-17:00; Sa 08:30-13:00; PH off; Dec 30-Jan 03 off",,,,高知県南国市東崎１３４８番地２,JP,高知県,,南国市,,,東崎,,,,厚生労働省 医療情報ネットのオープンデータ (2026-06-01),,,,
3955395003460,39,33.607951,133.696155,原データ,pharmacy,pharmacy,あい薬局,あい薬局,,あいやっきょく,Ai Yakkyoku,,"Mo,Tu,We,Th,Fr,Sa 09:00-18:00; PH off; Dec 30-Jan 03 off",,,,高知県香美市土佐山田町百石町１丁目９番６号,JP,高知県,,香美市,,,土佐山田町百石町一丁目,9,6,,厚生労働省 医療情報ネットのオープンデータ (2026-06-01),,,,
3955395003470,39,33.558646,133.694878,原データ,pharmacy,pharmacy,ファムコやまもも薬局,株式会社ファムコやまもも薬局,,,,,"Mo,Tu,We,Fr 09:00-18:00; Th 09:00-17:00; Sa 09:00-12:00; PH off; Dec 31-Jan 03 off",,,,高知県香南市野市町西野１９００－５,JP,高知県,,香南市,,,野市町西野,,,,厚生労働省 医療情報ネットのオープンデータ (2026-06-01),yes,,,
3955395003480,39,33.613944,133.712755,原データ,pharmacy,pharmacy,薬局清流,薬局清流,,やっきょくせいりゅう,Yakkyoku Seiryuu,,"Mo,Tu,We,Th,Fr 08:30-18:00; Sa 08:30-12:30; PH off; Dec 31-Jan 03 off",,,,高知県香美市土佐山田町楠目３９番地１,JP,高知県,,香美市,,,土佐山田町楠目,,,,厚生労働省 医療情報ネットのオープンデータ (2026-06-01),yes,,,
3955395003490,39,33.533449,133.609994,原データ,pharmacy,pharmacy,くろしお薬局 十市店,くろしお薬局　十市店,,くろしおやっきょく とおちてん,,,"Mo,Tu,We,Fr 09:00-18:00; Th 10:00-18:00; Sa 09:00-13:00; PH off; Jan 01,Dec 29 off",,,https://www.drug-kuroshio.co.jp/,高知県南国市緑ケ丘２－１７１４,JP,高知県,,南国市,,,緑ケ丘二丁目,,,,厚生労働省 医療情報ネットのオープンデータ (2026-06-01),yes,,,
3955395003520,39,33.606881,133.693652,原データ,pharmacy,pharmacy,ベル薬局 山田店,ベル薬局　山田店,,べるやっきょく やまだてん,Beru Yakkyoku Yamadaten,,"Mo,Tu,We,Th,Fr 09:00-18:00; Sa 09:00-13:00; PH off; Dec 30-Jan 03 off",,,http://www.belle-ph.com/,高知県香美市土佐山田町旭町５－３－１１,JP,高知県,,香美市,,,土佐山田町旭町五丁目,3,11,,厚生労働省 医療情報ネットのオープンデータ (2026-06-01),,,,
3955395003530,39,33.5664,133.650233,原データ,pharmacy,pharmacy,ハート薬局 おおそね店,ハート薬局　おおそね店,,はーとやっきょく おおそねてん,Haato Yakkyoku Oosoneten,,"Mo,Tu,We,Th,Fr 09:00-17:30; Sa 09:00-12:30; PH off; Dec 29-Jan 03 off",,,,高知県南国市大そね乙９９２－３,JP,高知県,,南国市,,,,,,,厚生労働省 医療情報ネットのオープンデータ (2026-06-01),,,大そね乙992-3,
3955395003550,39,33.607087,133.690983,原データ,pharmacy,pharmacy,四国調剤あさひ薬局,四国調剤あさひ薬局,,しこくちょうざいあさひやっきょく,,,"Mo,Tu,We,Th,Fr 09:00-18:00; Sa 09:00-13:00; PH off; Dec 29-Jan 03 off",,,http://www.shikoku-dsp.co.jp/,高知県香美市土佐山田町東本町４丁目１－３６,JP,高知県,,香美市,,,土佐山田町東本町四丁目,1,36,,厚生労働省 医療情報ネットのオープンデータ (2026-06-01),yes,,,
3955395003570,39,33.562814,133.697657,原データ,pharmacy,pharmacy,のいち駅前薬局,のいち駅前薬局,,のいちえきまえやっきょく,,Noichiekimae Drugstore,"Mo,Tu,Th,Fr 09:00-18:00; We 09:00-17:00; Sa 09:00-13:00; PH off; Dec 30-Jan 03 off",,,http://bluecross.co.jp/,高知県香南市野市町西野５８７－２０,JP,高知県,,香南市,,,野市町西野,,,,厚生労働省 医療情報ネットのオープンデータ (2026-06-01),yes,,,
3955395003600,39,33.569567,133.622396,原データ,pharmacy,pharmacy,アイン薬局 JA高知病院前店,アイン薬局　ＪＡ高知病院前店,,あいんやっきょく じぇいえいこうちびょういんまえてん,,Ain Pharmacy,"Mo,Tu,We,Th,Fr 08:30-18:30; Sa 08:30-17:00; PH off; Dec 29-Jan 03 off",,,http://www.ainj.co.jp/,高知県南国市明見５３８番地６,JP,高知県,,南国市,,,明見,,,,厚生労働省 医療情報ネットのオープンデータ (2026-06-01),,,,
3955395003610,39,33.575588,133.641273,原データ,pharmacy,pharmacy,西田順天堂薬局 明見店,西田順天堂薬局　明見店,,にしだじゅんてんどうやっきょく みょうけんてん,Nisidajuntendou Yakkyoku Myoukenten,,"Mo,Tu,We,Th,Fr 08:30-18:30; Sa 08:30-17:00; PH off; Jan 03,Dec 29-Dec 31 off",,,https://www.nishida-ph.net,高知県南国市明見堀井甲５６６－１,JP,高知県,,南国市,,,明見,,,,厚生労働省 医療情報ネットのオープンデータ (2026-06-01),yes,,堀井甲566-1,
3955395003730,39,33.49708,133.423414,原データ,pharmacy,pharmacy,藤田薬局,藤田薬局,,ふじたやっきょく,Fujita-yakkyoku,,"Mo,Tu,We,Th,Fr 09:00-18:00; Sa 09:00-17:00; PH off; Jan 01-Jan 03 off",,,,高知県土佐市高岡町乙１５８－５,JP,高知県,,土佐市,,,高岡町乙,,,,厚生労働省 医療情報ネットのオープンデータ (2026-06-01),,,158-5,
3955395003750,39,33.494334,133.424269,原データ,pharmacy,pharmacy,とさ薬局,とさ薬局,,とさやっきょく,Tosa Yakkyoku,,"Mo,Tu,We,Th,Fr 08:30-18:30; Sa,PH 09:00-16:00",,,,高知県土佐市高岡町甲１８９４ー２８,JP,高知県,,土佐市,,,高岡町甲,,,,厚生労働省 医療情報ネットのオープンデータ (2026-06-01),,,1894-28,
3955395003760,39,33.495591,133.420145,原データ,pharmacy,pharmacy,たかおか薬局,たかおか薬局,,たかおかやっきょく,Takaoka Yakkyoku,,"Mo,Tu,We,Th,Fr 09:00-18:00; Sa 09:00-16:00; PH off; Dec 31-Jan 03 off",,,,高知県土佐市高岡町甲２１９０－１,JP,高知県,,土佐市,,,高岡町甲,,,,厚生労働省 医療情報ネットのオープンデータ (2026-06-01),,,2190-1,
3955395003770,39,33.494242,133.424272,原データ,pharmacy,pharmacy,よこまち薬局,よこまち薬局,,よこまちやっきょく,Yokomachi Yakkyoku,,"Mo,Tu,We,Th,Fr 08:30-18:00; PH off; Jan 01-Jan 03 off",,,,高知県土佐市高岡町甲１８９４－１０,JP,高知県,,土佐市,,,高岡町甲,,,,厚生労働省 医療情報ネットのオープンデータ (2026-06-01),,,1894-10,
3955395003800,39,33.492587,133.413634,原データ,pharmacy,pharmacy,蓮池薬局,蓮池薬局,,はすいけやっきょく,Hasuike Yakkyoku,,"Mo,Tu,We,Fr 09:00-18:00; Th,Sa 09:00-13:00; PH off; Dec 30-Jan 03 off",,,,高知県土佐市蓮池１２０７―１,JP,高知県,,土佐市,,,蓮池,,,,厚生労働省 医療情報ネットのオープンデータ (2026-06-01),,,,
3955395003810,39,33.550797,133.442532,原データ,pharmacy,pharmacy,ブルークロスえだがわ薬局,ブルークロスえだがわ薬局,,ぶるーくろすえだがわやっきょく,,,"Mo,Tu,We,Fr,Sa,PH 09:00-18:00; Th 09:00-17:00; Dec 31-Jan 03 off",,,http://www.inforyoma.or.jp/bluecross/,高知県吾川郡いの町２０５,JP,高知県,吾川郡,いの町,,,,,,,厚生労働省 医療情報ネットのオープンデータ (2026-06-01),yes,,205,
3955395003830,39,33.552131,133.459734,原データ,pharmacy,pharmacy,かたおか薬局,かたおか薬局,,かたおかやっきよく,Kataoka Yakkyoku,,"Mo,Tu,We,Th,Fr 09:00-18:00; Sa 09:00-13:00; PH off; Dec 30-Jan 03 off",,,,高知県吾川郡いの町枝川２２７２－１４,JP,高知県,吾川郡,いの町,,,枝川,,,,厚生労働省 医療情報ネットのオープンデータ (2026-06-01),,,,
3955395003840,39,33.54772,133.426051,原データ,pharmacy,pharmacy,松田薬局,松田薬局,,まつだやっきょく,Matsuda Yakkyoku,,"Mo,Tu,We,Th,Fr,Sa 09:00-19:00; Mo[3] off; PH off; Dec 31-Jan 03 off",,,http://www.matsuda-ph.jp,高知県吾川郡いの町３８０６ーイ,JP,高知県,吾川郡,いの町,,,,,,,厚生労働省 医療情報ネットのオープンデータ (2026-06-01),,,3806-イ,
3955395003870,39,33.547819,133.429025,原データ,pharmacy,pharmacy,ローズ薬局,ローズ薬局,,ろーず やっきょく,Ro-su Yakkyoku,,"Mo,Tu,We,Fr 09:00-18:00; Th,Sa 09:00-13:00; PH off; Dec 30-Jan 03 off",,,,高知県吾川郡いの町新町３６,JP,高知県,吾川郡,いの町,,,新町,,,,厚生労働省 医療情報ネットのオープンデータ (2026-06-01),,,,
3955395003880,39,33.548641,133.427682,原データ,pharmacy,pharmacy,伊野ひこばえ薬局,伊野ひこばえ薬局,,いのひこばえやっきょく,Inohikobae Yakkyoku,,"Mo,Tu,We,Th,Fr,Sa 10:00-18:00; PH off; Jan 01 off",,,,高知県吾川郡いの町１１８８　サニーマート伊野店内,JP,高知県,吾川郡,いの町,,,,,,,厚生労働省 医療情報ネットのオープンデータ (2026-06-01),,,1188 サニーマート伊野店内,
3955395003890,39,33.546903,133.434191,原データ,pharmacy,pharmacy,ベル薬局 伊野店,ベル薬局　伊野店,,べるやっきょく いのてん,Beru Yakkyoku Inoten,,"Mo,Tu,We,Th,Fr 09:00-18:00; Sa 09:00-13:00; PH off; Dec 30-Jan 03 off",,,http://www.belle-ph.com/,高知県吾川郡いの町１３２８－７,JP,高知県,吾川郡,いの町,,,,,,,厚生労働省 医療情報ネットのオープンデータ (2026-06-01),,,1328-7,
3955395003900,39,33.547458,133.434208,原データ,pharmacy,pharmacy,いの薬局,いの薬局,,いのやっきょく,Ino Yakkyoku,,"Mo,Tu,We,Th,Fr 08:50-18:00; Sa 09:00-12:00; PH off; Dec 30-Jan 03 off",,,https://kigurakuraimu.jp,高知県吾川郡いの町１３６８－１,JP,高知県,吾川郡,いの町,,,,,,,厚生労働省 医療情報ネットのオープンデータ (2026-06-01),,,1368-1,
3955395003910,39,33.528119,133.44149,原データ,pharmacy,pharmacy,みなみ薬局,みなみ薬局,,みなみやっきょく,,Minami Drugstore,"Mo,Tu,We,Th,Fr 09:00-18:00; Sa 09:00-13:00; PH off; Dec 30-Jan 03 off || off ""お盆は休診""",,,https://www.minami-fine.net,高知県吾川郡いの町天王南１－５－４,JP,高知県,吾川郡,いの町,,,天王南一丁目,,,,厚生労働省 医療情報ネットのオープンデータ (2026-06-01),yes,地番のため addr:block_number と addr:housenumber を出さない,,
3955395003920,39,33.546161,133.410652,原データ,pharmacy,pharmacy,波川薬局,波川薬局,,はかわやっきょく,Hakawa Yakkyoku,,"Mo,Tu,We,Th,Fr 09:00-18:00; Sa 09:00-13:00; PH off; Dec 31-Jan 03 off",,,,高知県吾川郡いの町波川５６６－５,JP,高知県,吾川郡,いの町,,,波川,,,,厚生労働省 医療情報ネットのオープンデータ (2026-06-01),,,,
3955395003940,39,33.50043,133.291509,原データ,pharmacy,pharmacy,たけうち調剤薬局,たけうち調剤薬局,,たけうちちょうざいやっきょく,Takeuchi Tyouzai Yakkyoku,,"Mo,Tu,We,Fr 09:00-19:00; Th,Sa 09:00-17:30; PH off; Dec 30-Jan 03 off",,,,高知県高岡郡佐川町甲１０５２－５,JP,高知県,高岡郡,佐川町,,,甲,,,,厚生労働省 医療情報ネットのオープンデータ (2026-06-01),,,1052-5,
3955395003960,39,33.500322,133.290418,原データ,pharmacy,pharmacy,くろしお薬局 佐川店,くろしお薬局　佐川店,,くろしおやっきょく さかわてん,Kuroshio Yakkyoku Sakawaten,,"Mo,Tu,We,Fr 09:00-18:30; Th 09:00-17:00; Sa 09:00-13:00; PH off; Dec 31-Jan 03 off",,,http://www.kuroshio-pharmacy.com/,高知県高岡郡佐川町甲１３５６－３,JP,高知県,高岡郡,佐川町,,,甲,,,,厚生労働省 医療情報ネットのオープンデータ (2026-06-01),,,1356-3,
3955395003970,39,33.503732,133.286654,原データ,pharmacy,pharmacy,高北薬局,高北薬局,,こうほくやっきょく,,Kouhoku Drugstore,"Mo,Tu,We,Th,Fr 08:30-18:00; Sa 08:30-13:00; PH off; Dec 29-Jan 03 off",,,http://bluecross.co.jp/,高知県高岡郡佐川町甲１６９１－５,JP,高知県,高岡郡,佐川町,,,甲,,,,厚生労働省 医療情報ネットのオープンデータ (2026-06-01),yes,,1691-5,
3955395004000,39,33.50609,133.280185,原データ,pharmacy,pharmacy,あおば薬局,あおば薬局,,あおばやっきょく,Aoba Yakkyoku,,"Mo,Tu,We,Th,Fr 09:00-18:00; Sa 09:00-13:00; PH off; Dec 31-Jan 03 off",,,https://kigurakuraimu.jp,高知県高岡郡佐川町乙１７６６－１,JP,高知県,高岡郡,佐川町,,,乙,,,,厚生労働省 医療情報ネットのオープンデータ (2026-06-01),,,1766-1,
3955395004010,39,33.531973,133.251863,原データ,pharmacy,pharmacy,森下薬局,森下薬局,,もりしたやっきょく,Morishita Yakkyoku,,"Mo,Tu,We,Th,Fr 08:00-18:00; Sa 08:00-17:00; PH off; Jan 01-Jan 02 off",,,,高知県高岡郡越知町越知甲１７２０,JP,高知県,高岡郡,越知町,,,越知,,,,厚生労働省 医療情報ネットのオープンデータ (2026-06-01),,,甲1720,
3955395004020,39,33.532542,133.251334,原データ,pharmacy,pharmacy,セーフティカプセルネットキグラ薬局,セーフティカプセルネットキグラ薬局,,せーふてぃかぷせるねっときぐらやっきょく,,,"Mo,Tu,We,Th,Fr 09:00-18:00; Sa 09:00-13:00; PH off; Dec 31-Jan 03 off",,,https://kigurakuraimu.jp,高知県高岡郡越知町越知甲１９５４－７,JP,高知県,高岡郡,越知町,,,越知,,,,厚生労働省 医療情報ネットのオープンデータ (2026-06-01),yes,,甲1954-7,
3955395004030,39,33.530306,133.249641,原データ,pharmacy,pharmacy,セーフティカプセルネットサン薬局,セーフティカプセルネットサン薬局,,せーふてぃかぷせるねっとさんやっきょく,,,"Mo,Tu,We,Th,Fr 09:00-18:00; Sa 09:00-13:00; PH off; Dec 31-Jan 03 off",,,https://kigurakuraimu.jp,高知県高岡郡越知町越知甲２１３０,JP,高知県,高岡郡,越知町,,,越知,,,,厚生労働省 医療情報ネットのオープンデータ (2026-06-01),yes,,甲2130,
3955395004040,39,33.530428,133.252843,原データ,pharmacy,pharmacy,浜田薬局 バイパス店,浜田薬局　バイパス店,,はまだやっきょくばいぱすてん,Hamada Yakkyoku Baipasuten,,"Mo,Tu,We,Th,Fr 08:30-18:30; Sa 08:30-15:00; PH off; Dec 31-Jan 03 off",,,,高知県高岡郡越知町越知甲１６８２－５,JP,高知県,高岡郡,越知町,,,越知,,,,厚生労働省 医療情報ネットのオープンデータ (2026-06-01),,,甲1682-5,
3955395004070,39,33.535692,133.374891,原データ,pharmacy,pharmacy,薬研 ほりおか薬局東店,有限会社薬研　ほりおか薬局東店,,,,,"Mo,Tu,We,Th,Fr,Sa 09:00-18:00; PH off; Dec 31-Jan 03 off",,,,高知県高岡郡日高村本郷２４－１,JP,高知県,高岡郡,日高村,,,本郷,,,,厚生労働省 医療情報ネットのオープンデータ (2026-06-01),yes,,,
3955395004150,39,33.759232,133.588542,原データ,pharmacy,pharmacy,ヨシムラ薬局バイパス店,ヨシムラ薬局バイパス店,,よしむらやっきょくばいぱすてん,,Yoshimura Drugstore,"Mo,Tu,We,Th,Fr,Sa 08:45-19:00; PH 09:00-17:00; Jan 01-Jan 03 off",,,,高知県長岡郡本山町本山５７９－１,JP,高知県,長岡郡,本山町,,,本山,,,,厚生労働省 医療情報ネットのオープンデータ (2026-06-01),,,,
3955395004200,39,33.748632,133.554942,原データ,pharmacy,pharmacy,高知調剤薬局 田井店,高知調剤薬局　田井店,,こうちちょうざいやっきょく たいてん,Kochichozaiyakkyoku Taiten,,"Mo,Tu,We,Th,Fr,Sa 09:00-18:00; PH off; Dec 31-Jan 03 off",,,https://kochi-chozai.co.jp/,高知県土佐郡土佐町田井１４８９－１,JP,高知県,土佐郡,土佐町,,,田井,,,,厚生労働省 医療情報ネットのオープンデータ (2026-06-01),,,,
3955395004210,39,33.407064,133.287652,原データ,pharmacy,pharmacy,長山薬局,有限会社メディファ　長山薬局,,,,,"Mo,Tu,We,Th,Fr 09:00-18:00; Sa 09:00-17:00; PH off; Dec 30-Jan 03 off",,,,高知県須崎市大間東町１－８,JP,高知県,,須崎市,,,大間東町,1,8,,厚生労働省 医療情報ネットのオープンデータ (2026-06-01),yes,,,
3955395004230,39,33.389693,133.288042,原データ,pharmacy,pharmacy,カナザワ薬局,カナザワ薬局,,かなざわやっきょく,Kanazawa Yakkyoku,,"Mo,Tu,We,Th,Fr 08:30-18:00; Sa 08:30-13:00; Sa[3] off; PH off; Dec 30-Jan 03 off",,,,高知県須崎市東古市町３ー２,JP,高知県,,須崎市,,,東古市町,3,2,,厚生労働省 医療情報ネットのオープンデータ (2026-06-01),,,,
3955395004250,39,33.411711,133.289917,原データ,pharmacy,pharmacy,モリタ薬局,モリタ薬局,,もりたやっきょく,Moritayakkyoku,,"Mo,Tu,We,Th,Fr 08:30-18:00; PH off",,,,高知県須崎市緑町４－３１,JP,高知県,,須崎市,,,緑町,4,31,,厚生労働省 医療情報ネットのオープンデータ (2026-06-01),,,,
3955395004260,39,33.412255,133.28981,原データ,pharmacy,pharmacy,メディファ長山薬局グリーンロード店,有限会社メディファ長山薬局グリーンロード店,,,,,"Mo,Tu,We,Th,Fr 09:00-18:00; PH off; Dec 30-Jan 03 off",,,,高知県須崎市緑町５－３,JP,高知県,,須崎市,,,緑町,5,3,,厚生労働省 医療情報ネットのオープンデータ (2026-06-01),yes,,,
3955395004280,39,33.411663,133.289136,原データ,pharmacy,pharmacy,カナザワ薬局緑町店,カナザワ薬局緑町店,,かなざわやっきょく みどりまちてん,,KANAZAWA PHARMACY MIDORI-TOWN STORE,"Mo,Tu,We,Th,Fr 08:30-18:00; PH off",,,,高知県須崎市緑町４－２７,JP,高知県,,須崎市,,,緑町,4,27,,厚生労働省 医療情報ネットのオープンデータ (2026-06-01),,,,
3955395004320,39,33.329636,133.230532,原データ,pharmacy,pharmacy,金澤薬局,金澤薬局,,かなざわやっきょく,,Kanazawa Pharmacy,"Mo 14:00-18:00; Tu,We,Th,Fr 08:30-13:00,14:00-18:00; Sa 08:30-14:00; PH off; Dec 31-Jan 03 off",,,,高知県高岡郡中土佐町久礼６４４４－４,JP,高知県,高岡郡,中土佐町,,,久礼,,,,厚生労働省 医療情報ネットのオープンデータ (2026-06-01),yes,,,
3955395004370,39,33.395036,132.921901,原データ,pharmacy,pharmacy,あい薬局,あい薬局,,あいやっきょく,,Ai Pharmacy,"Mo,Tu,We,Th,Fr 08:30-17:30; Sa 09:00-17:00; PH off; Jan 01-Jan 03 off",,,,高知県高岡郡檮原町川西路２３０７－２,JP,高知県,高岡郡,檮原町,,,川西路,,,,厚生労働省 医療情報ネットのオープンデータ (2026-06-01),,,,
3955395004390,39,33.389691,133.285922,原データ,pharmacy,pharmacy,武政薬局,武政薬局,,たけまさやっきょく,Takemasa Yakkyoku,,"Mo,Tu,We,Th,Fr 08:30-18:00; Sa,PH 08:30-14:00; Dec 30-Jan 03 off",,,,高知県須崎市西古市町５－３６,JP,高知県,,須崎市,,,西古市町,5,36,,厚生労働省 医療情報ネットのオープンデータ (2026-06-01),yes,,,
3955395004430,39,33.205899,133.147712,原データ,pharmacy,pharmacy,調剤薬局技術センター,調剤薬局技術センター,,ちょうざいやっきょくぎじゅつせんたー,,,"Mo,Tu,We,Th,Fr 08:30-18:00; Sa 08:30-17:00; PH off; Dec 30-Jan 03 off",,,https://www.facebook.com/tyouzaisenta/,高知県高岡郡四万十町見付９２５－５,JP,高知県,高岡郡,四万十町,,,見付,,,,厚生労働省 医療情報ネットのオープンデータ (2026-06-01),yes,,,
3955395004440,39,33.207566,133.140768,原データ,pharmacy,pharmacy,みかど薬局,みかど薬局,,みかどやっきょく,Mikadoyakkyoku,,"Mo,Tu,We,Th,Fr 08:30-18:00; Sa 08:30-13:00; PH off",,,,高知県高岡郡四万十町古市町６３番１号,JP,高知県,高岡郡,四万十町,,,古市町,,,,厚生労働省 医療情報ネットのオープンデータ (2026-06-01),yes,地番のため addr:block_number と addr:housenumber を出さない,,
3955395004480,39,32.992296,132.937054,原データ,pharmacy,pharmacy,なかむら薬局,なかむら薬局,,なかむらやっきょく,Nakamurayakkyoku,,"Mo,Tu,We,Th,Fr,Sa 09:15-12:30,14:15-17:30; PH off; Dec 31-Jan 03 off",,,,高知県四万十市中村一条通３ー２ー２３,JP,高知県,,四万十市,,,中村一条通三丁目,,,,厚生労働省 医療情報ネットのオープンデータ (2026-06-01),yes,照合する明細が無いため番地を出さない,,
3955395004490,39,32.780908,132.951455,原データ,pharmacy,pharmacy,しみず薬局,しみず薬局,,しみずやっきょく,Shimizuyakkyoku,,"Mo,Tu,We,Th,Fr 09:15-18:00; Sa 09:15-17:30; PH off; Dec 31-Jan 03 off",,,,高知県土佐清水市越前町５ー１,JP,高知県,,土佐清水市,,,越前町,,,,厚生労働省 医療情報ネットのオープンデータ (2026-06-01),yes,照合する明細が無いため番地を出さない,,
3955395004500,39,32.996197,132.934263,原データ,pharmacy,pharmacy,中西一貫堂薬局,中西一貫堂薬局,,なかにしいっかんどうやっきょく,,,"Mo,Tu,We,Th,Fr,Sa 08:00-19:00; PH off; Jan 01-Jan 02 off",,,,高知県四万十市中村本町３丁目４０,JP,高知県,,四万十市,,,中村本町三丁目,,,,厚生労働省 医療情報ネットのオープンデータ (2026-06-01),yes,,,
3955395004510,39,32.992634,132.937771,原データ,pharmacy,pharmacy,松本薬局,松本薬局,,まつもとやっきょく,Matumoto Yakkyoku,,"Mo,Tu,We,Th,Fr 08:30-18:00; Sa 08:30-14:00; PH off; Dec 30-Jan 03 off",,,,高知県四万十市中村一条通３－１－１８,JP,高知県,,四万十市,,,中村一条通三丁目,,,,厚生労働省 医療情報ネットのオープンデータ (2026-06-01),yes,照合する明細が無いため番地を出さない,,
3955395004530,39,32.982713,132.942621,原データ,pharmacy,pharmacy,さつき薬局,さつき薬局,,さつきやっきょく,Satsuki Yakkyoku,,"Mo,Tu,We,Th,Fr,Sa 09:00-18:00; PH off; Dec 31-Jan 01 off",,,,高知県四万十市駅前町１０ー２３,JP,高知県,,四万十市,,,駅前町,,,,厚生労働省 医療情報ネットのオープンデータ (2026-06-01),yes,照合する明細が無いため番地を出さない,,
3955395004550,39,32.993696,132.938852,原データ,pharmacy,pharmacy,すみれ薬局,すみれ薬局,,すみれやっきょく,Sumire Yakkyoku,,"Mo,Tu,We,Th,Fr 08:30-18:00; Sa 09:00-18:00; PH off; Dec 30-Jan 03 off",,,https://sumire-pharmacy.com/stores/,高知県四万十市中村東町１－７９,JP,高知県,,四万十市,,,中村東町一丁目,,,,厚生労働省 医療情報ネットのオープンデータ (2026-06-01),yes,地番のため addr:block_number と addr:housenumber を出さない,,
3955395004560,39,32.991557,132.936629,原データ,pharmacy,pharmacy,とんぼ薬局,とんぼ薬局,,とんぼやっきょく,Tonbo Yakkyoku,,"Mo,Tu,We,Th,Fr,Sa 08:30-18:00; PH off; Dec 31-Jan 03 off",,,,高知県四万十市中村大橋通５丁目５１－２,JP,高知県,,四万十市,,,中村大橋通五丁目,,,,厚生労働省 医療情報ネットのオープンデータ (2026-06-01),,,,
3955395004570,39,32.93132,132.713251,原データ,pharmacy,pharmacy,すみれ薬局 宿毛店,すみれ薬局　宿毛店,,すみれやっきょくすくもてん,Sumire Yakkyoku Sukumoten,,"Mo,Tu,We,Th,Fr 09:00-18:00; Sa 09:00-13:00; PH off; Dec 31-Jan 03 off",,,https://sumire-pharmacy.com/stores/,高知県宿毛市駅前町２－７０４,JP,高知県,,宿毛市,,,駅前町二丁目,,,,厚生労働省 医療情報ネットのオープンデータ (2026-06-01),,,704,
3955395004600,39,32.994385,132.932899,原データ,pharmacy,pharmacy,いちご薬局,いちご薬局,,いちごやっきょく,Ichigo Yakkyoku,,"Mo,Tu,We,Th,Fr 08:30-18:00; Sa 09:00-13:00; PH off; Dec 30-Jan 03 off",,,https://sumire-pharmacy.com,高知県四万十市中村小姓町７６番地,JP,高知県,,四万十市,,,中村小姓町,,,,厚生労働省 医療情報ネットのオープンデータ (2026-06-01),,,,
3955395004620,39,32.780469,132.95358,原データ,pharmacy,pharmacy,たにがわ薬局,たにがわ薬局,,たにがわやっきょく,Tanigawa Yakkyoku,,"Mo,Tu,Th,Fr 09:00-13:00,14:00-17:30; We,Sa 09:00-13:00; PH off; Dec 30-Jan 03,Aug 14-Aug 15 off",,,,高知県土佐清水市幸町４－２４,JP,高知県,,土佐清水市,,,幸町,,,,厚生労働省 医療情報ネットのオープンデータ (2026-06-01),yes,照合する明細が無いため番地を出さない,,
3955395004670,39,32.93067,132.716533,原データ,pharmacy,pharmacy,まつむら薬局,エムズ合同会社　まつむら薬局,,,,,"Mo,Tu,We,Th,Fr 09:00-18:00; Sa 09:00-14:00; PH off; Dec 31-Jan 03 off",,,,高知県宿毛市宿毛１３１５－６,JP,高知県,,宿毛市,,,宿毛,,,,厚生労働省 医療情報ネットのオープンデータ (2026-06-01),yes,,,
3955395004700,39,32.936709,132.731982,原データ,pharmacy,pharmacy,なおみ薬局,なおみ薬局,,なおみやっきょく,,Naomi Drugstore,"Mo,Tu,We,Th,Fr 09:00-18:00; Sa 09:00-13:00; PH off; Dec 31-Jan 03 off",,,,高知県宿毛市中央３－６－１７,JP,高知県,,宿毛市,,,中央三丁目,6,17,,厚生労働省 医療情報ネットのオープンデータ (2026-06-01),,,,
3955395004730,39,32.935687,132.730191,原データ,pharmacy,pharmacy,吉村調剤薬局,吉村調剤薬局,,よしむらちょうざいやっきょく,,Yoshimura Drugstore,"Mo,Tu,We,Th,Fr 09:00-18:00; Sa 09:00-13:00; PH off; Dec 31-Jan 03 off",,,,高知県宿毛市中央３丁目８番２５号,JP,高知県,,宿毛市,,,中央三丁目,8,25,,厚生労働省 医療情報ネットのオープンデータ (2026-06-01),,,,
3955395004740,39,32.934836,132.719789,原データ,pharmacy,pharmacy,木下薬局,有限会社　木下薬局,,,,,"Mo,Tu,We,Th,Fr 09:00-18:00; Sa 09:00-13:00; Sa[1,2,3,5] off; PH off; Dec 31-Jan 03 off",,,,高知県宿毛市幸町４－３６,JP,高知県,,宿毛市,,,幸町,4,36,,厚生労働省 医療情報ネットのオープンデータ (2026-06-01),yes,,,
3955395004750,39,32.959351,132.797245,原データ,pharmacy,pharmacy,あおぞら薬局,あおぞら薬局,,あおぞらやっきょく,Aozora Yakkyoku,,"Mo,Tu,We,Th,Fr 08:30-18:00; Sa 08:30-14:00; PH off; Dec 31-Jan 03 off",,,,高知県宿毛市平田町戸内１８９８－１,JP,高知県,,宿毛市,,,平田町戸内,,,,厚生労働省 医療情報ネットのオープンデータ (2026-06-01),,,,
3955395004760,39,32.780239,132.953528,原データ,pharmacy,pharmacy,下元調剤薬局清水店,下元調剤薬局清水店,,しももとちょうざいやっきょく しみずてん,Simomoto Tyouzai Yakkyoku Simizuten,,"Mo,Tu,We,Th,Fr 09:00-18:00; Sa 09:00-17:00; PH off",,,,高知県土佐清水市幸町４－１ニューヴァレーマンション１Ｆ,JP,高知県,,土佐清水市,,,幸町,,,,厚生労働省 医療情報ネットのオープンデータ (2026-06-01),yes,地番のため addr:block_number と addr:housenumber を出さない,ニューヴァレーマンション1F,
3955395004800,39,32.956128,132.791674,原データ,pharmacy,pharmacy,すくも薬局,すくも薬局,,すくもやっきょく,Sukumo Yakkyoku,,"Mo,Tu,We,Th,Fr 09:00-18:00; Sa 09:00-13:30; PH off; Dec 30-Jan 03 off",,,,高知県宿毛市平田町戸内１２５５－２,JP,高知県,,宿毛市,,,平田町戸内,,,,厚生労働省 医療情報ネットのオープンデータ (2026-06-01),,,,
3955395005240,39,33.198349,132.973784,原データ,pharmacy,pharmacy,たいしょう薬局,たいしょう薬局,,たいしょうやっきょく,Taishou Yakkyoku,,"Mo,Tu,We,Th,Fr 08:30-18:00; Sa 08:30-17:00; PH off; Dec 29-Jan 03 off",,,,高知県高岡郡四万十町大正４７０番地１,JP,高知県,高岡郡,四万十町,,,大正,,,,厚生労働省 医療情報ネットのオープンデータ (2026-06-01),,,,
3955395005460,39,32.983646,132.943985,原データ,pharmacy,pharmacy,ときわ薬局,ときわ薬局,,ときわやっきょく,Tokiwa Yakkyoku,,"Mo,Tu,We,Th,Fr 09:00-18:00; Sa 09:00-14:00; PH off; Dec 31-Jan 03 off",,,,高知県四万十市駅前町８－１２,JP,高知県,,四万十市,,,駅前町,,,,厚生労働省 医療情報ネットのオープンデータ (2026-06-01),yes,照合する明細が無いため番地を出さない,,
3955395005490,39,33.606806,133.687675,原データ,pharmacy,pharmacy,四国調剤あさひ薬局2号店,四国調剤あさひ薬局２号店,,しこくちょうざい あさひやっきょく にごうてん,,,"Mo,Tu,We,Th,Fr 09:00-18:00; Sa 09:00-13:00; PH off; Dec 30-Jan 03 off",,,http://www.shikoku-dsp.co.jp/,高知県香美市土佐山田町東本町２－２－４１,JP,高知県,,香美市,,,土佐山田町東本町二丁目,2,41,,厚生労働省 医療情報ネットのオープンデータ (2026-06-01),yes,,,
3955395005550,39,33.448376,133.438792,原データ,pharmacy,pharmacy,マツオカ薬局,マツオカ薬局,,まつおかやっきょく,Matuoka Yakkyoku,,"Mo 08:30-14:00; Tu,We,Th,Fr 08:30-17:30; Sa 08:30-12:15; PH off; Dec 30-Jan 03 off",,,,高知県土佐市宇佐町宇佐１１４３－２,JP,高知県,,土佐市,,,宇佐町宇佐,,,,厚生労働省 医療情報ネットのオープンデータ (2026-06-01),,,,
3955395005580,39,33.509271,133.28398,原データ,pharmacy,pharmacy,佐川高知薬局,佐川高知薬局,,さかわこうちやっきょく,Sakawakouchi Yakkyoku,,"Mo,Tu,We,Th,Fr 08:30-18:00; Sa 08:30-14:00; PH off; Dec 31-Jan 03 off",,,,高知県高岡郡佐川町乙１８７０－１,JP,高知県,高岡郡,佐川町,,,乙,,,,厚生労働省 医療情報ネットのオープンデータ (2026-06-01),,,1870-1,
3955395005590,39,33.547018,133.426775,原データ,pharmacy,pharmacy,天神薬局,ブルークロス　天神薬局,,,,Tenzin Drugstore,"Mo,We,Fr 08:30-17:30; Tu,Th,Sa 08:30-17:00; PH off; Dec 30-Jan 03 off",,,http://bluecross.co.jp/,高知県吾川郡いの町藤町２０,JP,高知県,吾川郡,いの町,,,藤町,,,,厚生労働省 医療情報ネットのオープンデータ (2026-06-01),yes,,20,
3955395005610,39,33.495183,133.416731,原データ,pharmacy,pharmacy,とさ薬局西店,とさ薬局西店,,とさやっきょくにしてん,Tosa Yakkyoku Nishi Ten,,"Mo,Tu,Th,Fr 08:30-18:00; We,Sa 08:30-13:00; PH off; Dec 29-Jan 03 off",,,,高知県土佐市蓮池１０４１－１,JP,高知県,,土佐市,,,蓮池,,,,厚生労働省 医療情報ネットのオープンデータ (2026-06-01),,,,
3955395005660,39,33.502978,133.903377,原データ,pharmacy,pharmacy,ファーマシー石建,ファーマシー石建,,ふぁーましーいしたて,,Pharmacy Ishitate,"Mo,Tu,We,Th,Fr,Sa 09:00-18:00; PH off; Dec 31-Jan 03 off",,,,高知県安芸市矢ノ丸２丁目６－１４,JP,高知県,,安芸市,,,矢ノ丸二丁目,6,14,,厚生労働省 医療情報ネットのオープンデータ (2026-06-01),,,,
3955395005690,39,33.503053,133.907958,原データ,pharmacy,pharmacy,病院通薬局あき店,病院通薬局あき店,,びょういんどおりやっきょくあきてん,Byouindori Yakkyoku Akiten,,"Mo,Tu,We,Th,Fr 09:00-18:00; Sa 09:00-13:30; PH off; Dec 30-Jan 03 off",,,http://www.kurisu-p.com/top.htm,高知県安芸市矢ノ丸３－１－２４,JP,高知県,,安芸市,,,矢ノ丸三丁目,1,24,,厚生労働省 医療情報ネットのオープンデータ (2026-06-01),,,,
3955395005760,39,33.599657,133.672715,原データ,pharmacy,pharmacy,さわ薬局,さわ薬局,,さわやっきょく,,sawaDrugstore,"Mo,Tu,We,Fr 09:00-18:30; Sa 09:00-12:30; PH off; Dec 29-Jan 03 off",,,,高知県香美市土佐山田町栄町２２２バリューノア,JP,高知県,,香美市,,,土佐山田町栄町,,,,厚生労働省 医療情報ネットのオープンデータ (2026-06-01),yes,番地が住居表示にも地番にも見つからないため出さない,バリューノア,
3955395005810,39,33.561408,133.717317,原データ,pharmacy,pharmacy,アイン薬局 野市店,アイン薬局　野市店,,あいんやっきょく のいちてん,,Ain-pharmacy Noichiten,"Mo,Tu,We,Th,Fr,Sa 09:00-18:00; Su,PH 09:00-17:30; Jan 01 off",,,https://www.ainj.co.jp/network/detail.html?pdid=1486,高知県香南市野市町東野３５４－１６,JP,高知県,,香南市,,,野市町東野,,,,厚生労働省 医療情報ネットのオープンデータ (2026-06-01),,,,
3955395005860,39,33.651971,133.77959,原データ,pharmacy,pharmacy,あい薬局びらふ,あい薬局びらふ,,あいやっきょくびらふ,Ai Yakkyoku Birafu,,"Mo,Tu,We,Fr 09:00-18:00; Th,Sa 09:00-13:00; PH off; Dec 30-Jan 03 off",,,,高知県香美市香北町美良布１５３４番３,JP,高知県,,香美市,,,香北町美良布,,,,厚生労働省 医療情報ネットのオープンデータ (2026-06-01),,,,
3955395005880,39,33.526739,133.621004,原データ,pharmacy,pharmacy,十市薬局,十市薬局,,とおちやっきょく,Tochi Yakkyoku,,"Mo,Tu,We,Th,Fr 10:00-17:30; PH off; Dec 30-Jan 03 off",,,,高知県南国市十市１９６５,JP,高知県,,南国市,,,十市,,,,厚生労働省 医療情報ネットのオープンデータ (2026-06-01),,,1965,
3955395005890,39,33.567409,133.629812,原データ,pharmacy,pharmacy,アイン薬局 明見店,アイン薬局　明見店,,あいんやっきょく みょうけんてん,,Ain Pharmacy Myoken,"Mo,Tu,Th,Fr 08:00-17:30; We 08:00-16:00; Sa 08:00-13:00; PH off; Dec 29-Jan 03 off",,,http://www.ainj.co.jp/,高知県南国市明見８００－２,JP,高知県,,南国市,,,明見,,,,厚生労働省 医療情報ネットのオープンデータ (2026-06-01),,,,
3955395005910,39,33.411247,133.294057,原データ,pharmacy,pharmacy,堅田薬局,堅田薬局,,かたたやっきょく,,Katata Drugstore,"Mo,Tu,We,Th,Fr,Sa,PH 09:00-20:00; Jan 01-Jan 03 off",,,,高知県須崎市西崎町８－５２－１,JP,高知県,,須崎市,,,西崎町,8,52,,厚生労働省 医療情報ネットのオープンデータ (2026-06-01),,,1,番地の3要素目以降を確認: 1
3955395006110,39,33.549786,133.549685,原データ,pharmacy,pharmacy,クローバー薬局,クローバー薬局,,くろーばーやっきょく,,clover drugstore,"Mo,Tu,We,Fr 09:00-12:30,13:30-18:00; Th 09:00-13:00,14:00-18:00; Sa 09:00-13:00,13:30-16:30; PH off",,,,高知県高知市潮新町２丁目７番３,JP,高知県,,高知市,,,潮新町二丁目,7,3,,厚生労働省 医療情報ネットのオープンデータ (2026-06-01),,,,
3955395006130,39,33.58937,133.578476,原データ,pharmacy,pharmacy,ドレミ薬局,ドレミ薬局,,どれみやっきょく,Doremi Yakkyoku,,"Mo,Tu,Th,Fr 09:00-17:30; We 09:00-17:00; Sa 09:00-12:30; PH off; Dec 30-Jan 03 off",,,https://doremi-yakkyoku.jp/,高知県高知市一宮東町５丁目１４－６,JP,高知県,,高知市,,,一宮東町五丁目,14,6,,厚生労働省 医療情報ネットのオープンデータ (2026-06-01),,,,
3955395006180,39,33.561738,133.596528,原データ,pharmacy,pharmacy,あじさい薬局介良店,あじさい薬局介良店,,あじさいやっきょくけらてん,Ajisai Yakkyoku Kera Tenn,,"Mo,We 09:00-18:00; Tu,Fr 09:00-19:00; Th 09:00-17:00; Sa 09:00-16:30; PH off; Dec 31-Jan 03 off",,,http://www.drug-kuroshio.co.jp/,高知県高知市介良乙１０４９,JP,高知県,,高知市,,,介良乙,,,,厚生労働省 医療情報ネットのオープンデータ (2026-06-01),,,1049,
3955395006200,39,33.571097,133.536856,原データ,pharmacy,pharmacy,つちばし薬局 あたご店,つちばし薬局　あたご店,,つちばしやっきょく あたごてん,Tsuchibashi Yakkyoku Atagoten,,"Mo,Tu,We,Th,Fr 08:30-17:30; Sa 08:30-13:00; PH off; Dec 30-Jan 03 off",,,http://www.tsuchibashi.co.jp/,高知県高知市愛宕町３－１２－５,JP,高知県,,高知市,,,愛宕町三丁目,12,5,,厚生労働省 医療情報ネットのオープンデータ (2026-06-01),,,,
3955395006210,39,33.53042,133.586447,原データ,pharmacy,pharmacy,ベル薬局 池店,ベル薬局　池店,,べるやっきょく いけてん,Beru Yakkyoku Iketen,,"Mo,Tu,We,Th,Fr 09:00-18:00; PH off; Dec 30-Jan 03 off",,,http://www.belle-ph.com/,高知県高知市池,JP,高知県,,高知市,,,池,,,,厚生労働省 医療情報ネットのオープンデータ (2026-06-01),,,,
3955395006220,39,33.530359,133.58591,原データ,pharmacy,pharmacy,あおい薬局,あおい薬局,,あおいやっきょく,,Aoi Drugstore,"Mo,Tu,We,Th,Fr 09:00-18:00; Sa 09:00-12:00; PH off; Dec 29-Jan 03 off",,,http://bluecross.co.jp/,高知県高知市池２８４１－１,JP,高知県,,高知市,,,池,,,,厚生労働省 医療情報ネットのオープンデータ (2026-06-01),yes,,,
3955395006280,39,33.509999,133.544071,原データ,pharmacy,pharmacy,桂浜通ひこばえ薬局,桂浜通ひこばえ薬局,,かつらはまどおりひこばえやっきょく,,Katurahamadori Hikobae Pharmacy,"Mo,Tu,We,Fr,Sa 09:00-18:00; Th 09:00-17:00; PH off; Dec 31-Jan 03,May 03,May 05 off",,,,高知県高知市瀬戸南町１丁目２ー１,JP,高知県,,高知市,,,瀬戸南町一丁目,2,1,,厚生労働省 医療情報ネットのオープンデータ (2026-06-01),,,,
3955395006310,39,33.556879,133.52934,原データ,pharmacy,pharmacy,ますがた薬局,ますがた薬局,,ますがたやっきょく,Masugata Yakkyoku,,"Mo,Tu,We,Th,Fr 09:00-18:00; Sa 09:00-13:00; PH off; Dec 31-Jan 03 off",,,http://www.kochi-chozai.co.jp/,高知県高知市升形８－１,JP,高知県,,高知市,,,升形,8,1,,厚生労働省 医療情報ネットのオープンデータ (2026-06-01),yes,,,
3955395006360,39,33.538986,133.487772,原データ,pharmacy,pharmacy,土佐道路薬局,土佐道路薬局,,とさどうろやっきょく,Tosadouro Yakkyoku,,"Mo,Tu,Th,Fr,Sa 09:00-18:00; We 09:00-13:00; PH off; Dec 30-Jan 03 off",,,https://kochi-chozai.co.jp/,高知県高知市槙山町１番２号,JP,高知県,,高知市,,,槙山町,1,2,,厚生労働省 医療情報ネットのオープンデータ (2026-06-01),,,,
3955395006440,39,32.984135,132.920859,原データ,pharmacy,pharmacy,具同調剤薬局,具同調剤薬局,,ぐどうちょうざいやっきょく,Gudouchouzai Yakkyoku,,"Mo,Tu,Th,Fr 08:30-18:00; We,Sa 08:30-13:00; PH off; Dec 30-Jan 03 off",,,,高知県四万十市具同田黒２－１４９,JP,高知県,,四万十市,,,具同田黒二丁目,,,,厚生労働省 医療情報ネットのオープンデータ (2026-06-01),yes,地番のため addr:block_number と addr:housenumber を出さない,,
3955395006450,39,32.981104,132.903819,原データ,pharmacy,pharmacy,調剤薬局,プラム　調剤薬局,,,,,"Mo,Tu,Th,Fr 09:00-18:30; We 09:00-12:30; Sa 09:00-17:00; Sa[4] off; PH off",,,,高知県四万十市具同６７７４－１５,JP,高知県,,四万十市,,,具同,,,,厚生労働省 医療情報ネットのオープンデータ (2026-06-01),yes,,,
3955395006460,39,32.982027,132.953998,原データ,pharmacy,pharmacy,セイショー堂薬局,セイショー堂薬局,,せいしょーどうやっきょく,Seishodou Yakkyoku,,"Mo,We,Fr 09:00-12:30,14:00-17:30; Tu,Th,Sa 09:00-12:30; PH off; Dec 30-Jan 03,Aug 15 off",,,,高知県四万十市古津賀４丁目６２番地,JP,高知県,,四万十市,,,古津賀四丁目,,,,厚生労働省 医療情報ネットのオープンデータ (2026-06-01),,,,
3955395006480,39,32.932124,132.711231,原データ,pharmacy,pharmacy,アイ薬局,アイ薬局,,あいやっきょく,Ai Yakkyoku,,"Mo,Tu,We,Th,Fr 09:00-18:00; Sa 09:00-13:00; PH off; Dec 31-Jan 03 off",,,,高知県宿毛市宿毛５４９２－２,JP,高知県,,宿毛市,,,宿毛,,,,厚生労働省 医療情報ネットのオープンデータ (2026-06-01),,,,
3955395006490,39,32.822595,132.70777,原データ,pharmacy,pharmacy,おおつき薬局,おおつき薬局,,おおつきやっきょく,Ootsuki Yakkyoku,,"Mo,Tu,We,Th,Fr 08:30-18:00; PH off; Dec 29-Jan 03 off",,,http://myskochi.com,高知県幡多郡大月町鉾土３５－１,JP,高知県,幡多郡,大月町,,,大字鉾土,,,,厚生労働省 医療情報ネットのオープンデータ (2026-06-01),,,35-1,
3955395006520,39,33.496149,133.431848,原データ,pharmacy,pharmacy,変電所通薬局,株式会社エムドラッグ　変電所通薬局,,,,,"Mo,Tu,We,Th,Fr 08:30-18:00; Sa 08:30-13:00; PH off; Dec 30-Jan 03 off",,,,高知県土佐市高岡町甲９１９－５,JP,高知県,,土佐市,,,高岡町甲,,,,厚生労働省 医療情報ネットのオープンデータ (2026-06-01),yes,,919-5,
3955395006540,39,33.540599,133.483348,原データ,pharmacy,pharmacy,くろしお薬局朝倉西店,株式会社くろしお薬局朝倉西店,,,,,"Mo,Tu,We,Th,Fr 08:30-18:00; Sa 08:30-17:00; PH off; Dec 30-Jan 03 off",,,http://www.drug-kuroshio.co.jp/,高知県高知市鵜来巣１１番３７－２号,JP,高知県,,高知市,,,鵜来巣,11,37-2,,厚生労働省 医療情報ネットのオープンデータ (2026-06-01),yes,,号,
3955395006550,39,33.577236,133.542677,原データ,pharmacy,pharmacy,イオン薬局高知店,イオン薬局高知店,,いおんやっきょくこうちてん,Ion Yakkyoku Kouchiten,,"Mo,Tu,We,Th,Fr,Sa,Su,PH 09:00-21:00",,,,高知県高知市秦南町１－４－８,JP,高知県,,高知市,,,秦南町一丁目,4,8,,厚生労働省 医療情報ネットのオープンデータ (2026-06-01),,,,
3955395006560,39,33.567625,133.520558,原データ,pharmacy,pharmacy,すずらん薬局,すずらん薬局,,すずらんやっきょく,,Suzuran Pharmacy,"Mo,Tu,Th,Fr 09:00-18:30; We 09:00-17:00; Sa 09:00-13:00; PH off; Dec 31-Jan 03 off",,,http://www.drug-kuroshio.co.jp/,高知県高知市南万々,JP,高知県,,高知市,,,南万々,,,,厚生労働省 医療情報ネットのオープンデータ (2026-06-01),yes,,,
3955395006590,39,33.499536,133.906086,原データ,pharmacy,pharmacy,元氣堂調剤薬局 あき店,元氣堂調剤薬局　あき店,,げんきどうちょうざいやっきょくあきてん,Genkidoutyouzaiyakkyoku Akiten,,"Mo,Tu,We,Fr,Sa 09:00-17:00; PH off; Dec 31-Jan 03 off",,,,高知県安芸市本町２丁目２ー３,JP,高知県,,安芸市,,,本町二丁目,2,3,,厚生労働省 医療情報ネットのオープンデータ (2026-06-01),,,,
3955395006620,39,33.568352,133.508528,原データ,pharmacy,pharmacy,きらら薬局,きらら薬局,,きららやっきょく,Kirara Yakkyoku,,"Mo,Tu,We,Fr 09:00-18:00; Th 09:00-17:00; Sa 09:00-13:00; Dec 30-Jan 03 off",,,,高知県高知市福井扇町１１８０－２,JP,高知県,,高知市,,,福井扇町,,,,厚生労働省 医療情報ネットのオープンデータ (2026-06-01),yes,地番のため addr:block_number と addr:housenumber を出さない,,
3955395006630,39,33.559974,133.52816,原データ,pharmacy,pharmacy,高知県薬剤師会会営薬局,高知県薬剤師会会営薬局,,こうちけんやくざいしかいかいえいやっきょく,,,"Mo,Tu,We,Th,Fr 20:00-23:00; Sa 20:00-08:00; Su,PH 09:00-22:00",,,,高知県高知市丸ノ内１－７－４５　総合あんしんセンター１階,JP,高知県,,高知市,,,丸ノ内一丁目,7,45,,厚生労働省 医療情報ネットのオープンデータ (2026-06-01),yes,,総合あんしんセンタ-1階,
3955395006650,39,33.554539,133.548045,原データ,pharmacy,pharmacy,病院通薬局みなみ店,病院通薬局みなみ店,,びょういんどおりやっきょくみなみてん,Byouindoriyakkyoku Minamiten,,"Mo,Tu,We,Fr 09:00-18:00; Th 09:00-17:00; Sa 09:00-13:00; PH off; Dec 30-Jan 03 off",,,http://www.kurisu-p.com,高知県高知市役知町１５－６,JP,高知県,,高知市,,,役知町,15,6,,厚生労働省 医療情報ネットのオープンデータ (2026-06-01),,,,
3955395006700,39,33.547894,133.429839,原データ,pharmacy,pharmacy,病院通薬局いの店,病院通薬局いの店,,びょういんどおりやっきょく いのてん,Byouindori Yakkyoku Ino-ten,,"Mo,Tu,We,Th,Fr 09:00-18:00; Sa 09:00-13:00; PH off; Dec 31-Jan 03 off",,,http://www.kurisu-p.com,高知県吾川郡いの町新町２６番地サミットビル１Ｆ,JP,高知県,吾川郡,いの町,,,新町,,,,厚生労働省 医療情報ネットのオープンデータ (2026-06-01),,,サミットビル1F,
3955395006710,39,33.209543,133.140091,原データ,pharmacy,pharmacy,武田薬局,遠江堂　武田薬局,,,,,"Mo,Tu,We,Th,Fr,Sa,PH 09:00-18:00; Jan 01-Jan 03 off",,,,高知県高岡郡四万十町古市町１１３－４,JP,高知県,高岡郡,四万十町,,,古市町,,,,厚生労働省 医療情報ネットのオープンデータ (2026-06-01),yes,地番のため addr:block_number と addr:housenumber を出さない,,
3955395006740,39,33.291597,134.15372,原データ,pharmacy,pharmacy,らいおん堂薬局室戸店,らいおん堂薬局室戸店,,らいおんどうやっきょくむろとてん,Raiondo Yakkyoku Murototen,,"Mo,Tu,We,Th,Fr 09:00-17:30; Sa 09:00-13:00; PH off; Dec 31-Jan 03 off",,,,高知県室戸市浮津４８－４,JP,高知県,,室戸市,,,浮津,,,,厚生労働省 医療情報ネットのオープンデータ (2026-06-01),,,,
3955395006770,39,33.542204,133.510261,原データ,pharmacy,pharmacy,にしもり薬局 神田店,にしもり薬局　神田店,,にしもりやっきょく こうだてん,Nisimori Yakyoku Kodaten,,"Mo,Tu,We,Fr 09:00-19:00; Th 09:00-13:00; Sa 09:00-17:00; PH off; Dec 30-Jan 03 off",,,,高知県高知市神田１０３９－１,JP,高知県,,高知市,,,神田,,,,厚生労働省 医療情報ネットのオープンデータ (2026-06-01),,,,
3955395006800,39,33.546364493,133.553112346,ジオコーディング,pharmacy,pharmacy,ミモザ薬局,ミモザ薬局,,みもざやっきょっく,Mimozayakkyoku,,"Mo,Tu,We 09:00-18:00; Th 09:00-17:00; Fr 09:00-19:00; Sa 09:00-13:00; PH off; Jan 01-Jan 03 off",,,,高知県高知市萩町１丁目６－４７,JP,高知県,,高知市,,,萩町一丁目,6,47,,厚生労働省 医療情報ネットのオープンデータ (2026-06-01),,座標は住所から付与（位置レベル8）,,
3955395006810,39,33.408989,133.284219,原データ,pharmacy,pharmacy,たきぐち薬局,たきぐち薬局,,たきぐちやっきょく,,takiguchi pharmacy,"Mo,Tu,We,Th,Fr 09:00-18:00; Sa 09:00-13:00; PH off; Dec 31-Jan 03 off",,,http://inf-pha.com,高知県須崎市多ノ郷甲５７５６番地,JP,高知県,,須崎市,,,多ノ郷甲,,,,厚生労働省 医療情報ネットのオープンデータ (2026-06-01),yes,,5756,
3955395006860,39,32.96481,132.806318,原データ,pharmacy,pharmacy,すみれ薬局 けんみん前店,すみれ薬局　けんみん前店,,すみれやっきょく けんみんまえてん,Sumire Yakkyoku Kenminmaeten,,"Mo,Tu,We,Th,Fr 08:30-18:00; PH off; Dec 29-Jan 03 off",,,http://sumireyakkyoku.co.jp/,高知県宿毛市平田町戸内２０８５ー４,JP,高知県,,宿毛市,,,平田町戸内,,,,厚生労働省 医療情報ネットのオープンデータ (2026-06-01),,,,
3955395006880,39,32.964468,132.805996,原データ,pharmacy,pharmacy,けんみん薬局,けんみん薬局,,けんみんやっきょく,Kenmin Yakkyoku,,"Mo,Tu,We,Th,Fr 08:30-18:00; PH off; Dec 29-Jan 03 off",,,,高知県宿毛市山奈町芳奈３－１８,JP,高知県,,宿毛市,,,山奈町芳奈,,,,厚生労働省 医療情報ネットのオープンデータ (2026-06-01),,,,
3955395006910,39,33.542832,133.542547,原データ,pharmacy,pharmacy,うしおえ薬局,うしおえ薬局,,うしおえやっきょく,Ushioe Yakkyoku,,"Mo,Tu,Th,Fr 09:00-18:00; We,Sa 09:00-17:00; PH off; Dec 31-Jan 03 off",,,https://holistic-ph.com/ph/store/ushioe.html,高知県高知市竹島町１３－１うしおえメディカルビル・イーア１Ｆ,JP,高知県,,高知市,,,竹島町,,,,厚生労働省 医療情報ネットのオープンデータ (2026-06-01),,,うしおえメディカルビル・イーア1F,
3955395006930,39,33.540904,133.483859,原データ,pharmacy,pharmacy,うぐるす薬局,うぐるす薬局,,うぐるすやっきょく,Ugurusu Yakkyoku,,"Mo,Tu,We,Th,Fr 09:00-18:00; Sa 09:00-16:00; PH off; Dec 31-Jan 03 off",,,https://holistic-ph.com/ph/store/ugurusu.html,高知県高知市鵜来巣１１－３８－８－１０１,JP,高知県,,高知市,,,鵜来巣,11,38-8,,厚生労働省 医療情報ネットのオープンデータ (2026-06-01),,,-101,
3955395006940,39,33.564198,133.541172,原データ,pharmacy,pharmacy,カイセイ薬局,カイセイ薬局,,かいせいやっきょく,,Kaisei Pharmacy,"Mo,Tu,We,Th,Fr 09:00-21:00; Sa,Su,PH 09:00-18:00",,,https://ikuseikai.org/,高知県高知市大川筋１－３－５０,JP,高知県,,高知市,,,大川筋一丁目,3,50,,厚生労働省 医療情報ネットのオープンデータ (2026-06-01),,,,
3955395006980,39,32.989984,132.937025,原データ,pharmacy,pharmacy,しまんと薬局,しまんと薬局,,しまんとやっきょく,,,"Mo,Tu,We,Th,Fr 09:00-18:30; Sa 09:00-13:00; PH off; Dec 30-Jan 03 off",,,,高知県四万十市中村大橋通６丁目３－７,JP,高知県,,四万十市,,,中村大橋通六丁目,,,,厚生労働省 医療情報ネットのオープンデータ (2026-06-01),yes,照合する明細が無いため番地を出さない,,
3955395007010,39,33.565376,133.551551,原データ,pharmacy,pharmacy,あじさい薬局 北本町店,あじさい薬局　北本町店,,あじさいやっきょく きたほんまちてん,Ajisai Yakkyoku Kitahonmatiten,,"Mo,Tu,We,Fr 09:00-17:30; Th 09:00-17:00; Sa 08:30-17:00; PH off; Dec 31-Jan 03 off",,,http://www.drug-kuroshio.co.jp/,高知県高知市北本町４丁目３番４号,JP,高知県,,高知市,,,北本町四丁目,3,4,,厚生労働省 医療情報ネットのオープンデータ (2026-06-01),,,,
3955395007030,39,33.43917,133.158851,原データ,pharmacy,pharmacy,クオール薬局杉ノ川店,クオール薬局杉ノ川店,,くおーるやっきょくすぎのかわてん,Kuoruyakkyoku Suginokawaten,,"Mo,Tu,We,Th,Fr 08:30-18:00; Sa 08:30-12:30; PH off; Dec 29-Jan 03 off",,,https://www.qol-net.co.jp/,高知県高岡郡津野町杉ノ川甲３８－３,JP,高知県,高岡郡,津野町,,,杉ノ川甲,,,,厚生労働省 医療情報ネットのオープンデータ (2026-06-01),,,38-3,
3955395007070,39,33.566304,133.510945,原データ,pharmacy,pharmacy,ふくい薬局,ふくい薬局,,ふくいやっきょく,Fukui Yakkyoku,,"Mo,We 09:00-18:00; Tu,Fr 09:00-19:00; Th 09:00-17:00; Sa 09:00-16:00; PH off; Dec 31-Jan 03 off",,,https://holistic-ph.com/ph/store/fukui.html,高知県高知市福井町８１１－１,JP,高知県,,高知市,,,福井町,,,,厚生労働省 医療情報ネットのオープンデータ (2026-06-01),,,,
3955395007110,39,33.54508,133.511509,原データ,pharmacy,pharmacy,ワンツー薬局,ワンツー薬局,,わんつーやっきょく,Wantuu Yakkyoku,,"Mo,Tu,Th,Fr 09:00-18:30; We,Sa 09:00-18:00; PH off; Dec 31-Jan 03 off",,,http://www.drug-kuroshio.co.jp/,高知県高知市神田８４０－１,JP,高知県,,高知市,,,神田,,,,厚生労働省 医療情報ネットのオープンデータ (2026-06-01),,,,
3955395007120,39,33.553019,133.551607,原データ,pharmacy,pharmacy,きらら薬局北新田店,きらら薬局北新田店,,きららやっきょくきたしんたてん,,,"Mo,Tu,We,Fr 09:00-18:00; Th 09:00-17:00; Sa 09:00-13:00; PH off",,,,高知県高知市北新田町９－１５,JP,高知県,,高知市,,,北新田町,9,15,,厚生労働省 医療情報ネットのオープンデータ (2026-06-01),,,,
3955395007150,39,33.440896,133.212947,原データ,pharmacy,pharmacy,クオール薬局姫野々店,クオール薬局姫野々店,,くおーるやっきょくひめののてん,Kuoru Yakkyoku Himenonoten,,"Mo,Tu,We,Th,Fr 08:30-17:00; Sa 08:30-12:30; PH off; Dec 29-Jan 03 off",,,http://www.qol-net.co.jp/,高知県高岡郡津野町姫野々４７３－１,JP,高知県,高岡郡,津野町,,,姫野々,,,,厚生労働省 医療情報ネットのオープンデータ (2026-06-01),yes,,,
3955395007160,39,33.747091,133.558012,原データ,pharmacy,pharmacy,エール薬局 さめうら店,エール薬局　さめうら店,,えーるやっきょく さめうらてん,E-ru Yakkyoku Sameuraten,,"Mo,Tu,We,Th,Fr 08:30-17:30; Sa 08:30-13:00; PH off; Dec 31-Jan 03 off",,,http://www.yell-group.net,高知県土佐郡土佐町田井１３７２－５,JP,高知県,土佐郡,土佐町,,,田井,,,,厚生労働省 医療情報ネットのオープンデータ (2026-06-01),,,,
3955395007170,39,33.565857,133.537016,原データ,pharmacy,pharmacy,あおぞら薬局,株式会社愛宕調剤　あおぞら薬局,,,,,"Mo,Tu,We,Th,Fr 08:45-17:45; Sa 08:45-13:45; PH off; Dec 31-Jan 03 off",,,,高知県高知市愛宕町１丁目４番７号,JP,高知県,,高知市,,,愛宕町一丁目,4,7,,厚生労働省 医療情報ネットのオープンデータ (2026-06-01),yes,,,
3955395007180,39,33.506076852,133.898052529,ジオコーディング,pharmacy,pharmacy,ライオン薬局安芸店,ライオン薬局安芸店,,らいおんやっきょくあきてん,,Raion Pharmacy Akitenn,"Mo,Tu,We,Th,Fr 08:30-17:30; Sa 08:30-12:30; PH off; Dec 29-Jan 03 off",,,,高知県安芸市宝永町７－１３,JP,高知県,,安芸市,,,宝永町,7,13,,厚生労働省 医療情報ネットのオープンデータ (2026-06-01),,座標は住所から付与（位置レベル8）,,
3955395007200,39,33.555987,133.503284,原データ,pharmacy,pharmacy,旭サテライト薬局,旭サテライト薬局,,あさひさてらいとやっきょく,,AsahiSateraitoPharmacy,"Mo,Tu,We,Fr 09:00-18:30; Th 10:00-18:00; Sa 09:00-17:00; PH off; Dec 30-Jan 03 off || off ""GWは休診""",,,,高知県高知市旭上町３０ー２３,JP,高知県,,高知市,,,旭上町,,,,厚生労働省 医療情報ネットのオープンデータ (2026-06-01),,,,
3955395007220,39,33.495651,133.421735,原データ,pharmacy,pharmacy,プラス薬局,プラス薬局,,ぷらすやっきょく,,,"Mo,Tu,We,Fr 09:00-18:00; Th 09:00-17:00; Sa 09:00-16:00; PH off",,,,高知県土佐市高岡町甲２１５４－３７,JP,高知県,,土佐市,,,高岡町甲,,,,厚生労働省 医療情報ネットのオープンデータ (2026-06-01),,,2154-37,
3955395007230,39,33.54235,133.508339,原データ,pharmacy,pharmacy,神田月光薬局,神田月光薬局,,こうだげっこうやっきょく,,,"Mo,Tu,Th,Fr,Sa 09:00-18:00; We 09:00-17:00; PH off; Dec 29-Jan 03 off",,,http://www.drug-kuroshio.co.jp/,高知県高知市神田４０８－６,JP,高知県,,高知市,,,神田,,,,厚生労働省 医療情報ネットのオープンデータ (2026-06-01),,,,
3955395007240,39,33.56851,133.536547,原データ,pharmacy,pharmacy,あとむ薬局,あとむ薬局,,あとむやっきょく,,Atomu Pharmacy,"Mo,Tu,Th,Fr 09:00-18:00; We 09:00-17:00; Sa 09:00-12:30; PH off; Dec 30-Jan 03 off",,,http://www.shikoku-dsp.co.jp/,高知県高知市愛宕町２丁目１９－４,JP,高知県,,高知市,,,愛宕町二丁目,19,4,,厚生労働省 医療情報ネットのオープンデータ (2026-06-01),,,,
3955395007250,39,33.557883,133.547863,原データ,pharmacy,pharmacy,病院通薬局さくら店,病院通薬局さくら店,,びょういんどおりやっきょくさくらてん,Byouinndoriyakkyoku Sakuraten,,"Mo,Tu,We,Th,Fr 09:00-18:00; Sa 09:00-13:00; PH off; Dec 30-Jan 03 off",,,http://www.kurisu-p.com,高知県高知市九反田３－９,JP,高知県,,高知市,,,九反田,3,9,,厚生労働省 医療情報ネットのオープンデータ (2026-06-01),,,,
3955395007270,39,33.551772,133.544825,原データ,pharmacy,pharmacy,オリーブ薬局,オリーブ薬局,,おりーぶやっきょく,,,"Mo,Tu,We,Fr,Sa 09:00-18:00; Th 09:00-13:00; PH off; Dec 31-Jan 03 off",,,,高知県高知市桟橋通１丁目１３－４,JP,高知県,,高知市,,,桟橋通一丁目,13,4,,厚生労働省 医療情報ネットのオープンデータ (2026-06-01),yes,,,
3955395007280,39,33.412466,133.286881,原データ,pharmacy,pharmacy,サンファーマシーなごみ薬局,有限会社サンファーマシーなごみ薬局,,,,Nagomi Pharmacy Nagomi Yakkyoku,"Mo,Tu,Th,Fr 09:00-17:00; We 09:00-13:00; Sa 09:00-12:30; Sa[1,3,5] off; PH off; Jan 01-Jan 03 off",,,http://sunp-1998.co.jp/publics/index/82/,高知県須崎市赤崎町７―２１,JP,高知県,,須崎市,,,赤崎町,7,21,,厚生労働省 医療情報ネットのオープンデータ (2026-06-01),,,,
3955395007290,39,33.507656,133.90966,原データ,pharmacy,pharmacy,ウエルシア薬局安芸東浜店,ウエルシア薬局安芸東浜店,,うえるしあやっきょくあきひがしはまてん,,Uerushia Pharmacy Akihigashihamaten,"Mo,Tu,Th,Fr 08:20-18:00; We 08:20-17:00; Sa 08:20-13:00; PH off; Dec 31-Jan 03 off",,,https://stores.welcia.co.jp/8414D,高知県安芸市東浜１５９ー１,JP,高知県,,安芸市,,,東浜,,,,厚生労働省 医療情報ネットのオープンデータ (2026-06-01),,,,
3955395007300,39,33.543877,133.485838,原データ,pharmacy,pharmacy,調剤薬局ツルハドラッグ朝倉店,調剤薬局ツルハドラッグ朝倉店,,ちょうざいやっきょくつるはどらっぐあさくらてん,,,"Mo,Tu,We,Th,Fr 09:00-19:00; Sa 09:00-18:00; PH off; Dec 29-Jan 03 off",,,http://www.tsuruha.co.jp/,高知県高知市若草町１６－４０,JP,高知県,,高知市,,,若草町,16,40,,厚生労働省 医療情報ネットのオープンデータ (2026-06-01),yes,,,
3955395007310,39,33.593584,133.615626,原データ,pharmacy,pharmacy,エール薬局 医大前店,エール薬局　医大前店,,えーるやっきょく いだいまえてん,E-ru Yakkyoku Idaimaeten,,"Mo,Tu,We,Th,Fr 09:00-18:00; Sa 15:15-16:15; PH off; Dec 29-Jan 03 off",,,http://www.yell-group.net/,高知県南国市岡豊町小蓮１１７４ー５,JP,高知県,,南国市,,,岡豊町小蓮,,,,厚生労働省 医療情報ネットのオープンデータ (2026-06-01),yes,,,
3955395007350,39,33.556672,133.507472,原データ,pharmacy,pharmacy,あとむ薬局 旭店,あとむ薬局　旭店,,あとむやっきょく あさひてん,,,"Mo,We 09:00-17:00; Tu,Th,Fr 09:00-18:00; Sa 09:00-13:00; PH off; Dec 30-Jan 03 off",,,http://www.shikoku-dsp.co.jp/,高知県高知市南元町２６番１,JP,高知県,,高知市,,,南元町,,,,厚生労働省 医療情報ネットのオープンデータ (2026-06-01),,,,
3955395007360,39,33.559102,133.543875,原データ,pharmacy,pharmacy,つちばし薬局 はりまや店,つちばし薬局　はりまや店,,つちばしやっきょく はりまやてん,Tsuchibashi Yakkyoku Harimayaten,,"Mo,Tu,Th,Fr,Sa 09:00-18:00; PH off; Dec 30-Jan 03 off || off ""GWは休診""",,,http://www.tsuchibashi.co.jp/,高知県高知市南はりまや町１－１７－２７　１Ｆ,JP,高知県,,高知市,,,南はりまや町一丁目,17,27,,厚生労働省 医療情報ネットのオープンデータ (2026-06-01),,,1F,
3955395007370,39,33.556453,133.507066,原データ,pharmacy,pharmacy,フルール薬局,フルール薬局,,ふるーるやっきょく,,,"Mo,Th 09:00-18:00; Tu,We,Fr,Sa 09:00-19:30; PH off",,,http://www.belle-ph.com/,高知県高知市南元町,JP,高知県,,高知市,,,南元町,,,,厚生労働省 医療情報ネットのオープンデータ (2026-06-01),yes,,,
3955395007420,39,33.503479562,133.898910138,ジオコーディング,pharmacy,pharmacy,ゆり薬局,ゆり薬局,,ゆりやっきょく,Yuri Yakkyoku,,"Mo,Tu,We,Fr 08:30-17:30; Th,Sa 08:30-13:00; Sa[1,2,4,5] off; PH off",,,,高知県安芸市庄之芝町９－３６,JP,高知県,,安芸市,,,庄之芝町,9,36,,厚生労働省 医療情報ネットのオープンデータ (2026-06-01),,座標は住所から付与（位置レベル8）,,
3955395007430,39,33.517068,133.571949,原データ,pharmacy,pharmacy,なでしこ薬局,なでしこ薬局,,なでしこやっきょく,,nadeshiko pharmacy,"Mo,Tu,We,Th,Fr 09:00-17:30; Sa 09:00-13:00; PH off; Dec 30-Jan 03 off",,,,高知県高知市仁井田４３５０―５,JP,高知県,,高知市,,,仁井田,,,,厚生労働省 医療情報ネットのオープンデータ (2026-06-01),,,,
3955395007460,39,33.551218,133.554071,原データ,pharmacy,pharmacy,新田町うさぎ薬局,新田町うさぎ薬局,,しんたちょううさぎやっきょく,,Shinta-toun Usagi Pharmacy,"Mo,Tu,Th,Fr 09:00-17:30; We 09:00-12:30; Sa 09:00-13:00; PH off; Dec 30-Jan 03 off",,,,高知県高知市新田町１４－２６,JP,高知県,,高知市,,,新田町,14,26,,厚生労働省 医療情報ネットのオープンデータ (2026-06-01),yes,,,
3955395007470,39,33.506119,133.898621,原データ,pharmacy,pharmacy,宝永薬局,日本調剤　宝永薬局,,,,,"Mo,Tu,We,Th,Fr 08:30-17:30; Sa 08:30-12:30; PH off; Dec 29-Jan 03 off || off ""GWは休診""",,,https://www.nicho.co.jp/tenpo/houei/,高知県安芸市宝永町７番１４号,JP,高知県,,安芸市,,,宝永町,7,14,,厚生労働省 医療情報ネットのオープンデータ (2026-06-01),yes,,,
3955395007480,39,33.559653,133.522146,原データ,pharmacy,pharmacy,ひまわり薬局,ひまわり薬局,,ひまわりやっきょく,,Himawari Pharmacy,"Mo,Tu,Th,Fr 09:00-18:00; We 09:00-18:30; Sa 09:00-14:00; PH off; Dec 31-Jan 03 off",,,,高知県高知市西町,JP,高知県,,高知市,,,西町,,,,厚生労働省 医療情報ネットのオープンデータ (2026-06-01),,,,
3955395007490,39,33.436885,133.981533,原データ,pharmacy,pharmacy,もも薬局,もも薬局,,ももやっきょく,Momo-yakkyoku,,"Mo,Tu,Th,Fr 08:30-17:30; We,Sa 08:30-12:30; PH off; Dec 30-Jan 03 off",,,,高知県安芸郡安田町安田１７５１,JP,高知県,安芸郡,安田町,,,大字安田,,,,厚生労働省 医療情報ネットのオープンデータ (2026-06-01),,,1751,
3955395007500,39,33.570293,133.528865,原データ,pharmacy,pharmacy,たけい薬局,たけい薬局,,たけいやっきょく,Takei Yakkyoku,,"Mo,Tu,We,Fr 08:30-18:00; Th,Sa 08:30-13:00; PH off; Dec 30-Jan 03 off",,,,高知県高知市伊勢崎町１３－９,JP,高知県,,高知市,,,伊勢崎町,13,9,,厚生労働省 医療情報ネットのオープンデータ (2026-06-01),,,,
3955395007570,39,33.569457,133.54854,原データ,pharmacy,pharmacy,高知センター薬局,高知センター薬局,,こうちせんたーやっきょく,Kochisenta-yakkyoku,,"Mo,Tu,We,Th,Fr 09:00-18:00; Sa 09:00-13:00; PH off; Dec 30-Jan 03 off",,,http://www.minayakkyoku.co.jp/,高知県高知市比島町３－１－１６,JP,高知県,,高知市,,,比島町三丁目,1,16,,厚生労働省 医療情報ネットのオープンデータ (2026-06-01),,,,
3955395007580,39,33.55788,133.555248,原データ,pharmacy,pharmacy,フォレスト調剤薬局知寄町店,フォレスト調剤薬局知寄町店,,ふぉれすとちょうざいやっきょくちよりちょうてん,,Forest Pharmacy Chiyorichoten,"Mo,Tu,We,Fr 09:00-18:00; Th,Sa 09:00-13:00; PH off; Dec 31-Jan 03 off",,,,高知県高知市二葉町１番４号,JP,高知県,,高知市,,,二葉町,1,4,,厚生労働省 医療情報ネットのオープンデータ (2026-06-01),,,,
3955395007610,39,33.54941,133.505534,原データ,pharmacy,pharmacy,あじさい薬局鴨部店,あじさい薬局鴨部店,,あじさいやっきょくかもべてん,Ajisaiyakkyoku Kamobetenn,,"Mo,Tu,We,Fr 09:00-18:30; Th 09:00-17:00; Sa 09:00-13:00; PH off; Dec 31-Jan 03 off",,,http://www.drug-kuroshio.co.jp/,高知県高知市鴨部２－２－７,JP,高知県,,高知市,,,鴨部二丁目,2,7,,厚生労働省 医療情報ネットのオープンデータ (2026-06-01),,,,
3955395007650,39,33.550911,133.546594,原データ,pharmacy,pharmacy,こなつ薬局,こなつ薬局,,こなつやっきょく,,konatu pharmacy,"Mo,Tu,We,Fr 09:00-12:30,14:00-18:00; Th,Sa 09:00-12:30; PH off || off ""GW・年末年始は休診""",,,,高知県高知市桟橋通１丁目１０ー６アステールＫ１０５号,JP,高知県,,高知市,,,桟橋通一丁目,10,6,,厚生労働省 医療情報ネットのオープンデータ (2026-06-01),,,アステールK105号,
3955395007660,39,33.575994,133.644841,原データ,pharmacy,pharmacy,そうごう薬局後免町店,そうごう薬局後免町店,,そうごうやっきょくごめんまちてん,Sogo Yakkyoku Gomenmachiten,,"Mo,Tu,We,Fr 09:00-18:00; Th 09:00-17:00; Sa 09:00-17:30; PH off; Dec 29-Jan 03 off || off ""GW・お盆は休診""",,,http://www.sogo-medical.co.jp/sogopharmacy/shop/view/465,高知県南国市後免町１丁目８の３５　アグライア１０３,JP,高知県,,南国市,,,後免町一丁目,8,35,,厚生労働省 医療情報ネットのオープンデータ (2026-06-01),,,アグライア103,
3955395007690,39,33.569551,133.554741,原データ,pharmacy,pharmacy,くろしお薬局 インター店,くろしお薬局　インター店,,くろしおやっきょく いんたーてん,,kuroshioPharmacy inter,"Mo,Tu,Th,Fr 09:00-18:30; We 09:00-17:00; Sa 09:00-18:00; PH off; Dec 29-Jan 03 off",,,http://www.drug-kuroshio.co.jp/,高知県高知市杉井流６番２８号,JP,高知県,,高知市,,,杉井流,6,28,,厚生労働省 医療情報ネットのオープンデータ (2026-06-01),,,,
3955395007720,39,33.551793,133.495005,原データ,pharmacy,pharmacy,あけぼの薬局,あけぼの薬局,,あけぼのやっきょく,Akebono Yakkyoku,,"Mo,Tu,Th,Fr 08:30-18:00; Sa 08:30-13:00; PH off; Dec 30-Jan 03 off",,,,高知県高知市鴨部高町１４－２１,JP,高知県,,高知市,,,鴨部高町,14,21,,厚生労働省 医療情報ネットのオープンデータ (2026-06-01),,,,
3955395007730,39,33.555331,133.504053,原データ,pharmacy,pharmacy,蛍橋薬局,蛍橋薬局,,ほたるばしやっきょく,Hotarubasi Yakkyoku,,"Mo,Tu,We,Th,Fr,Sa 09:00-19:00; PH off; Dec 31-Jan 03 off",,,,高知県高知市旭町３丁目７５,JP,高知県,,高知市,,,旭町三丁目,,,,厚生労働省 医療情報ネットのオープンデータ (2026-06-01),,,75,
3955395007770,39,33.558315185,133.529318727,ジオコーディング,pharmacy,pharmacy,イルカ薬局,イルカ薬局,,いるかやっきょく,,,"Mo,Tu,We,Th,Fr 09:00-18:00; Sa 09:00-14:00; PH off; Dec 30-Jan 03 off",,,,高知県高知市本町５丁目２ー９　グランドハイツ細川,JP,高知県,,高知市,,,本町五丁目,2,9,,厚生労働省 医療情報ネットのオープンデータ (2026-06-01),,座標は住所から付与（位置レベル8）,グランドハイツ細川,
3955395007780,39,33.570272,133.635524,原データ,pharmacy,pharmacy,らいむ薬局,らいむ薬局,,らいむやっきょく,,,"Mo,Tu,We,Th,Fr,Sa 09:00-18:00; PH off; Dec 31-Jan 03 off",,,https://medico-drugfarm.jp,高知県南国市篠原１６２ー４,JP,高知県,,南国市,,,篠原,,,,厚生労働省 医療情報ネットのオープンデータ (2026-06-01),,,,
3955395007790,39,33.522193,133.820774,原データ,pharmacy,pharmacy,ライオン薬局 わじき店,ライオン薬局　わじき店,,らいおんやっきょく わじきてん,Lionyakkyoku Wajikiten,,"Mo,Tu,We,Th,Fr 09:00-18:00; Sa 09:00-13:00; PH off; Dec 30-Jan 03 off",,,,高知県安芸郡芸西村和食甲４６８３,JP,高知県,安芸郡,芸西村,,和食,甲,,,,厚生労働省 医療情報ネットのオープンデータ (2026-06-01),,,4683,
3955395007800,39,33.531968,133.449287,原データ,pharmacy,pharmacy,花りん薬局,花りん薬局,,かりんやっきょく,Karin Yakkyoku,,"Mo,Tu,We,Th,Fr 09:00-18:00; Sa 09:00-13:00; PH off; Dec 30-Jan 03 off",,,https://medico-drugfarm.jp/,高知県吾川郡いの町天王北３－２－１,JP,高知県,吾川郡,いの町,,,天王北三丁目,,,,厚生労働省 医療情報ネットのオープンデータ (2026-06-01),yes,地番のため addr:block_number と addr:housenumber を出さない,,
3955395007820,39,33.559369,133.563922,原データ,pharmacy,pharmacy,しののめ薬局,四国調剤　しののめ薬局,,,,,"Mo,Tu,We,Th,Fr 09:00-18:00; Sa 09:00-12:00; PH off; Dec 31-Jan 03 off",,,http://www.shikoku-dsp.co.jp,高知県高知市東雲町８ー４８,JP,高知県,,高知市,,,東雲町,8,48,,厚生労働省 医療情報ネットのオープンデータ (2026-06-01),yes,,,
3955395007880,39,33.580172,133.743453,原データ,pharmacy,pharmacy,山北薬局,四国調剤　山北薬局,,,,,"Mo,We,Th,Fr 08:50-17:50; Sa 08:40-12:40; PH off; Dec 31-Jan 03 off",,,http://www.shikoku-dsp.co.jp/,高知県香南市香我美町山北１３０５ー２,JP,高知県,,香南市,,,香我美町山北,,,,厚生労働省 医療情報ネットのオープンデータ (2026-06-01),yes,,,
3955395007900,39,33.609759,133.690825,原データ,pharmacy,pharmacy,さくら薬局,ブルークロス　さくら薬局,,,,,"Mo,Tu,Th,Fr 09:00-17:00; We 09:00-18:30; Sa 09:00-12:00; PH off; Dec 31-Jan 03 off",,,http://bluecross.co.jp/,高知県香美市土佐山田町１１７－２２,JP,高知県,,香美市,,,土佐山田町,,,,厚生労働省 医療情報ネットのオープンデータ (2026-06-01),yes,,,
3955395007920,39,33.550624,133.511586,原データ,pharmacy,pharmacy,あとむ薬局 土佐道路店,あとむ薬局　土佐道路店,,あとむやっきょく とさどうろてん,Atomuyakkyoku Tosadouroten,,"Mo,Tu,We,Th,Fr 09:00-17:30; Sa 09:00-12:30; PH off; Dec 30-Jan 03 off",,,http://www.shikoku-dsp.co.jp/,高知県高知市城山町２０９番１,JP,高知県,,高知市,,,城山町,,,,厚生労働省 医療情報ネットのオープンデータ (2026-06-01),,,,
3955395007930,39,33.541789,133.537607,原データ,pharmacy,pharmacy,しのはら薬局潮江店,しのはら薬局潮江店,,しのはらやっきょくうしおえてん,Shinohara Yakkyoku Usioeten,,"Mo,Tu,Th,Fr 09:00-13:00,15:00-18:00; We,Sa 09:00-13:00; Sa[1,3,5] off; PH off; Dec 30-Jan 03 off",,,http://www.shinohara-p.co.jp,高知県高知市高見町３４８,JP,高知県,,高知市,,,高見町,,,,厚生労働省 医療情報ネットのオープンデータ (2026-06-01),,,,
3955395007940,39,33.567066,133.490755,原データ,pharmacy,pharmacy,しのはら薬局 口細山店,しのはら薬局　口細山店,,しのはらやっきょく くちぼそやまてん,Shinohara Yakkyoku Kutibosoyamaten,,"Mo,We 09:00-17:00; Tu,Th,Fr 09:00-19:00; Sa 09:00-13:00; PH off; Dec 30-Jan 03 off",,,http://www.shinohara-p.co.jp,高知県高知市口細山２０６ー２９５,JP,高知県,,高知市,,,口細山,,,,厚生労働省 医療情報ネットのオープンデータ (2026-06-01),,,,
3955395007960,39,33.565839,133.531798,原データ,pharmacy,pharmacy,しのはら薬局入明店,しのはら薬局入明店,,しのはらやっきょくいりあけてん,Shinohara Yakkyoku Iriaketen,,"Mo,Tu,We,Th,Fr 09:00-18:00; Sa 09:00-13:00; PH off; Dec 30-Jan 03 off",,,http://www.shinohara-p.co.jp,高知県高知市入明町５－１,JP,高知県,,高知市,,,入明町,5,1,,厚生労働省 医療情報ネットのオープンデータ (2026-06-01),,,,
3955395007970,39,33.621404,133.640249,原データ,pharmacy,pharmacy,りょうせき薬局,りょうせき薬局,,りょうせきやっきょく,Ryouseki Yakkyoku,,"Mo,Tu,Th,Fr 08:30-13:00,15:00-18:30; We 08:30-17:00; Sa 08:30-13:00; PH off; Dec 30-Jan 03 off",,,,高知県南国市領石１８番地５,JP,高知県,,南国市,,,領石,,,,厚生労働省 医療情報ネットのオープンデータ (2026-06-01),,,,
3955395008010,39,33.564856,133.532795,原データ,pharmacy,pharmacy,サンファーマシーはるかぜ薬局,有限会社サンファーマシーはるかぜ薬局,,,,Harukaze Pharmacy Harukaze Yakkyoku,"Mo,Tu,Th,Fr 08:30-18:00; We 08:30-16:30; Sa 08:30-17:00; PH off; Jan 01-Jan 03 off",,,http://sunp-1998.co.jp/publics/index/99/,高知県高知市大川筋２―５―４５,JP,高知県,,高知市,,,大川筋二丁目,5,45,,厚生労働省 医療情報ネットのオープンデータ (2026-06-01),,,,
3955395008020,39,33.530466,133.586133,原データ,pharmacy,pharmacy,エール薬局,エール薬局,,えーるやっきょく,E-ru Yakkyoku,,"Mo,Tu,We,Th,Fr 09:00-18:00; Sa 09:00-10:00; PH off; Dec 29-Jan 03 off",,,http://www.yell-group.net,高知県高知市池２８４１－１,JP,高知県,,高知市,,,池,,,,厚生労働省 医療情報ネットのオープンデータ (2026-06-01),,,,
3955395008060,39,33.495993,133.426879,原データ,pharmacy,pharmacy,あすなろ薬局,あすなろ薬局,,あすなろやっきょく,,AsunaroPharmacy,"Mo,Tu,We,Th,Fr 09:00-18:00; Sa 09:00-13:00; PH off; Dec 30-Jan 03 off",,,,高知県土佐市高岡町甲２０４３－４,JP,高知県,,土佐市,,,高岡町甲,,,,厚生労働省 医療情報ネットのオープンデータ (2026-06-01),,,2043-4,
3955395008090,39,33.573732,133.170238,原データ,pharmacy,pharmacy,大崎薬局,大崎薬局,,おおさきやっきょく,Osaki Yakkyoku,,"Mo,Tu,We,Th,Fr 08:30-18:00; PH off; Dec 29-Jan 03 off",,,,高知県吾川郡仁淀川町大崎３６２―１,JP,高知県,吾川郡,仁淀川町,,,大崎,,,,厚生労働省 医療情報ネットのオープンデータ (2026-06-01),,,,
3955395008110,39,33.512088,133.573993,原データ,pharmacy,pharmacy,ひなた薬局,株式会社小白方　ひなた薬局,,,,hinata pharmacy,"Mo,Tu,We,Th,Fr 08:30-17:30; Sa 08:30-12:30; PH off; Dec 30-Jan 03 off",,,http://www.hinata-kochi.jp/,高知県高知市仁井田６５３－２,JP,高知県,,高知市,,,仁井田,,,,厚生労働省 医療情報ネットのオープンデータ (2026-06-01),,,,
3955395008120,39,33.577074,133.637609,原データ,pharmacy,pharmacy,アイン薬局 篠原店,アイン薬局　篠原店,,あいんやっきょく しのはらてん,,Ain Pharmacy SHINOHARA(Ainn Yakkyoku Shinohara Tenn),"Mo,Tu,We,Fr 09:00-18:00; Th 09:00-17:00; Sa 09:00-13:00; PH off; Dec 31-Jan 03 off",,,https://www.ainj.co.jp,高知県南国市篠原１８８７番地３,JP,高知県,,南国市,,,篠原,,,,厚生労働省 医療情報ネットのオープンデータ (2026-06-01),,,,
3955395008130,39,32.988726,132.923736,原データ,pharmacy,pharmacy,アイン薬局 四万十店,アイン薬局　四万十店,,あいんやっきょく しまんとてん,Ain Yakkyoku Shimantoten,,"Mo,Tu,Th,Fr 08:30-17:30; We 08:30-16:30; Sa 08:30-14:00; PH off; Dec 29-Jan 03 off",,,https://www.ainj.co.jp,高知県四万十市渡川１丁目２番５１号,JP,高知県,,四万十市,,,渡川一丁目,,,,厚生労働省 医療情報ネットのオープンデータ (2026-06-01),yes,照合する明細が無いため番地を出さない,,
3955395008150,39,33.567618,133.504372,原データ,pharmacy,pharmacy,ポピー薬局,ポピー薬局,,ぽぴーやっきょく,,Poppy pharmacy,"Mo,Tu,We,Fr 09:00-18:30; Th 09:00-12:30; Sa 09:00-16:00; PH off; Dec 30-Jan 03 off",,,http://www.shikoku-dsp.co.jp/,高知県高知市福井町１７３４ー６,JP,高知県,,高知市,,,福井町,,,,厚生労働省 医療情報ネットのオープンデータ (2026-06-01),,,,
3955395008160,39,33.560461,133.589675,原データ,pharmacy,pharmacy,アインファーマシーズ アイン薬局 高須店,株式会社アインファーマシーズ　アイン薬局　高須店,,,,,"Mo,Tu,We,Th,Fr 09:00-18:00; Sa 09:00-17:00; PH off; Dec 31-Jan 03 off",,,https://www.ainj.co.jp,高知県高知市高須２丁目１８ー１１,JP,高知県,,高知市,,,高須二丁目,18,11,,厚生労働省 医療情報ネットのオープンデータ (2026-06-01),yes,,,
3955395008180,39,33.54991426000001,133.546199652,ジオコーディング,pharmacy,pharmacy,らいふ調剤薬局 さんばし店,らいふ調剤薬局　さんばし店,,らいふちょうざいやっきょく さんばしてん,,,"Mo,Tu,We,Fr 09:00-12:30,14:00-18:00; Th 09:00-12:30; Sa 09:00-12:30,14:00-16:00; PH off; Dec 29-Jan 03 off",,,,高知県高知市桟橋通２－１２－５,JP,高知県,,高知市,,,桟橋通二丁目,12,5,,厚生労働省 医療情報ネットのオープンデータ (2026-06-01),yes,座標は住所から付与（位置レベル8）,,
3955395008190,39,33.559729,133.535801,原データ,pharmacy,pharmacy,帯屋町薬局,春和堂　帯屋町薬局,,,,,"Mo,Tu,We,Th,Fr,Sa 09:00-19:00; PH off; Jan 01-Jan 03 off",,,,高知県高知市帯屋町２ー４ー７ー１０２,JP,高知県,,高知市,,,帯屋町二丁目,4,7,,厚生労働省 医療情報ネットのオープンデータ (2026-06-01),,,102,番地の3要素目以降を確認: 102
3955395008210,39,33.603214029,133.680393092,ジオコーディング,pharmacy,pharmacy,ドラッグセイムス土佐山田薬局,ドラッグセイムス土佐山田薬局,,どらっぐせいむすとさやまだやっきょく,,Drug Seims Tosayamada Pharmacy,"Mo,Tu,We,Th,Fr 09:00-19:00; Sa 09:00-13:00; PH off; Jan 01-Jan 03 off",,,https://store.seims.co.jp/map/4036,高知県香美市土佐山田町宝町５丁目１番３６号,JP,高知県,,香美市,,,土佐山田町宝町五丁目,1,36,,厚生労働省 医療情報ネットのオープンデータ (2026-06-01),,座標は住所から付与（位置レベル8）,,
3955395008220,39,32.97853,132.945429,原データ,pharmacy,pharmacy,メディカル薬局 うやま店,メディカル薬局　うやま店,,めでぃかるやっきょく うやまてん,,Medical Yakkyoku Uyamaten,"Mo,Tu,We,Th,Fr 09:00-18:00; Sa 09:00-13:00; PH off; Dec 29-Jan 03 off",,,https://medicalchozai.com/dispensing-pharmacy/#uyama,高知県四万十市右山１９７３番地５,JP,高知県,,四万十市,,,右山,,,,厚生労働省 医療情報ネットのオープンデータ (2026-06-01),,,,
3955395008240,39,33.498408,133.419396,原データ,pharmacy,pharmacy,福寿堂薬局,福寿堂薬局,,ふくじゅどうやっきょく,Fukujyudou Yakkyoku,,"Mo,Tu,We,Fr,Sa 10:00-18:00; PH off; Dec 28-Jan 03,Aug 13-Aug 15 off",,,,高知県土佐市高岡町乙３８７番,JP,高知県,,土佐市,,,高岡町乙,,,,厚生労働省 医療情報ネットのオープンデータ (2026-06-01),,,387,
3955395008250,39,33.5576,133.538448,原データ,pharmacy,pharmacy,しのはら薬局本町店,しのはら薬局本町店,,しのはらやっきょくほんまちてん,Shinohara-yakkyoku Honmachi-ten,,"Mo,Tu,We,Th,Fr 09:00-18:00; Sa 09:00-13:00; PH off; Dec 30-Jan 03 off",,,http://www.shinohara-p.co.jp,高知県高知市与力町３ー２９,JP,高知県,,高知市,,,与力町,3,29,,厚生労働省 医療情報ネットのオープンデータ (2026-06-01),,,,
3955395008260,39,33.559458,133.552271,原データ,pharmacy,pharmacy,アルファ薬局 宝永店,アルファ薬局　宝永店,,あるふぁやっきょくほうえいてん,Arufayakkyokuhoueitenn,,"Mo,Tu,We,Th,Fr 09:00-17:30; Sa 09:00-12:00; PH off; Dec 30-Jan 03 off",,,http://www.shikoku-dsp.co.jp/,高知県高知市城見町３－１８,JP,高知県,,高知市,,,城見町,3,18,,厚生労働省 医療情報ネットのオープンデータ (2026-06-01),,,,
3955395008280,39,33.543003,133.486038,原データ,pharmacy,pharmacy,ひつざん薬局 朝倉店,ひつざん薬局　朝倉店,,ひつざんやっきょく あさくらてん,,,"Mo,Tu,We,Th,Fr 09:00-18:00; Sa 09:00-13:00; PH off; Dec 30-Jan 03 off",,,http://www.drug-kuroshio.co.jp/,高知県高知市若草町１６ー２６,JP,高知県,,高知市,,,若草町,16,26,,厚生労働省 医療情報ネットのオープンデータ (2026-06-01),yes,,,
3955395008290,39,33.564865,133.614103,原データ,pharmacy,pharmacy,薬局清流けら店,薬局清流けら店,,やっきょくせいりゅうけらてん,Yakkyoku Seiryu Keraten,,"Mo,Tu,We,Th,Fr 09:00-18:00; Sa 09:00-14:00; PH off; Dec 30-Jan 03 off",,,http://www.drug-kuroshio.co.jp/,高知県高知市介良３５４番地,JP,高知県,,高知市,,,介良,,,,厚生労働省 医療情報ネットのオープンデータ (2026-06-01),,,,
3955395008300,39,33.608185,133.693912,原データ,pharmacy,pharmacy,こばな薬局,こばな薬局,,こばなやっきょく,,,"Mo,Tu,We,Fr 09:00-17:30; PH off",,,,高知県香美市土佐山田町百石町１－６－１４,JP,高知県,,香美市,,,土佐山田町百石町一丁目,6,14,,厚生労働省 医療情報ネットのオープンデータ (2026-06-01),,,,
3955395008320,39,33.549925,133.545444,原データ,pharmacy,pharmacy,ベル薬局 百石店,ベル薬局　百石店,,べるやっきょく ひゃっこくてん,Beruyakkyokuhyakkokuten,,"Mo,Tu,We,Th,Fr 08:45-17:45; Sa 08:45-12:45; PH off; Dec 30-Jan 03 off",,,http://www.belle-ph.com/,高知県高知市百石町二丁目１番１５号,JP,高知県,,高知市,,,百石町二丁目,1,15,,厚生労働省 医療情報ネットのオープンデータ (2026-06-01),,,,
3955395008330,39,33.552414,133.56262,原データ,pharmacy,pharmacy,アルファ薬局青柳店,アルファ薬局青柳店,,あるふぁやっきょくあおやぎてん,,Alpha pharmacy Aoyagi shop,"Mo,Tu,We,Th,Fr 08:30-17:30; Sa 08:30-12:30; PH off; Dec 30-Jan 03 off",,,https://medicalchozai.com/,高知県高知市若松町,JP,高知県,,高知市,,,若松町,,,,厚生労働省 医療情報ネットのオープンデータ (2026-06-01),,,,
3955395008380,39,32.991459,132.940664,原データ,pharmacy,pharmacy,メディカル薬局 一条通店,メディカル薬局　一条通店,,めでぃかるやっきょく いちじょうどおりてん,,Mediccal Pharmacy Ichijyodori store,"Mo,Tu,We,Th,Fr 09:00-17:30; Sa 09:00-12:30; Sa[3,5] off; PH off; Dec 30-Jan 03 off",,,https://medicalchozai.com/,高知県四万十市中村一条通５丁目９番１号,JP,高知県,,四万十市,,,中村一条通五丁目,,,,厚生労働省 医療情報ネットのオープンデータ (2026-06-01),yes,照合する明細が無いため番地を出さない,,
3955395008390,39,33.328173,133.228022,原データ,pharmacy,pharmacy,くれ薬局,くれ薬局,,くれやっきょく,,Kure Pharmacy,"Mo,Tu,We,Th,Fr 09:00-18:00; Sa 09:00-13:00; PH off; Dec 31-Jan 03 off",,,https://kigurakuraimu.jp,高知県高岡郡中土佐町久礼６６１１ー４,JP,高知県,高岡郡,中土佐町,,,久礼,,,,厚生労働省 医療情報ネットのオープンデータ (2026-06-01),,,,
3955395008410,39,33.567395,133.647319,原データ,pharmacy,pharmacy,高知調剤薬局 おおそね店,高知調剤薬局　おおそね店,,こうちちょうざいやっきょく おおそねてん,Kochichozai Yakkyoku Osoneten,,"Mo,Tu,We,Th,Fr 08:30-17:30; Sa 08:30-12:30; PH off; Dec 30-Jan 03 off",,,http://www.kochi-chozai.co.jp/,高知県南国市大そね甲１４５３,JP,高知県,,南国市,,,,,,,厚生労働省 医療情報ネットのオープンデータ (2026-06-01),,,大そね甲1453,
3955395008430,39,33.573764,133.560714,原データ,pharmacy,pharmacy,あかね薬局 北川添店,あかね薬局　北川添店,,あかねやっきょく きたかわぞえてん,Akane Yakkyoku Kitakawazoeten,,"Mo,Tu,We,Th,Fr 09:00-18:00; Sa 09:00-13:00; PH off; Dec 30-Jan 03 off",,,http://www.yell-group.net/,高知県高知市北川添１９－３４,JP,高知県,,高知市,,,北川添,19,34,,厚生労働省 医療情報ネットのオープンデータ (2026-06-01),yes,,,
3955395008440,39,33.569921,133.55777,原データ,pharmacy,pharmacy,ひかり薬局,ひかり薬局,,ひかりやっきょく,Hikari Yakkyoku,,"Mo,Tu,We,Th,Fr 09:00-13:00,14:30-18:00; Sa 09:00-13:00,14:00-17:00; PH off; Dec 30 off",,,,高知県高知市杉井流１４番１７号,JP,高知県,,高知市,,,杉井流,14,17,,厚生労働省 医療情報ネットのオープンデータ (2026-06-01),,,,
3955395008450,39,33.569599,133.56435,原データ,pharmacy,pharmacy,やえもん薬局,四国調剤　やえもん薬局,,,,,"Mo,Tu,We,Fr 09:30-17:00; Th,Sa 09:00-13:00; PH off; Dec 29-Jan 03,May 03-May 06 off || off ""GW・お盆は休診""",,,,高知県高知市北久保２番３９号,JP,高知県,,高知市,,,北久保,2,39,,厚生労働省 医療情報ネットのオープンデータ (2026-06-01),yes,,,
3955395008460,39,33.56038,133.701143,原データ,pharmacy,pharmacy,パルス薬局,パルス薬局,,ぱるすやっきょく,,,"Mo,Tu,We,Th,Fr 08:30-18:00; Sa 08:30-15:00; PH off; Dec 31-Jan 03 off",,,http://yell-group.net/,高知県香南市野市町西野２６３７―１,JP,高知県,,香南市,,,野市町西野,,,,厚生労働省 医療情報ネットのオープンデータ (2026-06-01),yes,,,
3955395008470,39,33.567618,133.542746,原データ,pharmacy,pharmacy,ドラッグセイムス高知駅前薬局,ドラッグセイムス高知駅前薬局,,どらっぐせいむすこうちえきまえやっきょく,,seims kochiekimae pharmacy,"Mo,Tu,We,Th,Fr 09:00-13:00,14:00-19:00; Sa 09:00-13:00; PH off; Dec 29-Jan 03 off",,,https://www.fujiyakuhin.co.jp/,高知県高知市栄田町二丁目４番１２号,JP,高知県,,高知市,,,栄田町二丁目,4,12,,厚生労働省 医療情報ネットのオープンデータ (2026-06-01),,,,
3955395008480,39,33.578046,133.551833,原データ,pharmacy,pharmacy,調剤薬局ツルハドラッグ薊野店,調剤薬局ツルハドラッグ薊野店,,ちょうざいやっきょくつるはどらっぐあぞうのてん,,Tsuruhadrag Azono Pharmacy,"Mo,Tu,We,Th,Fr 09:30-13:00,14:00-18:30; Sa 09:30-14:30; PH off; Dec 29-Jan 03 off",,,http://www.tsuruha.co.jp,高知県高知市薊野西町三丁目８番８号,JP,高知県,,高知市,,,薊野西町三丁目,8,8,,厚生労働省 医療情報ネットのオープンデータ (2026-06-01),,,,
3955395008510,39,33.549175,133.544119,原データ,pharmacy,pharmacy,うさぎ薬局,うさぎ薬局,,うさぎやっきょく,,usagi pharmacy,"Mo,Tu,We,Fr 09:00-18:00; Th 09:00-17:00; Sa 09:00-13:00; PH off; Dec 30-Jan 03 off",,,,高知県高知市百石町二丁目２－９,JP,高知県,,高知市,,,百石町二丁目,2,9,,厚生労働省 医療情報ネットのオープンデータ (2026-06-01),,,,
3955395008520,39,33.55813,133.572022,原データ,pharmacy,pharmacy,エール薬局 かづらしま店,エール薬局　かづらしま店,,えーるやっきょくかづらしまてん,E-ru Yakkyoku Kadurashimaten,,"Mo,Tu,We,Th,Fr 09:00-18:00; Sa 09:00-13:00; PH off; Dec 31-Jan 03 off",,,http://www.yell-group.net,高知県高知市葛島１丁目９―５１,JP,高知県,,高知市,,,葛島一丁目,9,51,,厚生労働省 医療情報ネットのオープンデータ (2026-06-01),yes,,,
3955395008530,39,33.560668,133.544119,原データ,pharmacy,pharmacy,エール薬局 はりまや店,エール薬局　はりまや店,,えーるやっきょくはりまやてん,,Yell Pharmacy harimaya-ten,"Mo,Tu,Th,Fr 09:00-18:00; Sa 09:00-13:00; Sa[1,3,5] off; PH off; Dec 30-Jan 03 off",,,http://www.yell-group.net/,高知県高知市はりまや町１丁目７ー７,JP,高知県,,高知市,,,はりまや町一丁目,7,7,,厚生労働省 医療情報ネットのオープンデータ (2026-06-01),,,,
3955395008540,39,33.545997,133.54317,原データ,pharmacy,pharmacy,エール薬局 百石店,エール薬局　百石店,,えーるやっきょくひゃっこくてん,"E-ru,yakkyoku Hyakkokuten",,"Mo,Tu 09:00-19:00; We 09:00-17:00; Th,Fr 09:00-18:00; Sa 09:00-13:00; PH off; Dec 30-Jan 03 off",,,http://www.yell-group.net,高知県高知市百石町２丁目２９－１３,JP,高知県,,高知市,,,百石町二丁目,29,13,,厚生労働省 医療情報ネットのオープンデータ (2026-06-01),yes,,,
3955395008550,39,33.557275,133.573449,原データ,pharmacy,pharmacy,エール薬局 きっず店,エール薬局　きっず店,,えーるやっきょくきっずてん,E-ru Yakkyoku Kizzuten,,"Mo,Tu,We,Th,Fr 09:00-18:00; Sa 09:00-13:00; PH off; Dec 31-Jan 03 off",,,http://www.yell-group.net,高知県高知市葛島２丁目６‐３３,JP,高知県,,高知市,,,葛島二丁目,6,33,,厚生労働省 医療情報ネットのオープンデータ (2026-06-01),yes,,,
3955395008560,39,33.566471,133.57959,原データ,pharmacy,pharmacy,エール薬局 たかす店,エール薬局　たかす店,,えーるやっきょくたかすてん,E-ru Yakkyoku Takasuten,,"Mo,Tu,We,Th,Fr 08:30-19:30; Sa 08:30-13:00; PH off; Dec 31-Jan 03 off",,,http://www.yell-group.net,高知県高知市大津乙２７０５－３,JP,高知県,,高知市,,,大津乙,,,,厚生労働省 医療情報ネットのオープンデータ (2026-06-01),yes,,2705-3,
3955395008570,39,33.576587,133.610395,原データ,pharmacy,pharmacy,ハロー薬局 大津店,ハロー薬局　大津店,,はろーやっきょくおおつてん,Haro Yakkyoku Otsuten,,"Mo,Tu,We,Th,Fr 09:00-18:00; Sa 09:00-17:30; PH off; Dec 30-Jan 03 off",,,http://www.yell-group.net,高知県高知市大津甲５９３－４,JP,高知県,,高知市,,,大津甲,,,,厚生労働省 医療情報ネットのオープンデータ (2026-06-01),yes,,593-4,
3955395008580,39,33.556162,133.503117,原データ,pharmacy,pharmacy,エール薬局 旭店,エール薬局　旭店,,えーるやっきょくあさひてん,E-ru Yakkyoku Asahiten,,"Mo,Tu,We,Th,Fr 09:00-18:00; Sa 09:00-13:00; PH off; Dec 30-Jan 03 off",,,http://www.yell-group.net,高知県高知市旭上町３２－２２,JP,高知県,,高知市,,,旭上町,,,,厚生労働省 医療情報ネットのオープンデータ (2026-06-01),,,,
3955395008590,39,33.566805,133.490699,原データ,pharmacy,pharmacy,エール薬局 口細山店,エール薬局　口細山店,,えーるやっきょくくちぼそやまてん,"E-ru,yakkyoku Kuchibosoyamaten",,"Mo,Tu,We,Th,Fr 09:00-18:00; Sa 09:00-13:00; PH off; Dec 31-Jan 03 off",,,http://www.yell-group.net,高知県高知市口細山２０６－１５４,JP,高知県,,高知市,,,口細山,,,,厚生労働省 医療情報ネットのオープンデータ (2026-06-01),yes,,,
3955395008610,39,33.54701,133.503781,原データ,pharmacy,pharmacy,エール薬局 土佐道路店,エール薬局　土佐道路店,,えーるやっきょくとさどうろてん,E-ru Yakkyoku Tosadouroten,,"Mo,Tu,We,Th,Fr 09:00-18:00; Sa 08:30-09:30; PH off",,,http://www.yell-group.net,高知県高知市鴨部９４０－１,JP,高知県,,高知市,,,鴨部,,,,厚生労働省 医療情報ネットのオープンデータ (2026-06-01),,,,
3955395008630,39,33.391282,133.28432,原データ,pharmacy,pharmacy,エール薬局 よこまち店,エール薬局　よこまち店,,えーるやっきょくよこまちてん,"E-ru,yakkyoku Yokomatiten",,"Mo,Tu,We,Th,Fr 08:30-17:30; Sa 08:30-12:30; PH off; Dec 30-Jan 03 off",,,http://www.yell-group.net,高知県須崎市横町８－１,JP,高知県,,須崎市,,,横町,8,1,,厚生労働省 医療情報ネットのオープンデータ (2026-06-01),yes,,,
3955395008640,39,32.966928,132.809665,原データ,pharmacy,pharmacy,エール薬局 幡多店,エール薬局　幡多店,,えーるやっきょくはたてん,E-ru Yakkyoku Hataten,,"Mo,Tu,We,Th,Fr 09:00-18:00; Sa 08:30-09:30; PH off; Dec 29-Jan 03 off",,,http://www.yell-group.net,高知県宿毛市平田町戸内２１０６－８,JP,高知県,,宿毛市,,,平田町戸内,,,,厚生労働省 医療情報ネットのオープンデータ (2026-06-01),,,,
3955395008650,39,32.822195,132.707871,原データ,pharmacy,pharmacy,エール薬局 おおつき店,エール薬局　おおつき店,,えーるやっきょくおおつきてん,E-ru Yakkyoku Ootsukiten,,"Mo,Tu,We,Th,Fr 08:30-17:30; Sa 10:30-11:30; PH off; Dec 30-Jan 03 off",,,http://www.yell-group.net,高知県幡多郡大月町鉾土３４－３,JP,高知県,幡多郡,大月町,,,大字鉾土,,,,厚生労働省 医療情報ネットのオープンデータ (2026-06-01),,,34-3,
3955395008660,39,33.49467,133.424719,原データ,pharmacy,pharmacy,エール薬局 たかおか店,エール薬局　たかおか店,,えーるやっきょくたかおかてん,E-ru Yakkyoku Takaokaten,,"Mo,Tu,We,Th,Fr 08:30-17:30; Sa 09:30-10:30; PH off; Dec 29-Jan 03 off",,,http://www.yell-group.net,高知県土佐市高岡町甲１８９３－１,JP,高知県,,土佐市,,,高岡町甲,,,,厚生労働省 医療情報ネットのオープンデータ (2026-06-01),,,1893-1,
3955395008670,39,33.500561,133.913154,原データ,pharmacy,pharmacy,エール薬局 あき店,エール薬局　あき店,,えーるやっきょくあきてん,"E-ru,yakkyoku Akiten",,"Mo,Tu,We,Th,Fr 09:00-18:00; Sa 09:00-13:00; PH off; Dec 31-Jan 03 off",,,http://www.yell-group.net,高知県安芸市港町,JP,高知県,,安芸市,,,,,,,厚生労働省 医療情報ネットのオープンデータ (2026-06-01),,,港町,
3955395008680,39,33.596843,133.616283,原データ,pharmacy,pharmacy,おこう薬局,おこう薬局,,おこうやっきょく,Okou Yakkyoku,,"Mo,Tu,We,Th,Fr 09:00-18:00; Sa 14:00-15:00; PH off; Dec 29-Jan 03 off",,,http://www.yell-group.net,高知県南国市岡豊町小蓮３９０－３,JP,高知県,,南国市,,,岡豊町小蓮,,,,厚生労働省 医療情報ネットのオープンデータ (2026-06-01),yes,,,
3955395008690,39,33.592113,133.607662,原データ,pharmacy,pharmacy,ハロー薬局 こくぶ川店,ハロー薬局　こくぶ川店,,はろーやっきょくこくぶがわてん,Haro Yakkyoku Kokubugawaten,,"Mo,Tu,We,Th,Fr 09:00-18:00; Sa 16:30-17:30; PH off; Dec 29-Jan 03 off",,,http://www.yell-group.net,高知県南国市岡豊町蒲原３９番１０,JP,高知県,,南国市,,,岡豊町蒲原,,,,厚生労働省 医療情報ネットのオープンデータ (2026-06-01),yes,,,
3955395008700,39,33.759646,133.58865,原データ,pharmacy,pharmacy,エール薬局 れいほく店,エール薬局　れいほく店,,えーるやっきょくれいほくてん,E-ru Yakkyoku Reihokuten,,"Mo,Tu,We,Th,Fr 09:00-18:00; Sa 08:30-13:00; PH off",,,http://www.yell-group.net,高知県長岡郡本山町本山５８０－１,JP,高知県,長岡郡,本山町,,,本山,,,,厚生労働省 医療情報ネットのオープンデータ (2026-06-01),yes,,,
3955395008710,39,33.391221,133.283959,原データ,pharmacy,pharmacy,あかね薬局 須崎店,あかね薬局　須崎店,,あかねやっきょくすさきてん,,Akane Pharmacy susaki-ten,"Mo,Tu,We,Th,Fr 08:30-17:30; Sa 08:30-12:30; PH off; Dec 30-Jan 03 off",,,http://www.yell-group.net,高知県須崎市横町８－５,JP,高知県,,須崎市,,,横町,8,5,,厚生労働省 医療情報ネットのオープンデータ (2026-06-01),,,,
3955395008720,39,33.560474,133.537186,原データ,pharmacy,pharmacy,心薬局,帯屋町　心薬局,,,,,"Tu,We,Fr 09:00-19:00; Th 09:00-13:00; Sa 08:30-13:00; PH off; Dec 31-Jan 03 off",,,https://phstr.co.jp/,高知県高知市帯屋町２丁目２番９号　帯屋町ＣＥＮＴＲＯ２階２ー１ーＡ号,JP,高知県,,高知市,,,帯屋町二丁目,2,9,,厚生労働省 医療情報ネットのオープンデータ (2026-06-01),yes,,帯屋町CENTRO2階2-1-A号,
3955395008730,39,33.574222,133.543066,原データ,pharmacy,pharmacy,高知薬局,日本調剤　高知薬局,,,,,"Mo,Tu,We,Th,Fr 09:00-18:00; Sa 09:00-13:00; PH off; Dec 29-Jan 03 off",,,https://www.nicho.co.jp/tenpo/koti/,高知県高知市秦南町１－５－４０－１１,JP,高知県,,高知市,,,秦南町一丁目,5,40,,厚生労働省 医療情報ネットのオープンデータ (2026-06-01),yes,,11,番地の3要素目以降を確認: 11
3955395008740,39,33.538084,133.54419,原データ,pharmacy,pharmacy,マリーナ薬局,マリーナ薬局,,まりーなやっきょく,Marinayakkyoku,,"Mo,Tu,We,Th,Fr 09:00-12:30,14:00-18:30; Sa 09:00-12:30; PH off; Dec 31-Jan 03 off",,,,高知県高知市六泉寺町８７番地９ハイツ六泉１階,JP,高知県,,高知市,,,六泉寺町,,,,厚生労働省 医療情報ネットのオープンデータ (2026-06-01),,,ハイツ六泉1階,
3955395008750,39,33.574222,133.543066,原データ,pharmacy,pharmacy,エール薬局 日赤店,エール薬局　日赤店,,えーるやっきょくにっせきてん,,Yell Pharmacy Nisseki-ten,"Mo,Tu,We,Th,Fr 09:00-18:00; Sa 14:00-15:00; PH off; Dec 29-Jan 03 off",,,http://www.yell-group.net,高知県高知市秦南町１－５－４０－７,JP,高知県,,高知市,,,秦南町一丁目,5,40,,厚生労働省 医療情報ネットのオープンデータ (2026-06-01),yes,,7,番地の3要素目以降を確認: 7
3955395008760,39,33.556018982,133.517094494,ジオコーディング,pharmacy,pharmacy,アルファ薬局上町店,アルファ薬局上町店,,あるふぁ,,,"Mo,Tu,We,Th,Fr 08:45-17:45; Sa 08:45-12:45; PH off; Dec 31-Jan 03 off",,,http://www.shikoku-dsp.co.jp/,高知県高知市上町五丁目６ー２１,JP,高知県,,高知市,,,上町五丁目,6,21,,厚生労働省 医療情報ネットのオープンデータ (2026-06-01),yes,座標は住所から付与（位置レベル8）,,
3955395008770,39,33.512203,133.544877,原データ,pharmacy,pharmacy,ひかり薬局 瀬戸店,ひかり薬局　瀬戸店,,ひかりやっきょく せとてん,Hikari Yakkyoku Seto,,"Mo,Tu,Th,Fr 09:00-18:00; We,Sa 09:00-17:00; PH off || off ""GW・お盆・年末年始は休診""",,,http://www.shikoku-ms.com,高知県高知市瀬戸一丁目２番６２号,JP,高知県,,高知市,,,瀬戸一丁目,2,62,,厚生労働省 医療情報ネットのオープンデータ (2026-06-01),,,,
3955395008780,39,32.984846,132.920384,原データ,pharmacy,pharmacy,エール薬局 具同店,エール薬局　具同店,,えーるやっきょく ぐどうてん,,Yell Pharmacy gudou-ten,"Mo,Tu,We,Th,Fr 09:00-18:00; Sa 09:00-12:30,13:00-14:00; PH off; Dec 30-Jan 03 off",,,http://www.yell-group.net/,高知県四万十市具同田黒２丁目１２－４８,JP,高知県,,四万十市,,,具同田黒二丁目,,,,厚生労働省 医療情報ネットのオープンデータ (2026-06-01),yes,照合する明細が無いため番地を出さない,,
3955395008790,39,33.498027,133.426949,原データ,pharmacy,pharmacy,はなみずき薬局,はなみずき薬局,,はなみずきやっきょく,Hanamizuki Yakkyoku,,"Tu,We,Th,Fr,Sa 09:00-17:00; PH off; Dec 31-Jan 03 off",,,,高知県土佐市高岡町乙３４７６－９,JP,高知県,,土佐市,,,高岡町乙,,,,厚生労働省 医療情報ネットのオープンデータ (2026-06-01),,,3476-9,
3955395008800,39,33.572761,133.549715,原データ,pharmacy,pharmacy,高知調剤薬局 ひじま店,高知調剤薬局　ひじま店,,こうちちょうざいやっきょく ひじまてん,Kochicyouzaiyakkyoku Hijimaten,,"Mo,Tu,We,Th,Fr 09:00-18:00; Sa 09:00-13:00; PH 09:00-14:30; Dec 30-Jan 03 off",,,https://www.kochi-chozai.co.jp/,高知県高知市比島町四丁目７番１３号,JP,高知県,,高知市,,,比島町四丁目,7,13,,厚生労働省 医療情報ネットのオープンデータ (2026-06-01),,,,
3955395008840,39,33.585258,133.571985,原データ,pharmacy,pharmacy,山本薬局,山本薬局,,やまもとやっきょく,,,"Mo,Tu,We,Th,Fr 09:00-17:45; Sa 09:00-15:45; PH off",,,,高知県高知市一宮中町１－２１－１０,JP,高知県,,高知市,,,一宮中町一丁目,21,10,,厚生労働省 医療情報ネットのオープンデータ (2026-06-01),,,,
3955395008850,39,33.581782,133.566416,原データ,pharmacy,pharmacy,ひかり薬局 高知インター店,ひかり薬局　高知インター店,,ひかりやっきょくこうちいんたーてん,Hikari Yakkyoku Kochiinter,,"Mo,Tu,We,Th,Fr 09:00-18:30; Sa,Su 09:00-17:00; PH off; Dec 30-Jan 03 off || off ""GWは休診""",,,http://shikoku-ms.com/,高知県高知市一宮南町１丁目１５－１３マルナカ高知インター店２階,JP,高知県,,高知市,,,一宮南町一丁目,15,13,,厚生労働省 医療情報ネットのオープンデータ (2026-06-01),,,マルナカ高知インター店2階,
3955395008860,39,32.983342,132.921395,原データ,pharmacy,pharmacy,あかね薬局渡川店,あかね薬局渡川店,,あかねやっきょくわたりがわてん,Akane-yakkyoku Watarigawa-ten,,"Mo,Tu,We,Th,Fr 09:00-18:00; PH off; Dec 30-Jan 03 off",,,http://yell-group.net/,高知県四万十市具同２０７５－２,JP,高知県,,四万十市,,,具同,,,,厚生労働省 医療情報ネットのオープンデータ (2026-06-01),,,,
3955395008870,39,32.982688,132.952967,原データ,pharmacy,pharmacy,エール薬局 サニーマート四万十店,エール薬局　サニーマート四万十店,,えーるやっきょくさにーまーとしまんとてん,,,"Mo,Tu,We,Th,Fr,Sa 10:00-14:00,15:00-19:00; PH off; Dec 30-Jan 03 off",,,http://yell-group.net/,高知県四万十市古津賀４丁目３０番地,JP,高知県,,四万十市,,,古津賀四丁目,,,,厚生労働省 医療情報ネットのオープンデータ (2026-06-01),yes,,,
3955395008880,39,33.594914,133.614536,原データ,pharmacy,pharmacy,日本調剤高知東薬局,日本調剤高知東薬局,,にほんちょうざいこうちひがしやっきょく,Nihontyouzai Kochihigasi Yakkyoku,,"Mo,Tu,We,Th,Fr 08:30-19:00; Sa 08:30-12:30; PH off; Dec 30-Jan 03 off",,,https://www.nicho.co.jp/tenpo/kochihigashi/,高知県南国市岡豊町小蓮１８５－１,JP,高知県,,南国市,,,岡豊町小蓮,,,,厚生労働省 医療情報ネットのオープンデータ (2026-06-01),,,185-1,
3955395008890,39,33.206634,133.149777,原データ,pharmacy,pharmacy,たきぐち薬局 くぼかわ店,たきぐち薬局　くぼかわ店,,たきぐちやっきょくくぼかわてん,,Takiguchi Pharmacy Kubokawa Store,"Mo,Tu,We,Th,Fr 09:00-18:00; Sa 09:00-15:00; PH off",,,https://inf-pha.com,高知県高岡郡四万十町見付９０１,JP,高知県,高岡郡,四万十町,,,見付,,,,厚生労働省 医療情報ネットのオープンデータ (2026-06-01),yes,,901,
3955395008900,39,33.41173,133.289835,原データ,pharmacy,pharmacy,めいわ薬局,めいわ薬局,,めいわやっきょく,,Meiwa Pharmacy,"Mo,Tu,We,Th,Fr 08:45-18:00; PH off; Jan 03 off",,,,高知県須崎市緑町４番２９号,JP,高知県,,須崎市,,,緑町,4,29,,厚生労働省 医療情報ネットのオープンデータ (2026-06-01),,,,
3955395008910,39,32.782999,132.957391,原データ,pharmacy,pharmacy,エール薬局 ローソン清水ヶ丘店,エール薬局　ローソン清水ヶ丘店,,えーるやっきょくろーそんしみずがおかてん,E-ru Yakkyoku Lawson-simizugaoka-ten,,"Mo,Tu,We,Th,Fr 09:00-18:00; Sa 09:00-15:00; PH off; Dec 31-Jan 03 off",,,https://www.yell-group.net/,高知県土佐清水市清水ヶ丘７番５号,JP,高知県,,土佐清水市,,,清水ヶ丘,,,,厚生労働省 医療情報ネットのオープンデータ (2026-06-01),yes,照合する明細が無いため番地を出さない,,
3955395008930,39,33.540054,133.53952,原データ,pharmacy,pharmacy,あかね薬局 六泉寺店,あかね薬局　六泉寺店,,あかねやっきょく ろくせんじてん,Akane-yakkyoku Rokusenji-ten,,"Mo,Tu,We,Th,Fr,Sa 09:00-18:00; PH off; Dec 30-Jan 03 off",,,https://www.yell-group.net/,高知県高知市高見町１８９‐１,JP,高知県,,高知市,,,高見町,,,,厚生労働省 医療情報ネットのオープンデータ (2026-06-01),,,,
3955395008950,39,33.557664,133.699368,原データ,pharmacy,pharmacy,わかば薬局,わかば薬局,,わかばやっきょく,Wakabayakkyoku,,"Mo,Tu,We,Fr 09:00-18:30; Sa 09:00-17:00; PH off; Dec 31-Jan 03 off",,,,高知県香南市野市町西野２３４５ー７,JP,高知県,,香南市,,,野市町西野,,,,厚生労働省 医療情報ネットのオープンデータ (2026-06-01),yes,,,
3955395008960,39,33.566359,133.510311,原データ,pharmacy,pharmacy,ドラッグセイムス高知福井薬局,ドラッグセイムス高知福井薬局,,どらっぐせいむすこうちふくいやっきょく,,,"Mo,Tu,We,Th,Fr,Sa 09:00-13:00,14:00-18:00; PH off; Dec 29-Jan 03 off",,,http://nishinihonseims.co.jp/modules/auth/index.php/index.html,高知県高知市福井町,JP,高知県,,高知市,,,福井町,,,,厚生労働省 医療情報ネットのオープンデータ (2026-06-01),,,,
3955395008990,39,33.551707,133.489908,原データ,pharmacy,pharmacy,こはる薬局,こはる薬局,,こはるやっきょく,,,"Mo,Tu,We,Th,Fr 09:00-18:00; Sa 09:00-13:00; PH off; Dec 31-Jan 03 off",,,https://medico-drugfarm.jp/,高知県高知市朝倉丙３５４ー１,JP,高知県,,高知市,,,朝倉丙,,,,厚生労働省 医療情報ネットのオープンデータ (2026-06-01),,,354-1,
3955395009000,39,33.569827809,133.549099599,ジオコーディング,pharmacy,pharmacy,調剤薬局ツルハドラッグ高知比島店,調剤薬局ツルハドラッグ高知比島店,,ちょうざいやっきょくつるはどらっぐこうちひじまてん,,Chozaiyakkyoku Tsuruha Drug Kochi hijima ten,"Mo,Tu,We,Th,Fr 09:00-13:00,14:00-18:00; Sa 09:00-13:00; PH off; Dec 29-Jan 03 off",,,https://www.tsuruha.co.jp/,高知県高知市比島町２丁目７番５号,JP,高知県,,高知市,,,比島町二丁目,7,5,,厚生労働省 医療情報ネットのオープンデータ (2026-06-01),,座標は住所から付与（位置レベル8）,,
3955395009020,39,33.56956,133.561722,原データ,pharmacy,pharmacy,ドラッグセイムス御座薬局,ドラッグセイムス御座薬局,,どらっぐせいむすござやっきょく,Doragguseimusu Gozayakkyoku,,"Mo,Tu,We,Th,Fr 09:00-13:00,14:00-18:30; Sa 09:00-13:00,14:00-16:00; PH off; Jan 02-Jan 03,Dec 30-Dec 31 off",,,http://nishinihonseims.co.jp/modules/auth/index.php/index.html,高知県高知市北御座４番３８号,JP,高知県,,高知市,,,北御座,4,38,,厚生労働省 医療情報ネットのオープンデータ (2026-06-01),,,,
3955395009030,39,33.563215,133.561689,原データ,pharmacy,pharmacy,旭サテライト薬局 札場店,旭サテライト薬局　札場店,,あさひさてらいとやっきょく ふだばてん,,AsahiSateraitoPharmacy Fudaba,"Mo,Tu,We,Th,Fr 09:00-18:00; Sa 09:00-13:00; PH off; Dec 30-Jan 03 off || off ""GWは休診""",,,,高知県高知市札場１６ー３１　カトゥルセゾン札場１Ｆ西,JP,高知県,,高知市,,,札場,16,31,,厚生労働省 医療情報ネットのオープンデータ (2026-06-01),,,カトゥルセゾン札場1F西,
3955395009040,39,33.557731,133.581884,原データ,pharmacy,pharmacy,よどや薬局高知高須店,よどや薬局高知高須店,,よどややっきょくこうちたかすてん,Yodoyayakkyokukouchitakasuten,,"Mo,Tu,We,Th,Fr 09:00-13:30,14:30-19:00; Sa 09:00-13:30,14:30-18:00; PH off",,,https://www.yodoyadrug.co.jp/,高知県高知市高須１－５－３０,JP,高知県,,高知市,,,高須一丁目,5,30,,厚生労働省 医療情報ネットのオープンデータ (2026-06-01),,,,
3955395009050,39,33.540745,133.496139,原データ,pharmacy,pharmacy,よどや薬局高知朝倉店,よどや薬局高知朝倉店,,よどややっきょくこうちあさくらてん,,,"Mo,Tu,We,Th,Fr 09:00-19:00; Sa 09:00-14:00; PH off",,,https://www.yodoyadrug.co.jp/,高知県高知市朝倉横町２３番８ー３号,JP,高知県,,高知市,,,朝倉横町,23,8-3,,厚生労働省 医療情報ネットのオープンデータ (2026-06-01),,,号,
3955395009060,39,33.567743,133.645662,原データ,pharmacy,pharmacy,よどや薬局南国大埇店,よどや薬局南国大埇店,,よどややっきょくなんこくおおそねてん,,,"Mo,Tu,We,Th,Fr 09:00-13:30,14:30-18:00; PH off",,,,高知県南国市大埇甲１８７４ー１,JP,高知県,,南国市,,,大埇甲,,,,厚生労働省 医療情報ネットのオープンデータ (2026-06-01),yes,,1874-1,
3955395009180,39,33.561533,133.538173,原データ,pharmacy,pharmacy,こころ薬局 追手筋店,こころ薬局　追手筋店,,こころやっきょく おうてすじてん,Kokoroyakkyokuoutesuziten,,"Mo,Tu,We,Fr 09:00-18:00; Th,Sa 09:00-13:00; PH off; Dec 31-Jan 03 off",,,https://phstr.co.jp/,高知県高知市追手筋一丁目３番２１号,JP,高知県,,高知市,,,追手筋一丁目,3,21,,厚生労働省 医療情報ネットのオープンデータ (2026-06-01),,,,
3955395009190,39,33.536555,133.475753,原データ,pharmacy,pharmacy,よどや薬局高知針木店,よどや薬局高知針木店,,よどややっきょくこうちはりぎてん,Yodoyayakkyokukouchiharigi Ten,,"Mo,Tu,We,Th,Fr 09:00-13:30,14:30-19:00; Sa 09:00-14:00; PH off",,,https://www.yodoyadrug.co.jp/store-harigi.htm,高知県高知市針木北一丁目３番１０号,JP,高知県,,高知市,,,針木北一丁目,3,10,,厚生労働省 医療情報ネットのオープンデータ (2026-06-01),,,,
3955395009210,39,33.575196,133.640143,原データ,pharmacy,pharmacy,調剤薬局ツルハドラッグ南国中央店,調剤薬局ツルハドラッグ南国中央店,,ちょうざいやっきょくつるはどらっぐなんこくちゅうおうてん,,Chozaiyakkyoku Tsuruha Drug Nankoku chuo ten,"Mo,Tu,We,Th,Fr 09:00-13:00,14:00-18:00; Sa 09:00-13:00; PH off; Dec 29-Jan 03 off",,,https://www.tsuruha.co.jp/,高知県南国市大埇甲２３１７番地１,JP,高知県,,南国市,,,大埇甲,,,,厚生労働省 医療情報ネットのオープンデータ (2026-06-01),,,2317-1,
3955395009230,39,32.9801,132.912343,原データ,pharmacy,pharmacy,マック中村調剤薬局,マック中村調剤薬局,,まっくなかむらちょうざいやっきょく,Makkunakamurachouzaiyakkyoku,,"Mo,Tu,We,Th,Fr,Sa 09:30-19:00; PH off; Jan 01-Jan 03 off",,,,高知県四万十市具同５３９０番地,JP,高知県,,四万十市,,,具同,,,,厚生労働省 医療情報ネットのオープンデータ (2026-06-01),,,,
3955395009240,39,33.500812,133.418713,原データ,pharmacy,pharmacy,よどや薬局土佐高岡店,よどや薬局土佐高岡店,,よどややっきょくとさたかおかてん,Yodoya Yakkyoku Tosatakaoka,,"Mo,Tu,We,Th,Fr 09:00-19:00; Sa 09:00-14:00; PH off",,,https://www.yodoyadrug.co.jp/,高知県土佐市高岡町乙３４０７,JP,高知県,,土佐市,,,高岡町乙,,,,厚生労働省 医療情報ネットのオープンデータ (2026-06-01),,,3407,
3955395009250,39,33.567925,133.513299,原データ,pharmacy,pharmacy,よどや薬局高知福井店,よどや薬局高知福井店,,よどややっきょくこうちふくいてん,Yodoya Yakkyoku Kouti Fukuiten,,"Mo,Tu,We,Th,Fr,Sa 09:00-13:00,14:00-19:00; PH off; Dec 30-Jan 03 off",,,https://www.yodoyadrug.co.jp/store-fukui.htm,高知県高知市福井町７３８,JP,高知県,,高知市,,,福井町,,,,厚生労働省 医療情報ネットのオープンデータ (2026-06-01),,,,
3955395009260,39,33.505615,133.898095,原データ,pharmacy,pharmacy,元氣堂調剤薬局ほうえい店,元氣堂調剤薬局ほうえい店,,げんきどうちょうざいやっきょくほうえいてん,Genkidochiyouzaiyakkyokuhoueiten,,"Mo,Tu,We,Th,Fr 08:30-12:30,13:30-17:30; PH off; Dec 29-Jan 03 off",,,,高知県安芸市宝永町８－２０,JP,高知県,,安芸市,,,宝永町,8,20,,厚生労働省 医療情報ネットのオープンデータ (2026-06-01),,,,
3955395009270,39,33.503901257,133.907686092,ジオコーディング,pharmacy,pharmacy,よどや薬局安芸駅前店,よどや薬局安芸駅前店,,よどややっきょくあきえきまええてん,,,"Mo,Tu,We,Th,Fr 09:00-19:00; Sa 09:00-14:00; PH off || off ""年末年始は休診""",,,https://www.yodoyadrug.co.jp/,高知県安芸市矢ノ丸３ー４ー３４,JP,高知県,,安芸市,,,矢ノ丸三丁目,4,34,,厚生労働省 医療情報ネットのオープンデータ (2026-06-01),,座標は住所から付与（位置レベル8）,,
3955395009310,39,33.569097,133.551448,原データ,pharmacy,pharmacy,よどや薬局高知比島店,よどや薬局高知比島店,,よどややっきょくこうちひじまてん,,,"Mo,Tu,We,Th,Fr 09:00-13:30,14:30-19:00; Sa 09:00-14:00; PH off",,,,高知県高知市比島町１丁目１５番１３号,JP,高知県,,高知市,,,比島町一丁目,15,13,,厚生労働省 医療情報ネットのオープンデータ (2026-06-01),,,,
3955395009320,39,33.558567,133.696075,原データ,pharmacy,pharmacy,よどや薬局野市店,よどや薬局野市店,,よどややっきょくのいちてん,Yodoya Yakkyokunoichiten,,"Mo,Tu,We,Th,Fr 09:30-13:30,14:30-18:30; PH off",,,https://www.yodoyadrug.co.jp/,高知県香南市野市町西野２２０２ー１,JP,高知県,,香南市,,,野市町西野,,,,厚生労働省 医療情報ネットのオープンデータ (2026-06-01),,,,
3955395009340,39,33.565457,133.537009,原データ,pharmacy,pharmacy,アイン薬局 愛宕店,アイン薬局　愛宕店,,あいんやっきょく あたごてん,Ainyakkyoku Atagoten,,"Mo,Tu,We,Th,Fr 09:00-18:00; PH off; Dec 31-Jan 03 off",,,https://store.ainj.co.jp/detail/1101456/,高知県高知市愛宕町一丁目１ー１４,JP,高知県,,高知市,,,愛宕町一丁目,1,14,,厚生労働省 医療情報ネットのオープンデータ (2026-06-01),,,,
3955395009350,39,33.500109,133.548472,原データ,pharmacy,pharmacy,フォレスト調剤薬局長浜店,フォレスト調剤薬局長浜店,,ふぉれすとちょうざいやっきょくながはまてん,,Forest Pharmacy Nagahama,"Mo,Tu,We,Fr 09:00-17:15; Th 08:00-16:30; Sa 09:00-17:00; PH off; Dec 31-Jan 03 off",,,https://www.forest-pharmacy.jp/,高知県高知市長浜４８２８－２,JP,高知県,,高知市,,,長浜,,,,厚生労働省 医療情報ネットのオープンデータ (2026-06-01),,,,
3955395009370,39,33.559956217,133.555805401,ジオコーディング,pharmacy,pharmacy,ペンギン堂薬局,ペンギン堂薬局,,ぺんぎんどうやっきょく,,,"Mo,Tu,We,Th,Fr 09:00-18:00; Sa 09:00-13:00; PH off; Dec 31-Jan 03 off",,,,高知県高知市日の出町２－２０,JP,高知県,,高知市,,,日の出町,2,20,,厚生労働省 医療情報ネットのオープンデータ (2026-06-01),,座標は住所から付与（位置レベル8）,,
3955395009380,39,33.541674,133.541347,原データ,pharmacy,pharmacy,マック竹島調剤薬局,マック竹島調剤薬局,,まっくたけしまちょうざいやっきょく,Mac Takeshima Chouzai Yakkyoku,,"Mo,Tu,We,Th,Fr,Sa 09:30-13:00,14:00-18:30; PH off; Dec 31-Jan 03 off",,,https://www.daiya-grp.co.jp/service/macchozai/,高知県高知市竹島町１５８－１,JP,高知県,,高知市,,,竹島町,,,,厚生労働省 医療情報ネットのオープンデータ (2026-06-01),,,,
3955395009390,39,33.542089,133.499472,原データ,pharmacy,pharmacy,調剤薬局ツルハドラッグ高知西店,調剤薬局ツルハドラッグ高知西店,,ちょうざいやっきょくつるはどらっぐこうちにしてん,Chozaiyakkyokutsuruhadoraggukochinisiten,,"Mo,Tu,We,Th,Fr 09:00-12:00,13:00-18:00; Sa 09:00-13:00; PH off; Dec 29-Jan 03 off",,,https://www.tsuruha.co.jp,高知県高知市朝倉甲１３３番１,JP,高知県,,高知市,,,朝倉甲,,,,厚生労働省 医療情報ネットのオープンデータ (2026-06-01),,,133-1,
3955395009400,39,33.560078,133.56141,原データ,pharmacy,pharmacy,マック東雲調剤薬局,マック東雲調剤薬局,,まっくしののめちょうざいやっきょく,,,"Mo,Tu,We,Th,Fr,Sa 09:30-13:00,14:00-18:30; PH off; Dec 31-Jan 03 off",,,,高知県高知市東雲町３番２号,JP,高知県,,高知市,,,東雲町,3,2,,厚生労働省 医療情報ネットのオープンデータ (2026-06-01),,,,
3955395009410,39,33.291397,134.158735,原データ,pharmacy,pharmacy,調剤薬局 れお,調剤薬局　れお,,ちょうざいやっきょく れお,Chouzaiyakkyoku Reo,,"Mo,Tu,We,Th,Fr 08:30-17:30; Sa 08:30-12:30; Sa[1,2,5] off; PH off; Dec 29-Jan 03 off",,,,高知県室戸市領家８８－１,JP,高知県,,室戸市,,,領家,,,,厚生労働省 医療情報ネットのオープンデータ (2026-06-01),,,,
3955395009440,39,33.475719,133.284738,原データ,pharmacy,pharmacy,元氣堂調剤薬局とがの店,元氣堂調剤薬局とがの店,,げんきどうちょうざいやっきょくとがのてん,Gennkidoucyouzaiyakkyoku Toganoten,,"Mo,Tu,Th,Fr 08:30-17:00; We,Sa 08:30-12:00; PH off; Dec 30-Jan 03 off",,,,高知県高岡郡佐川町中組６９番６,JP,高知県,高岡郡,佐川町,,,中組,,,,厚生労働省 医療情報ネットのオープンデータ (2026-06-01),,,,
3955395009450,39,33.568719,133.537138,原データ,pharmacy,pharmacy,サンタ薬局,サンタ薬局,,さんたやっきょく,Santa Yakkyoku,,"Mo,Tu,We,Th,Fr 09:00-19:00; Sa,PH 09:00-18:00; Jan 01-Jan 03 off",,,,高知県高知市愛宕町,JP,高知県,,高知市,,,,,,,厚生労働省 医療情報ネットのオープンデータ (2026-06-01),,,愛宕町,
3955395009460,39,33.551696984,133.552966965,ジオコーディング,pharmacy,pharmacy,ドラッグセイムス潮江薬局,ドラッグセイムス潮江薬局,,どらっぐせいむすうしおえやっきょく,Doragguseimusu Usioeyakkyoku,,"Mo,Tu,We,Th,Fr 09:00-13:00,14:00-18:30; Sa 09:00-13:00,14:00-16:00; PH off; Dec 30-Jan 03 off",,,http://nishinihonseims.co.jp/modules/auth/index.php/index.html,高知県高知市北新田町１７ー１１,JP,高知県,,高知市,,,北新田町,17,11,,厚生労働省 医療情報ネットのオープンデータ (2026-06-01),,座標は住所から付与（位置レベル8）,,
3955395009470,39,33.511834,133.537192,原データ,pharmacy,pharmacy,マック横浜調剤薬局,マック横浜調剤薬局,,まっくよこはまちょうざいやっきょく,,Mac Yokohama Dispensing Pharmacy(Makku Yokohama Chouzai Yakkyoku),"Mo,Tu,We,Th,Fr,Sa 10:00-19:00; PH off",,,https://www.daiya-grp.co.jp/service/macchozai/,高知県高知市長浜９８６－３,JP,高知県,,高知市,,,長浜,,,,厚生労働省 医療情報ネットのオープンデータ (2026-06-01),,,,
3955395009480,39,33.55892,133.556559,原データ,pharmacy,pharmacy,ちより薬局,ちより薬局,,ちよりやっきょく,,Chiyori Pharmacy,"Mo,Tu,We,Th,Fr,Sa 08:30-17:30; PH off; Dec 31-Jan 03 off",,,http://www.shikoku-dsp.co.jp/,高知県高知市知寄町１丁目５番１７号,JP,高知県,,高知市,,,知寄町一丁目,5,17,,厚生労働省 医療情報ネットのオープンデータ (2026-06-01),,,,
3955395009490,39,33.171577,132.794489,原データ,pharmacy,pharmacy,にしとさ薬局,にしとさ薬局,,にしとさやっきょく,Nishitosa Yakkyoku,,"Mo,Tu,We,Th,Fr 08:30-18:00; PH off; Dec 28-Jan 03 off",,,,高知県四万十市西土佐用井１１１０ー２８,JP,高知県,,四万十市,,,西土佐用井,,,,厚生労働省 医療情報ネットのオープンデータ (2026-06-01),,,,
3955395009500,39,33.392588,132.924318,原データ,pharmacy,pharmacy,ゆすはら薬局,ゆすはら薬局,,ゆすはらやっきょく,,yusuhara pharmacy,"Mo,Tu,We,Th,Fr 08:30-18:00; PH off; Dec 29-Jan 03 off",,,https://www.marinegroup.jp/detail/%E3%82%86%E3%81%99%E3%81%AF%E3%82%89%E8%96%AC%E5%B1%80/,高知県高岡郡檮原町川西路２３０８番地,JP,高知県,高岡郡,檮原町,,,川西路,,,,厚生労働省 医療情報ネットのオープンデータ (2026-06-01),,,2308,
3955395009510,39,33.218495,132.897452,原データ,pharmacy,pharmacy,とおわ薬局,とおわ薬局,,とおわやっきょく,,Toowa Pharmacy,"Mo,Tu,We,Th,Fr 08:30-17:30; PH off; Dec 29-Jan 03 off",,,,高知県高岡郡四万十町昭和４７２番地３,JP,高知県,高岡郡,四万十町,,,昭和,,,,厚生労働省 医療情報ネットのオープンデータ (2026-06-01),,,,
3955395009520,39,33.561243,133.547963,原データ,pharmacy,pharmacy,金子漢方薬局,金子漢方薬局,,かねこかんぽうやっきょく,,,"Mo,Th,Fr,Sa,Su 09:00-18:00; PH off",,,https://kaneco-pharmacy.com/,高知県高知市桜井町１−５−３３,JP,高知県,,高知市,,,桜井町一丁目,5,33,,厚生労働省 医療情報ネットのオープンデータ (2026-06-01),,,,
3955395009530,39,33.41228,133.291654,原データ,pharmacy,pharmacy,マック須崎調剤薬局,マック須崎調剤薬局,,まっくすさきちょうざいやっきょく,,,"Mo,Tu,We,Th,Fr,Sa 09:30-13:00,14:00-18:30; PH off; Dec 31-Jan 03 off",,,,高知県須崎市西崎町６番１５号,JP,高知県,,須崎市,,,西崎町,6,15,,厚生労働省 医療情報ネットのオープンデータ (2026-06-01),yes,,,
3955395009560,39,32.987659,132.924132,原データ,pharmacy,pharmacy,よどや薬局 四万十渡川店,よどや薬局　四万十渡川店,,よどややっきょく しまんとわたりがわてん,Yodoyayakkyoku Shimantowatarigawaten,,"Mo,Tu,We,Th,Fr 09:00-13:00,14:00-18:00; PH off || off ""GW・年末年始は休診""",,,https://www.yodoyadrug.co.jp/index.html,高知県四万十市渡川３－１－６,JP,高知県,,四万十市,,,渡川三丁目,,,,厚生労働省 医療情報ネットのオープンデータ (2026-06-01),yes,照合する明細が無いため番地を出さない,,
3955395009570,39,33.558931,133.592116,原データ,pharmacy,pharmacy,マック高須調剤薬局,マック高須調剤薬局,,まっくたかすちょうざいやっきょく,Mactakasutyouzaiyakkyoku,,"Mo,Tu,We,Th,Fr,Sa 09:30-18:30; Sa[2,3,4,5] off; PH off; Dec 31-Jan 03 off",,,,高知県高知市高須東町６－３,JP,高知県,,高知市,,,高須東町,6,3,,厚生労働省 医療情報ネットのオープンデータ (2026-06-01),,,,
3955395009580,39,33.540809,133.48377,原データ,pharmacy,pharmacy,メディカル薬局うぐるす店,メディカル薬局うぐるす店,,めでぃかるやっきょくうぐるすてん,Medhikaruyakkyokuugurusuten,,"Mo,Tu,We,Th,Fr,Sa 08:30-18:00; Su 09:00-13:00; PH off",,,http://www.shikoku-dsp.co.jp/,高知県高知市鵜来巣１１－３８－１０,JP,高知県,,高知市,,,鵜来巣,11,38-10,,厚生労働省 医療情報ネットのオープンデータ (2026-06-01),,,,
3955395009590,39,33.570927898,133.534143206,ジオコーディング,pharmacy,pharmacy,ベル企画 ベル薬局 吉田店,有限会社　ベル企画　ベル薬局　吉田店,,,,,"Mo,Tu,We,Fr 09:00-18:00; Sa 09:00-13:00; PH off; Dec 30-Jan 03,May 03-May 05 off",,,https://www.belle-ph.com/,高知県高知市吉田町２番６号,JP,高知県,,高知市,,,吉田町,2,6,,厚生労働省 医療情報ネットのオープンデータ (2026-06-01),yes,座標は住所から付与（位置レベル8）,,
3955395009600,39,33.212808,133.136555,原データ,pharmacy,pharmacy,武田金草堂薬局,武田金草堂薬局,,たけだきんそうどうやっきょく,Takedakinsodoyakkyoku,,"Mo,Tu,We,Th,Fr 08:30-18:00; Sa 08:30-13:30; PH off; Dec 30-Jan 03 off",,,,高知県高岡郡四万十町北琴平町１－５,JP,高知県,高岡郡,四万十町,,,北琴平町,1,5,,厚生労働省 医療情報ネットのオープンデータ (2026-06-01),,,,
3955395009670,39,33.540609,133.493536,原データ,pharmacy,pharmacy,よどや薬局高知土佐道路店,よどや薬局高知土佐道路店,,よどややっきょくこうちとさどうろてん,Yodoyayakkyokukoutitosadouroten,,"Mo,Tu,We,Th,Fr 09:30-13:00,14:00-18:30; PH off; Jan 01-Jan 03 off",,,https://store.welcia.co.jp/welcia/spot/detail?code=4724D,高知県高知市朝倉甲４９３－１,JP,高知県,,高知市,,,朝倉甲,,,,厚生労働省 医療情報ネットのオープンデータ (2026-06-01),,,493-1,
3955395009680,39,33.569556,133.622401,原データ,pharmacy,pharmacy,アイン薬局 JA高知病院前店,アイン薬局　ＪＡ高知病院前店,,あいんやっきょく じぇいえいこうちびょういんまえてん,,Ain Pharmacy,"Mo,Tu,We,Th,Fr 08:30-18:30; Sa 08:30-17:00; PH off; Dec 29-Jan 03 off",,,http://www.ainj.co.jp,高知県南国市明見５３８－６,JP,高知県,,南国市,,,明見,,,,厚生労働省 医療情報ネットのオープンデータ (2026-06-01),,,,
3955395009720,39,33.574377,133.647498,原データ,pharmacy,pharmacy,西田順天堂薬局 日章店,西田順天堂薬局　日章店,,にしだじゅんてんどうやっきょく にっしょうてん,Nishidajyuntendouyakkyoku Nissyouten,,"Mo,Tu,We,Fr 09:00-18:00; Th,Sa 09:00-13:00; PH off; Dec 30-Jan 03 off",,,https://www.nishida-ph.net,高知県南国市田村乙２０４０－３,JP,高知県,,南国市,,,田村乙,,,,厚生労働省 医療情報ネットのオープンデータ (2026-06-01),,,2040-3,
3955395009740,39,33.550726,133.498712,原データ,pharmacy,pharmacy,なの花薬局高知鴨部店,なの花薬局高知鴨部店,,なのはなやっきょくこうちかもべてん,,,"Mo,Tu,We,Th,Fr 09:00-18:00; Sa 09:00-13:00; PH off",,,https://www.nanohana-ph.jp/shop/chugoku-shikoku/kochi/kochi/kochikamobe.php,高知県高知市鴨部上町７－７,JP,高知県,,高知市,,,鴨部上町,7,7,,厚生労働省 医療情報ネットのオープンデータ (2026-06-01),,,,
3955395009770,39,33.57336,133.654523,原データ,pharmacy,pharmacy,マックごめん調剤薬局,マックごめん調剤薬局,,まっくごめんちょうざいやっきょく,,,"Mo,Tu,We,Th,Fr,Sa 09:30-14:00,15:00-18:30",,,,高知県南国市大そね甲７５１－１,JP,高知県,,南国市,,,,,,,厚生労働省 医療情報ネットのオープンデータ (2026-06-01),yes,,大そね甲751-1,
3955395009780,39,33.018613,133.000953,原データ,pharmacy,pharmacy,すみれ薬局くろしお店,すみれ薬局くろしお店,,すみれやっきょくくろしおてん,Sumireyakkyokukuroshiotenn,,"Mo,Tu,We,Th,Fr 09:00-18:00; Sa 09:00-12:30; PH off",,,,高知県幡多郡黒潮町入野５５８－１,JP,高知県,幡多郡,黒潮町,,,入野,,,,厚生労働省 医療情報ネットのオープンデータ (2026-06-01),,,,
3955395009790,39,33.541614,133.511301,原データ,pharmacy,pharmacy,よどや薬局高知神田店,よどや薬局高知神田店,,よどややっきょくこうちこうだてん,,,"Mo,Tu,We,Th,Fr 09:00-13:30,14:30-19:00; Sa 09:00-13:00,14:00-18:00; PH off",,,https://www.yodoyadrug.co.jp/privacy.html,高知県高知市神田１２０４ー１,JP,高知県,,高知市,,,神田,,,,厚生労働省 医療情報ネットのオープンデータ (2026-06-01),,,,
3955395009800,39,33.561566,133.554452,原データ,pharmacy,pharmacy,ドラッグセイムス高知宝永薬局,ドラッグセイムス高知宝永薬局,,どらっぐせいむすこうちほうえいやっきょく,,,"Mo,Tu,We,Th,Fr,Sa 09:00-13:00,14:00-18:00; PH off",,,,高知県高知市宝永町７－３３,JP,高知県,,高知市,,,宝永町,7,33,,厚生労働省 医療情報ネットのオープンデータ (2026-06-01),,,,
3955395009810,39,33.552199666,133.547569122,ジオコーディング,pharmacy,pharmacy,よどや薬局高知潮江店,よどや薬局高知潮江店,,よどややっきょくこうちうしおえてん,,,"Mo,Tu,We,Th,Fr 09:00-13:00,14:00-18:00; PH off",,,,高知県高知市潮新町１７－２０,JP,高知県,,高知市,,,潮新町一丁目,7,20,,厚生労働省 医療情報ネットのオープンデータ (2026-06-01),,座標は住所から付与（位置レベル8）,,
3955395009820,39,33.515818,133.535741,原データ,pharmacy,pharmacy,あじさい薬局 横浜新町店,あじさい薬局　横浜新町店,,あじさいやっきょくよこはましんまちてん,Ajisaiyakkyokuyokohamasinmachitenn,,"Mo,Tu,We,Fr,Sa 09:00-18:00; Th 09:00-17:00; PH off",,,https://www.drug-kuroshio.co.jp/index.html,高知県高知市横浜新町４－２２１０,JP,高知県,,高知市,,,横浜新町四丁目,,,,厚生労働省 医療情報ネットのオープンデータ (2026-06-01),,,,
3955395009830,39,33.559503,133.551438,原データ,pharmacy,pharmacy,ブロード調剤薬局 城見店,ブロード調剤薬局　城見店,,ぶろーどちょうざいやっきょく しろみてん,Broadtyouzaiyakkyoku Shiromitenn,,"Mo,Tu,We,Th,Fr 08:30-17:30; Sa 08:30-12:30; Dec 30-Jan 03 off",,,https://www.shikoku-dsp.co.jp/,高知県高知市城見町３－２７,JP,高知県,,高知市,,,城見町,3,27,,厚生労働省 医療情報ネットのオープンデータ (2026-06-01),,,,
3955395009840,39,32.992972,132.934792,原データ,pharmacy,pharmacy,京町薬局,京町薬局,,きょうまちやっきょく,Kyomachi Yakkyoku,,"Mo,Tu,We,Th,Fr 09:00-18:00; Sa 09:00-13:00; PH off; Dec 29-Jan 01 off",,,https://sumire-pharmacy.com/stores/,高知県四万十市中村一条通１丁目３９番,JP,高知県,,四万十市,,,中村一条通一丁目,,,,厚生労働省 医療情報ネットのオープンデータ (2026-06-01),,,,
3955395009860,39,33.580379986,133.562465994,ジオコーディング,pharmacy,pharmacy,つちばし薬局 あぞの店,つちばし薬局　あぞの店,,つちばしやっきょく あぞのてん,,,"Mo,Tu,Th,Fr 08:30-18:30; We 08:30-16:30; Sa 08:30-13:00; PH off; Dec 30-Jan 03 off || off ""GWは休診""",,,http://www.tsuchibashi.co.jp/,高知県高知市薊野東町１－５０,JP,高知県,,高知市,,,薊野東町,1,50,,厚生労働省 医療情報ネットのオープンデータ (2026-06-01),,座標は住所から付与（位置レベル8）,,
3955395009900,39,33.564914438,133.563499111,ジオコーディング,pharmacy,pharmacy,くろしお薬局ござ店,くろしお薬局ござ店,,くろしおやっきょくござてん,Kuroshioyattukyokugozaten,,"Mo,Tu,We,Fr 09:00-18:00; Sa 09:00-17:00; PH off",,,,高知県高知市南御座３－２９,JP,高知県,,高知市,,,南御座,3,29,,厚生労働省 医療情報ネットのオープンデータ (2026-06-01),,座標は住所から付与（位置レベル8）,,
3955395009910,39,33.559659,133.522137,原データ,pharmacy,pharmacy,ひまわり薬局 高知店,ひまわり薬局　高知店,,ひまわりやっきょく こうちてん,,,"Mo,Tu,Th,Fr 09:00-18:00; We 09:00-18:30; Sa 09:00-15:00; PH off; Dec 31-Jan 03 off",,,https://ship-ph.co.jp/,高知県高知市西町１０９番,JP,高知県,,高知市,,,西町,,,,厚生労働省 医療情報ネットのオープンデータ (2026-06-01),,,,
3955395009920,39,33.557992361,133.526521027,ジオコーディング,pharmacy,pharmacy,ブルークロス調剤薬局 上町店,ブルークロス調剤薬局　上町店,,ぶるーくろすちょうざいやっきょく かみまちてん,,,"Mo,Tu,We,Th,Fr 09:00-18:00; Sa 09:00-13:00; PH off; Dec 30-Jan 03 off",,,http://www.bluecross.co.jp/,高知県高知市上町１－４－３２　中平ビル西館　１階,JP,高知県,,高知市,,,上町一丁目,4,32,,厚生労働省 医療情報ネットのオープンデータ (2026-06-01),yes,座標は住所から付与（位置レベル8）,中平ビル西館 1階,
3955395009930,39,33.556336,133.537018,原データ,pharmacy,pharmacy,あおき薬局,あおき薬局,,あおきやっきょく,Aokiyakyoku,,"Mo,Tu,We,Th,Fr 08:30-18:00; Sa 08:30-13:00 || off ""年末年始は休診""",,,https://www.shikoku-dsp.co.jp/,高知県高知市鷹匠町１丁目１－９,JP,高知県,,高知市,,,鷹匠町一丁目,1,9,,厚生労働省 医療情報ネットのオープンデータ (2026-06-01),,,,
3955395009960,39,33.558562,133.572498,原データ,pharmacy,pharmacy,あっぷる薬局,ブロード調剤　あっぷる薬局,,,,,"Mo,Tu,We,Th,Fr 08:45-17:45; Sa 09:00-17:00; PH off; Dec 31-Jan 03 off",,,https://www.shikoku-dsp.co.jp/,高知県高知市葛島１丁目１０番７５号,JP,高知県,,高知市,,,葛島一丁目,10,75,,厚生労働省 医療情報ネットのオープンデータ (2026-06-01),yes,,,
3955395009990,39,32.780237,132.95352,原データ,pharmacy,pharmacy,メディカル薬局清水店,メディカル薬局清水店,,めでぃかるやっきょくしみずてん,,medicalyakkyokushimizuten,,,,https://medicalchozai.jp/,高知県土佐清水市幸町４－１ニューヴァレ―マンション１Ｆ,JP,高知県,,土佐清水市,,,幸町,,,,厚生労働省 医療情報ネットのオープンデータ (2026-06-01),yes,地番のため addr:block_number と addr:housenumber を出さない,ニューヴァレ―マンション1F,
3955395010000,39,33.407818,133.287163,原データ,pharmacy,pharmacy,よどや薬局 須崎大間東店,よどや薬局　須崎大間東店,,よどややっきょく すさきおおまひがしてん,,,"Mo,Tu,We,Fr 09:00-13:00,14:00-18:00; Th 09:00-13:00,14:00-17:30; PH off",,,,高知県須崎市大間東町４－３７,JP,高知県,,須崎市,,,大間東町,4,37,,厚生労働省 医療情報ネットのオープンデータ (2026-06-01),,,,
