ID,都道府県コード,lat,lon,座標の出典,amenity,healthcare,name,official_name,short_name,name:ja-Hira,name:ja-Latn,name:en,opening_hours,healthcare:speciality,emergency,website,addr:full,addr:country,addr:province,addr:county,addr:city,addr:suburb,addr:quarter,addr:neighbourhood,addr:block_number,addr:housenumber,beds,source,要確認,備考,未解釈の文字列,fixme の内容
3922393101010,39,33.557533,133.620162,原データ,doctors,doctor,潮見台診療所,潮見台診療所,潮見台診療所,しおみだいしんりょうしょ,,Shiomidai Clinic,"Mo,Tu,We,Th,Fr 09:00-12:00,16:00-18:00; Sa 09:00-12:00; PH off; Dec 29-Jan 03 off",internal;paediatrics,,http://www.kcb-net.ne.jp/norim,高知県高知市潮見台,JP,高知県,,高知市,,,,,,,厚生労働省 医療情報ネットのオープンデータ (2026-06-01),yes,opening_hours から14件を除いた（開始と終了が同一。実質NULL）: 土 内科 00:00-00:00、月 内科 00:00-00:00 他12件,潮見台,
3922393101140,39,33.552813,133.551282,原データ,doctors,doctor,ふないキッズクリニック,ふないキッズクリニック,ふないキッズクリニック,ふないきっずくりにっく,,Funaikids clinic,"Mo,Tu,We,Fr 09:00-12:30,14:00-18:00; Th,Sa 09:00-12:30; PH off; Dec 30-Jan 03 off",paediatrics,,https://funaikids.com,高知県高知市北新田町,JP,高知県,,高知市,,,北新田町,,,,厚生労働省 医療情報ネットのオープンデータ (2026-06-01),,,,
3922393101850,39,33.556779,133.507671,原データ,doctors,doctor,山下脳神経外科,山下脳神経外科,山下脳外科,やましたのうしんけいげか,,,"Tu,Th,Fr 09:00-12:30,14:00-18:00; We 09:00-12:30; Sa 09:00-13:00; PH off; Dec 29-Jan 03 off",internal;neurology;neurosurgery,,https://www.yamashitanoushinkeigeka.com/,高知県高知市南元町,JP,高知県,,高知市,,,南元町,,,,厚生労働省 医療情報ネットのオープンデータ (2026-06-01),,,,
3922393102150,39,33.549425,133.54443,原データ,doctors,doctor,吉村神経内科リハビリクリニック,吉村神経内科リハビリクリニック,吉村神経内科リハビリクリニック,よしむらしんけいないかりはびりくりにっく,,Yoshimura Neurology and Rhehabiritation Clinic,"Mo,Tu,We,Th,Fr 08:30-12:00,13:30-17:30; PH off; Dec 30-Jan 03 off",internal;neurology;physiatry,,,高知県高知市百石町２丁目２番１号,JP,高知県,,高知市,,,百石町二丁目,2,1,,厚生労働省 医療情報ネットのオープンデータ (2026-06-01),,,,
3922393102440,39,33.560254,133.534409,原データ,doctors,doctor,メディカルカウンセリングルームいとうクリニック,メディカルカウンセリングルームいとうクリニック,いとうクリニック,めでぃかるかうんせりんぐるーむいとうくりにっく,,Itoh Clinic,"Mo,Tu,Th,Fr 09:00-12:00,16:00-18:30; We 14:00-18:30; Sa 09:00-12:00; PH off; Dec 29-Jan 04,Aug 09-Aug 15 off",psychiatry,,http://www.itohclinic.jp,高知県高知市追手筋２丁目７番８号レジデンス大手前Ａ５０３,JP,高知県,,高知市,,,追手筋二丁目,7,8,,厚生労働省 医療情報ネットのオープンデータ (2026-06-01),,,レジデンス大手前A503,
3922393102600,39,33.558782,133.533823,原データ,doctors,doctor,谷田内科クリニック,谷田内科クリニック,谷田内科クリニック,たにだないかくりにっく,,TANIDA Internal Medical Clinic,"Mo,Tu,We,Fr 07:30-16:00; Th 07:30-12:00; PH off; Dec 29-Jan 03 off",internal;allergology,,http://www.tanidanaika.com/,高知県高知市本町４ー１ー５２　本町ＭＬプラザ１Ｆ,JP,高知県,,高知市,,,本町四丁目,1,52,,厚生労働省 医療情報ネットのオープンデータ (2026-06-01),,,本町MLプラザ1F,
3922393102730,39,33.567787,133.555379,原データ,doctors,doctor,たかさきクリニック胃腸科内科,たかさきクリニック胃腸科内科,たかさきクリニック,たかさきくりにっくいちょうかないか,,Takasaki Clinic,"Mo,Tu,We,Fr 09:00-18:30; Th 09:00-13:00; Sa 09:00-15:00; PH off",internal;gastroenterology;paediatrics,,http://endoscopy.jp/,高知県高知市杉井流２番３２号,JP,高知県,,高知市,,,杉井流,2,32,,厚生労働省 医療情報ネットのオープンデータ (2026-06-01),,,,
3922393102990,39,33.568897,133.5434,原データ,doctors,doctor,くすのせ形成外科,くすのせ形成外科,くすのせ形成外科,くすのせけいせいげか,,Kusunose Skin Surgery Clinic,"Mo,Tu,Th,Fr,Sa 10:00-13:00,14:30-18:30; PH off; Dec 24 off",plastic_surgery;dermatology,,https://kusunose-clinic.jp/,高知県高知市新本町１丁目１４ー３　メディパーク高知駅２階,JP,高知県,,高知市,,,新本町一丁目,14,3,,厚生労働省 医療情報ネットのオープンデータ (2026-06-01),,,メディパーク高知駅2階,
3922393103160,39,33.569465386,133.554890251,ジオコーディング,doctors,doctor,レディスクリニックコスモス,レディスクリニックコスモス,レディスクリニックコスモス,れでぃすくりにっくこすもす,,Ladys clinic cosmos,"Mo,Tu,Th,Fr,Sa 09:00-18:00; We 09:00-13:00; PH off; Dec 29-Jan 03 off",gynaecology;fertility,,https://www.lccosmos.jp/,高知県高知市杉井流６－２７,JP,高知県,,高知市,,,杉井流,6,27,,厚生労働省 医療情報ネットのオープンデータ (2026-06-01),yes,"元データの座標 33.561318, 133.538111 がジオコーダ座標から1,799m離れているため、ジオコーダ座標を採用",,
3922393103320,39,33.538007,133.544336,原データ,doctors,doctor,塩見クリニック,塩見クリニック,塩見クリニック,しおみくりにっく,,Siomi Clinic,"Mo,Tu,We,Th,Fr 09:00-12:30,15:00-18:30; Sa 09:00-12:30; PH off; Dec 30-Jan 03 off",internal;paediatrics,,http://www.siomiclinic.com/,高知県高知市六泉寺町,JP,高知県,,高知市,,,六泉寺町,,,,厚生労働省 医療情報ネットのオープンデータ (2026-06-01),yes,opening_hours から10件を除いた（開始と終了が同一。実質NULL）: 月 内科 00:00-00:00、火 内科 00:00-00:00 他8件,,
3922393103900,39,33.555834,133.510891,原データ,doctors,doctor,藤田クリニック,藤田クリニック,藤田クリニック,ふじたくりにっく,,Fujita Clinic,"Mo,We,Fr 10:00-12:30,15:00-18:00; Tu,Sa 10:00-12:30; PH off; Jan 02-Jan 03,Dec 31 off",urology,,https://peraichi.com/landing_pages/view/fujita/,高知県高知市旭町２丁目２３ー３５,JP,高知県,,高知市,,,旭町二丁目,,,,厚生労働省 医療情報ネットのオープンデータ (2026-06-01),yes,opening_hours から5件を除いた（開始と終了が同一。実質NULL）: 月 泌尿器科 00:00-00:00、火 泌尿器科 00:00-00:00 他3件,,
3922393104170,39,33.542832,133.542547,原データ,doctors,doctor,うしおえ太陽クリニック,うしおえ太陽クリニック,うしおえ太陽クリニック,うしおえたいようくりにっく,,UsihoetaiyouClinic,"Mo,Tu,Th,Fr 09:00-12:30,13:30-17:45; We,Sa 09:00-12:45; PH off; Dec 30-Jan 03 off",internal;surgery;orthopaedics;physiatry,,https://www.taiyou-clinic.jp/,高知県高知市竹島町１３ー１　うしおえメディカルビル・イーア２Ｆ,JP,高知県,,高知市,,,竹島町,,,,厚生労働省 医療情報ネットのオープンデータ (2026-06-01),,,うしおえメディカルビル・イーア2F,
3922393104200,39,33.542832,133.542547,原データ,doctors,doctor,まさおか眼科,まさおか眼科,まさおか眼科,まさおかがんか,,Masaoka Eye Clinic,"Mo,Tu,Th,Fr 09:00-12:30,14:00-17:30; We 09:00-12:30; Sa 09:00-12:30,14:00-16:00; PH off",ophthalmology,,,高知県高知市竹島町１３－１　うしおえメディカルビルイーア２階,JP,高知県,,高知市,,,竹島町,,,,厚生労働省 医療情報ネットのオープンデータ (2026-06-01),,,うしおえメディカルビルイーア2階,
3922393104460,39,33.551553,133.5449,原データ,doctors,doctor,はまだ小児科,医療法人慈孝会　はまだ小児科,はまだ小児科,,,,"Mo,Tu,We,Fr,Sa 09:00-12:30,14:00-18:00; Th 09:00-12:30; PH off",paediatrics,,https://www.hamadakids.com,高知県高知市桟橋通１丁目１３番６号,JP,高知県,,高知市,,,桟橋通一丁目,13,6,,厚生労働省 医療情報ネットのオープンデータ (2026-06-01),,,,
3922393104750,39,33.557843,133.518266,原データ,doctors,doctor,永野耳鼻咽喉科・アレルギー科医院,永野耳鼻咽喉科・アレルギー科医院,永野耳鼻咽喉科・アレルギー科,ながのじびいんこうかあれるぎーかいいん,Nagano Jibiinkouka Arerugika,,"Mo,Tu,Th,Fr 09:00-12:15,14:00-18:15; We 09:00-12:15; Sa 09:00-12:15,14:00-16:15; PH off; Dec 29-Jan 03 off",otolaryngology;allergology,,,高知県高知市上町５−２−１４,JP,高知県,,高知市,,,上町五丁目,2,14,,厚生労働省 医療情報ネットのオープンデータ (2026-06-01),,,,
3922393105050,39,33.548075,133.548449,原データ,doctors,doctor,松本クリニック,松本クリニック,松本クリニック,まつもとくりにっく,,Matsumoto Clinic,"Mo,Tu,We,Fr 09:00-12:30,14:00-18:00; Th 09:00-12:30; Sa 09:00-12:30,14:00-17:00; PH off; Dec 31-Jan 03 off",otolaryngology;dermatology;urology,,,高知県高知市桟橋通２丁目７ー１１,JP,高知県,,高知市,,,桟橋通二丁目,7,11,,厚生労働省 医療情報ネットのオープンデータ (2026-06-01),,,,
3922393105890,39,33.568015,133.554784,原データ,doctors,doctor,かわむらクリニック整形外科,かわむらクリニック整形外科,かわむらクリニック整形外科,かわむらくりにっくせいけいげか,,Kawamura clinic orthopedic suvgery,,orthopaedics;rheumatology;physiatry,,http://www.kawamura-cl.jp,高知県高知市杉井流１－５,JP,高知県,,高知市,,,杉井流,1,5,,厚生労働省 医療情報ネットのオープンデータ (2026-06-01),yes,opening_hours をタグ出力していない。営業日の月火水木金土曜に時刻の記載が無い,,
3922393105920,39,33.542832,133.542547,原データ,doctors,doctor,ひらた皮フ科,ひらた皮フ科,ひらた皮フ科,ひらたひふか,,Hirata Dermatological Clinic,"Mo,Tu,Th 09:00-13:00,15:00-18:00; We,Sa 09:00-13:00; PH off; Dec 30-Jan 03,Oct 13 off",dermatology,,,高知県高知市竹島町１３−１　うしおえメディカルビル・イーア４階,JP,高知県,,高知市,,,竹島町,,,,厚生労働省 医療情報ネットのオープンデータ (2026-06-01),,,うしおえメディカルビル・イーア4階,
3922393106060,39,33.500303,133.54819,原データ,clinic,clinic,クリニックひろと,クリニックひろと,クリニックひろと,くりにっくひろと,,Clinic Hiroto,"Mo,Tu,We,Fr,Sa 09:00-12:00,14:00-17:30; Th 09:00-12:00; PH off; Dec 31-Jan 03 off",internal;endocrinology;pulmonology;cardiology;gastroenterology;nephrology;neurology;orthopaedics;dermatology;rheumatology;physiatry;diagnostic_radiology,,http://www.c-hiroto.jp,高知県高知市長浜,JP,高知県,,高知市,,,長浜,,,19,厚生労働省 医療情報ネットのオープンデータ (2026-06-01),,,,
3922393106510,39,33.565378,133.536736,原データ,doctors,doctor,依光内科クリニック,依光内科クリニック,依光内科クリニック,よりみつないかくりにっく,,YORIMITSU CLINIC of MEDICINE,"Mo,Tu,We,Fr 08:30-12:30,14:00-17:30; Th,Sa 08:30-12:30; PH off",internal,,,高知県高知市愛宕町１丁目２ー２２,JP,高知県,,高知市,,,愛宕町一丁目,2,22,,厚生労働省 医療情報ネットのオープンデータ (2026-06-01),,,,
3922393106640,39,33.556476,133.507175,原データ,doctors,doctor,らくだクリニック,らくだクリニック,らくだクリニック,らくだくりにっく,,Rakuda Clinic,"Mo 09:00-14:30; Tu,We,Fr,Sa 09:00-12:30,14:00-19:00; Th 09:00-13:30; PH off; Jan 03,Dec 31 off",psychiatry,,http://rakuda-clinic.com,高知県高知市南元町３０番地,JP,高知県,,高知市,,,南元町,,,,厚生労働省 医療情報ネットのオープンデータ (2026-06-01),,,,
3922393107070,39,33.563684,133.554615,原データ,doctors,doctor,クリニック地球33番地,クリニック地球３３番地,クリニック地球３３番地,くりにっく ちきゅう33ばんち,,clinic tikyu sanjusanbanchi,"Mo,Tu,Th,Fr 09:00-12:30,14:00-18:00; We 09:00-12:30; Sa 09:00-14:00; PH off; Dec 30-Jan 03,Aug 15 off",internal;gastroenterology;hepatology,,http://earth-33.com,高知県高知市北本町４ー４ー６１,JP,高知県,,高知市,,,北本町四丁目,4,61,,厚生労働省 医療情報ネットのオープンデータ (2026-06-01),,,,
3922393107100,39,33.543164,133.501848,原データ,doctors,doctor,大崎眼科,大崎眼科,大崎眼科,おおさきがんか,,Osaki ophthalmic clinic,"Mo,Tu,Th,Fr 09:00-12:30,14:00-17:30; We,Sa 09:00-12:30; PH off; Dec 31-Jan 03,Aug 10,Aug 13,Dec 29 off",ophthalmology,,,高知県高知市朝倉甲６０ー１,JP,高知県,,高知市,,,朝倉甲,,,,厚生労働省 医療情報ネットのオープンデータ (2026-06-01),,,60-1,
3922393107360,39,33.54761,133.504709,原データ,clinic,clinic,快聖クリニック,医療法人成仁会　快聖クリニック,医療法人成仁会　快聖クリニック,,,kaiseiclinic,"Mo,We,Fr 09:00-12:00,14:00-18:00; Tu,Th 09:00-12:00; PH off; Dec 29-Jan 03 off",internal;nephrology;dialysis;surgery;urology,,https://www.kaisei-clinic.com/,高知県高知市鴨部１０８５－１,JP,高知県,,高知市,,,鴨部,,,19,厚生労働省 医療情報ネットのオープンデータ (2026-06-01),yes,営業曜日と時刻が食い違う曜日が1件。曜日フラグを採用（営業日と同一時刻のため一律入力とみなす）,,
3922393107490,39,33.558897,133.586845,原データ,doctors,doctor,きたじま内科クリニック,きたじま内科クリニック,きたじま内科クリニック,きたじまないかくりにっく,,KitajimaNaikaClinic,"Mo,Tu,Th,Fr 09:00-12:30,14:00-18:00; We,Sa 09:00-12:30; PH off; Dec 30-Jan 03 off",internal;pulmonology;cardiology;gastroenterology,,,高知県高知市高須２ー５ー２２,JP,高知県,,高知市,,,高須二丁目,5,22,,厚生労働省 医療情報ネットのオープンデータ (2026-06-01),,,,
3922393107650,39,33.568589,133.5085,原データ,doctors,doctor,福井診療所内科消化器科,医療法人　三和会　福井診療所内科消化器科,福井診療所内科消化器科,,,fukui-clinic,"Mo,Tu,We,Fr 09:00-12:30,13:30-17:00; Th,Sa 09:00-12:30; PH off; Dec 30-Jan 03 off",internal;gastroenterology,,https://fukuiclinic-kochi.jp/index.html,高知県高知市福井扇町１１７８ー１,JP,高知県,,高知市,,,福井扇町,,,,厚生労働省 医療情報ネットのオープンデータ (2026-06-01),yes,地番のため addr:block_number と addr:housenumber をタグ出力していない,,
3922393108080,39,33.549836,133.546072,原データ,doctors,doctor,島崎クリニック,島崎クリニック,島崎クリニック,しまさきくりにっく,,Shimasaki Clinic,"Mo,Tu,We 08:45-12:30,13:00-18:00; Th 08:45-12:30,13:00-17:30; Fr 09:00-12:30,14:00-18:00; Sa 09:00-12:30,14:00-16:00; PH off; Jan 02-Jan 03,Aug 13-Aug 15,Dec 30-Dec 31 off",internal;venereology;nephrology;paediatrics;dermatology;urology,,http://www.simasakiclinic.net/,高知県高知市桟橋通２ー１２ー５,JP,高知県,,高知市,,,桟橋通二丁目,12,5,,厚生労働省 医療情報ネットのオープンデータ (2026-06-01),,,,
3922393108110,39,33.561318,133.538111,原データ,doctors,doctor,Dr.オヤマ診療所,Ｄｒ．オヤマ診療所,Ｄｒ．オヤマ診療所,どくたーおやましんりょうじょ,,Dr.Oyama Clinic,"Mo,Th 09:00-12:30,14:00-17:00; Tu,Fr 09:00-12:30; We,Sa 09:00-12:00; PH off; Dec 29-Jan 03 off",internal;traditional_chinese_medicine;allergology;anaesthetics,,http://dr-oyama.org/,高知県高知市追手筋１－９－２２,JP,高知県,,高知市,,,追手筋一丁目,9,22,,厚生労働省 医療情報ネットのオープンデータ (2026-06-01),yes,休診日の記述「水曜午後水曜隔週で午前」を opening_hours に変換できていない,,
3922393108240,39,33.542813,133.486866,原データ,doctors,doctor,やまかわ乳腺クリニック,やまかわ乳腺クリニック,やまかわ乳腺クリニック,やまかわにゅうせんくりにっく,,yamakawa breast clinic,"Mo,We 09:00-13:00,15:00-18:00; Tu,Th 09:00-13:00; Fr 15:00-18:00; Sa 09:00-12:00,13:00-15:00; PH off; Dec 30-Jan 03,Aug 13-Aug 15 off",internal;surgery,,http://www.yamakawa-nyusen.jp,高知県高知市若草町１５番４５号,JP,高知県,,高知市,,,若草町,15,45,,厚生労働省 医療情報ネットのオープンデータ (2026-06-01),,,,
3922393108530,39,33.573089,133.596554,原データ,doctors,doctor,こまつ眼科,こまつ眼科,こまつ眼科,こまつがんか,,Komatsu eye clinic,"Mo,We,Th,Fr 09:00-12:30,14:00-17:30; Tu 09:00-12:00; Sa 09:00-12:30; PH off; Dec 29-Jan 03,Aug 07-Aug 09,Aug 12 off",ophthalmology,,http://www.komatsu-eye-clinic.jp,高知県高知市大津乙１０１８番地１,JP,高知県,,高知市,,,大津乙,,,,厚生労働省 医療情報ネットのオープンデータ (2026-06-01),,,1018-1,
3922393108660,39,33.549236,133.54534,原データ,doctors,doctor,桟橋みどりクリニック,桟橋みどりクリニック,桟橋みどりクリニック,さんばしみどりくりにっく,,,"Mo 09:00-12:30,14:00-18:00; Tu,Th 09:30-12:30,14:00-18:00; We 09:00-12:30; Fr 09:30-12:30,14:00-17:00; Sa 09:00-12:30,14:00-16:00; PH off; Dec 27-Jan 04,May 16,Jun 13,Jul 11,Aug 09,Sep 19,Oct 03,Nov 14,Dec 12 off",psychiatry,,http://san-mido-clinic.com/,高知県高知市百石町２－８－８,JP,高知県,,高知市,,,百石町二丁目,8,8,,厚生労働省 医療情報ネットのオープンデータ (2026-06-01),yes,休診日の記述「~15日」を opening_hours に変換できていない,,
3922393108790,39,33.552282,133.494899,原データ,doctors,doctor,たむら内科クリニック,たむら内科クリニック,たむら内科クリニック,たむらないかくりにっく,,Tamura Medical Clinic,"Mo,Tu,Th,Fr 08:30-12:30,14:00-18:00; Sa 08:30-12:30; PH off",internal;pulmonology;cardiology,,http://tamura-medic.jp,高知県高知市曙町一丁目１ー２０,JP,高知県,,高知市,,,曙町一丁目,,,,厚生労働省 医療情報ネットのオープンデータ (2026-06-01),yes,opening_hours から12件を除いた（開始と終了が同一。実質NULL）: 月 内科 00:00-00:00、火 内科 00:00-00:00 他10件 / 番地が住居表示にも地番にも見つからないため addr:block_number と addr:housenumber をタグ出力していない,,
3922393109120,39,33.561701,133.596275,原データ,doctors,doctor,むくした耳鼻咽喉科,むくした耳鼻咽喉科,むくした耳鼻咽喉科,むくしたじびいんこうか,Mukushita Jibiinkoka,,"Mo,Tu,We,Fr 09:00-12:00,14:00-17:30; Th 09:00-12:00; Sa 09:00-13:00; PH off; Dec 29-Jan 03 off",otolaryngology,,https://park.paa.jp,高知県高知市介良乙１０４９　高知東メディカルスクエア３階,JP,高知県,,高知市,,,介良乙,,,,厚生労働省 医療情報ネットのオープンデータ (2026-06-01),,website に https を補った: park.paa.jp,1049 高知東メディカルスクエア3階,
3922393109250,39,33.561701,133.596277,原データ,doctors,doctor,なかやまクリニック内科・循環器科,なかやまクリニック内科・循環器科,なかやまクリニック,なかやまくりにっくないかじゅんかんきか,,nakayama clinic,"Mo,We 09:00-12:30,14:00-18:00; Tu,Fr 09:00-12:30,14:00-19:00; Sa 09:00-12:30,13:30-16:30; PH off; Dec 30-Jan 03 off",internal;cardiology,,http://www.nakayamaclinic.com/0606/,高知県高知市介良乙１０４９　高知東メディカルスクエア３Ｆ,JP,高知県,,高知市,,,介良乙,,,,厚生労働省 医療情報ネットのオープンデータ (2026-06-01),,,1049 高知東メディカルスクエア3F,
3922393109380,39,33.551417,133.553982,原データ,doctors,doctor,ながの内科クリニック,ながの内科クリニック,ながの内科クリニック,ながのないかくりにっく,,nagano clinic,"Mo,Tu,Th,Fr 09:00-12:30,13:30-17:30; We 09:00-12:30; Sa 09:00-13:00; PH off; Dec 30-Jan 03 off",internal;neurology,,https://nagano-naika-kc.com/,高知県高知市新田町,JP,高知県,,高知市,,,新田町,,,,厚生労働省 医療情報ネットのオープンデータ (2026-06-01),yes,opening_hours から12件を除いた（開始と終了が同一。実質NULL）: 月 内科 00:00-00:00、火 内科 00:00-00:00 他10件,,
3922393109400,39,33.516254,133.535385,原データ,doctors,doctor,かわず皮フ科,かわず皮フ科,かわず皮フ科,かわずひふか,Kawazu Hifuka,,"Mo,Tu,We,Fr,Sa 09:00-12:30,14:30-18:00; PH off; Dec 30-Jan 03 off",dermatology,,,高知県高知市横浜新町,JP,高知県,,高知市,,,,,,,厚生労働省 医療情報ネットのオープンデータ (2026-06-01),yes,opening_hours から5件を除いた（開始と終了が同一。実質NULL）: 月 皮膚科 00:00-00:00、火 皮膚科 00:00-00:00 他3件 / 町字が入力と別のものになったため addr:neighbourhood をタグ出力していない。修正候補: 横浜新町,新町,
3922393109410,39,33.54508,133.511509,原データ,doctors,doctor,おがわハートクリニック,おがわハートクリニック,おがわハートクリニック,おがわはーとくりにっく,,Ogawa Heart Clinic,"Mo,Tu,Th,Fr 09:00-12:30,14:00-18:00; We,Sa 09:00-12:30; PH off; Dec 30-Jan 03 off",internal;cardiology,,https://www.ogawaheartclinic.com/,高知県高知市神田８４０ー１,JP,高知県,,高知市,,,神田,,,,厚生労働省 医療情報ネットのオープンデータ (2026-06-01),,,,
3922393109540,39,33.557629,133.523696,原データ,doctors,doctor,アズマ耳鼻咽喉科・アレルギー科,アズマ耳鼻咽喉科・アレルギー科,アズマ耳鼻咽喉科・アレルギー科,あずまじびいんこうかあれるぎーか,,Azuma ENT&allergy clinic,"Mo,Sa 08:30-12:00; Tu,We,Fr 08:30-12:00,14:00-17:30; PH off; Jan 01-Jan 03 off",otolaryngology;allergology,,http://www.jibika-clinic.com,高知県高知市上町２ー２ー１６,JP,高知県,,高知市,,,上町二丁目,2,16,,厚生労働省 医療情報ネットのオープンデータ (2026-06-01),,,,
3922393109670,39,33.568525,133.508742,原データ,doctors,doctor,ふみの皮フ科,医療法人元史会　ふみの皮フ科,ふみの皮フ科,,,fumino dermatological clinic,"Mo,Tu,We,Fr 09:00-12:30,14:00-18:00; Sa 09:00-12:30,14:00-17:00; PH off; Dec 31-Jan 03 off || off ""GWは休診""",plastic_surgery;dermatology,,http://www.fumino.jp,高知県高知市福井扇町１１７８－３,JP,高知県,,高知市,,,福井扇町,,,,厚生労働省 医療情報ネットのオープンデータ (2026-06-01),yes,営業曜日と時刻が食い違う曜日が1件。曜日フラグを採用（営業日と同一時刻のため一律入力とみなす） / 地番のため addr:block_number と addr:housenumber をタグ出力していない,,
3922393109700,39,33.567775,133.504459,原データ,doctors,doctor,さわだ耳鼻咽喉科・眼科,医療法人隆正会　さわだ耳鼻咽喉科・眼科,さわだ耳鼻咽喉科・眼科,,,Sawada Eye and Ear Clinic,"Mo,We,Fr 09:00-12:00,14:00-18:30; Tu 09:00-12:00,14:30-18:30; Th 09:00-12:00; Sa 09:00-12:00,14:00-16:00; PH off",ophthalmology;otolaryngology,,http://www.sawada-clinic.jp,高知県高知市福井町１７３４－５,JP,高知県,,高知市,,,福井町,,,,厚生労働省 医療情報ネットのオープンデータ (2026-06-01),,,,
3922393110100,39,33.559154784,133.53625287,ジオコーディング,doctors,doctor,JOEクリニック,医療法人聖美会　ＪＯＥクリニック,Ｊｏｅ　Ｃｌｉｎｉｃ高知院,,,JoeClinicKochi,"Mo,Tu,We,Th,Fr,Sa,Su,PH 10:00-19:00; Jan 01-Jan 03 off",plastic_surgery;dermatology,,https://www.joeclinic.jp/,高知県高知市本町３丁目１番１号　アイランドⅠビル　７階,JP,高知県,,高知市,,,本町三丁目,1,1,,厚生労働省 医療情報ネットのオープンデータ (2026-06-01),,座標は住所から付与（位置レベル8）,アイランドⅠビル 7階,
3922393110490,39,33.540904,133.483859,原データ,doctors,doctor,こどもクリニック ケロちゃん,こどもクリニック　ケロちゃん,こどもクリニック　ケロちゃん,こどもくりにっく けろちゃん,,,"Mo,Tu,We,Sa 08:50-12:20,13:50-17:50; Th 08:50-13:20; Su 08:50-15:00; PH off; Dec 30-Jan 03 off",paediatrics,,,高知県高知市鵜来巣１１ー３８ー１０　あさくらメディカルビル２Ｆ,JP,高知県,,高知市,,,鵜来巣,11,38-10,,厚生労働省 医療情報ネットのオープンデータ (2026-06-01),,,あさくらメディカルビル2F,
3922393110520,39,33.540904,133.483859,原データ,doctors,doctor,ここからクリニック,医療法人　マウナケア　ここからクリニック,ここからクリニック,,,cococara clinic,"Mo,We,Fr,Sa 08:30-12:30,14:00-18:00; Tu 08:30-12:30,14:00-17:30; Th 08:30-14:00; PH off; Dec 30-Jan 03 off",neurology;psychiatry,,,高知県高知市鵜来巣１１ー３８ー１０　あさくらメディカルビル３Ｆ,JP,高知県,,高知市,,,鵜来巣,11,38-10,,厚生労働省 医療情報ネットのオープンデータ (2026-06-01),yes,名称の先頭の「マウナケア」を運営主体とみなして name から除いた。official_name と short_name で確かめてください,あさくらメディカルビル3F,
3922393110650,39,33.540904,133.483859,原データ,doctors,doctor,うぐるす内科クリニック,うぐるす内科クリニック,うぐるす内科クリニック,うぐるすないかくりにっく,,UGURUSU NAIKA CLINIC,"Mo,Tu,We,Fr 09:00-12:00,14:00-17:30; Th,Sa 09:00-12:00; PH off; Jan 02-Jan 03,Aug 15,Dec 30-Dec 31 off",internal;cardiology,,,高知県高知市鵜来巣１１番３８－１０号,JP,高知県,,高知市,,,鵜来巣,11,38-10,,厚生労働省 医療情報ネットのオープンデータ (2026-06-01),,,号,
3922393110780,39,33.544549,133.492983,原データ,clinic,clinic,高知ファミリークリニック,高知ファミリークリニック,高知ファミリークリニック,こうちふぁみりーくりにっく,,Kochi Family Clinic,"Mo,Tu,We,Fr 09:00-12:00,14:00-17:00; Th,Sa 09:00-12:00; PH off; Dec 31-Jan 03 off",gynaecology,,http://www.kochi-family.jp/,高知県高知市朝倉横町２３ー７ー１０,JP,高知県,,高知市,,,朝倉横町,23,7-10,19,厚生労働省 医療情報ネットのオープンデータ (2026-06-01),,,,
3922393111080,39,33.540904,133.483859,原データ,doctors,doctor,おおつ耳鼻咽喉科,おおつ耳鼻咽喉科,おおつ耳鼻咽喉科,おおつじびいんこうか,Otsu Jibiinkoka,,"Mo,Tu,Th,Fr 09:00-12:30,14:30-18:00; Sa 09:00-12:30,14:00-17:00; PH off; Dec 30-Jan 03 off",otolaryngology,,http://www.otsu-jibiinkoka.com/,高知県高知市鵜来巣１１ー３８ー１０　あさくらメディカルビル２Ｆ,JP,高知県,,高知市,,,鵜来巣,11,38-10,,厚生労働省 医療情報ネットのオープンデータ (2026-06-01),,,あさくらメディカルビル2F,
3922393111110,39,33.560191,133.538866,原データ,doctors,doctor,AGAスキンクリニック 高知院,ＡＧＡスキンクリニック　高知院,ＡＧＡスキンクリニック　高知院,えーじーえーすきんくりにっく こうちいん,,AGA skin clinick Kochi-in,"Mo,Tu,We,Th,Fr,Sa,Su,PH 10:00-19:00",dermatology,,https://www.agaskin.net/clinic/ko/,高知県高知市帯屋町１ー１３ー２３アベニュービル３Ｆ,JP,高知県,,高知市,,,帯屋町一丁目,13,23,,厚生労働省 医療情報ネットのオープンデータ (2026-06-01),yes,休診日の記述「不定休」を opening_hours に変換できていない,アベニュービル3F,
3922393111240,39,33.558722,133.587898,原データ,doctors,doctor,こうち静脈ケアクリニック,こうち静脈ケアクリニック,こうち静脈ケア,こうちじょうみゃくけあくりにっく,,Kochi vein care clinic,"Mo,Fr,Sa 09:00-17:00; Tu unknown; PH off; Dec 28-Jan 07 off",internal;vascular_surgery,,http://venonet.jp,高知県高知市高須２－６－６４アーバンヒル青山１０１,JP,高知県,,高知市,,,高須二丁目,6,64,,厚生労働省 医療情報ネットのオープンデータ (2026-06-01),yes,opening_hours から6件を除いた（開始と終了が同一。実質NULL）: 月 血管外科 00:00-00:00、金 血管外科 00:00-00:00 他4件 / 営業日の火曜に時刻の記載が無いため opening_hours に unknown と書いた,アーバンヒル青山101,
3922393111370,39,33.578261,133.551106,原データ,doctors,doctor,まなべ小児科・循環器科クリニック,まなべ小児科・循環器科クリニック,まなべ小児科,まなべしょうにかじゅんかんきかくりにっく,,Manabe Child Clinic,"Mo,Tu,Th,Fr,Sa 08:30-12:30,14:00-17:30; PH off; Dec 30-Jan 03,Aug 19-Aug 21 off",cardiology;paediatrics,,http://www.manabe-child-clinic.com/,高知県高知市薊野西町３丁目８番１１号,JP,高知県,,高知市,,,薊野西町三丁目,8,11,,厚生労働省 医療情報ネットのオープンデータ (2026-06-01),yes,opening_hours から10件を除いた（開始と終了が同一。実質NULL）: 月 循環器内科 00:00-00:00、火 循環器内科 00:00-00:00 他8件,,
3922393111660,39,33.569546,133.564358,原データ,doctors,doctor,まつもとデイクリニック,まつもとデイクリニック,医療法人　静かな凛脈の会　まつもとデイクリニック,まつもとでいくりにっく,,Matsumoto Day Clinic,"Mo,Tu,We,Fr 08:30-11:00,15:30-17:30; Th,Sa 08:30-09:00,13:30-14:30; Sa[1,3,5] off; PH off; Dec 29-Jan 03 off",internal;vascular_surgery;proctology;abdominal_surgery,,http://www.matsumoto-day-clinic.jp,高知県高知市北久保２−３９,JP,高知県,,高知市,,,北久保,2,39,,厚生労働省 医療情報ネットのオープンデータ (2026-06-01),,,,
3922393112090,39,33.565884,133.535989,原データ,doctors,doctor,島崎耳鼻咽喉科,島崎耳鼻咽喉科,島崎耳鼻科,しまさきじびいんこうか,,Shimasaki Ear Nose Throat Clinic Shimasaki jibika,"Mo,Tu,We,Th,Fr 09:00-12:00,13:00-16:00; Sa,Su,PH 09:00-12:00",otolaryngology,,,高知県高知市愛宕町１丁目３番１１号,JP,高知県,,高知市,,,愛宕町一丁目,3,11,,厚生労働省 医療情報ネットのオープンデータ (2026-06-01),,,,
3922393112120,39,33.571976792,133.55089824,ジオコーディング,doctors,doctor,島津クリニック比島,医療法人　仁栄会　島津クリニック比島,島津クリニック比島,,,shimazuclinichijima,"Tu,Th 09:00-12:00,13:00-15:00; PH off; Dec 29-Jan 03 off",internal;surgery,,,高知県高知市比島町２ー１０ー３１,JP,高知県,,高知市,,,比島町二丁目,10,31,,厚生労働省 医療情報ネットのオープンデータ (2026-06-01),,座標は住所から付与（位置レベル8）,,
3922393112670,39,33.515834,133.519678,原データ,doctors,doctor,みなみが丘ポラリスクリニック,みなみが丘ポラリスクリニック,みなみが丘ポラリスクリニック,みなみがおかぽらりすくりにっく,,Minamigaoka Polaris Clinic,"Mo,Tu,We,Th,Fr,Sa 08:30-12:00,16:00-19:30; PH off; Dec 29-Jan 03 off",internal;gastroenterology;hepatology;dermatology,,http://polarisclinic.blogspot.com/,高知県高知市春野町南ケ丘１－４－１,JP,高知県,,高知市,,,春野町南ケ丘一丁目,,,,厚生労働省 医療情報ネットのオープンデータ (2026-06-01),yes,地番のため addr:block_number と addr:housenumber をタグ出力していない,,
3922393112830,39,33.545635,133.541398,原データ,doctors,doctor,そらのいろ あおぞら診療所高知潮江,医療法人そらのいろ　あおぞら診療所高知潮江,医療法人そらのいろ　あおぞら診療所高知潮江,,,Aozora Medical Clinic Kochi,"Mo,Tu,We,Th,Fr 10:00-12:00; PH off; Dec 29-Jan 03 off",internal;paediatrics,,https://soranoiro-aozora.jp/,高知県高知市北竹島町５－１０,JP,高知県,,高知市,,,北竹島町,5,10,,厚生労働省 医療情報ネットのオープンデータ (2026-06-01),,,,
3922393112960,39,33.560665,133.544106,原データ,doctors,doctor,はりまやばし診療所,はりまやばし診療所,はりまやばし診療所,はりまやばししんりょうしょ,,Harimayabashi Clinic,"Mo,Tu,Th,Fr 09:00-13:00,15:00-18:30; PH off; Jan 02-Jan 03,Aug 12-Aug 16,Dec 29-Dec 31 off",neurology;psychiatry,,,高知県高知市はりまや町１丁目７ー７　川村ビル２Ｆ,JP,高知県,,高知市,,,はりまや町一丁目,7,7,,厚生労働省 医療情報ネットのオープンデータ (2026-06-01),,,川村ビル2F,
3922393113130,39,33.544632,133.488672,原データ,clinic,clinic,高知県立療育福祉センター,高知県立療育福祉センター,高知県立療育福祉センター,こうちけんりつりょういくふくしせんたー,,Treatment and Welfare Center,"Mo,Tu,We,Th,Fr 08:30-12:00,13:00-17:15; PH off; Dec 29-Jan 03 off",orthopaedics;paediatrics;otolaryngology;psychiatry;dentistry;physiatry,,http://www.pref.kochi.lg.jp/soshiki/060302/,高知県高知市若草町,JP,高知県,,高知市,,,若草町,,,19,厚生労働省 医療情報ネットのオープンデータ (2026-06-01),,,,
3922393113560,39,33.567756,133.545543,原データ,doctors,doctor,みなみの風診療所,医療法人南の風　みなみの風診療所,みなみの風診療所,,,Minaminokaze Clinic,"Mo 08:45-12:30,16:00-18:30; Tu,Th,Fr 08:45-12:30,15:00-18:30; We,Sa 08:45-12:30; Sa[2,4] off; PH off; Jan 01 off || off ""お盆は休診""",internal;physiatry,,http://www.minaminokaze-cl.com,高知県高知市栄田町３－７－１,JP,高知県,,高知市,,,栄田町三丁目,7,1,,厚生労働省 医療情報ネットのオープンデータ (2026-06-01),yes,名称の先頭の「南の風」を運営主体とみなして name から除いた。official_name と short_name で確かめてください,,
3922393113680,39,33.552255706,133.562747569,ジオコーディング,doctors,doctor,青柳クリニック,青柳クリニック,青柳クリニック,あおやぎくりにっく,,,"Mo,Fr 08:30-12:00,13:30-17:00; Tu,Sa 08:30-12:00; We,Th 08:30-12:00,13:30-16:00; PH off; Dec 30-Jan 03 off",internal;endocrinology,,https://www.kochi-aoyagi-clinic.com,高知県高知市若松町１１－２０,JP,高知県,,高知市,,,若松町,11,20,,厚生労働省 医療情報ネットのオープンデータ (2026-06-01),,座標は住所から付与（位置レベル8）,,
3922393114300,39,33.545764,133.543056,原データ,doctors,doctor,ケイエムにしの内科クリニック循環器・心臓内科,医療法人ケイエムにしの内科クリニック循環器・心臓内科,にしの内科クリニック循環器科心臓内科,,,nishinonaikaclinicjunkankishinzounaika,"Mo,Tu 09:00-12:30,14:00-19:00; We,Sa 09:00-13:00; Th,Fr 09:00-12:30,14:00-18:30; PH off; Jan 01-Jan 03,Dec 30 off",internal;pulmonology;cardiology;geriatrics,,,高知県高知市百石町２－２９－１６,JP,高知県,,高知市,,,百石町二丁目,29,16,,厚生労働省 医療情報ネットのオープンデータ (2026-06-01),,,,
3922393114720,39,33.558571,133.518485,原データ,doctors,doctor,見元クリニック,見元クリニック,見元クリニック,みもとくりにっく,,Mimoto Clinic,"Mo,Tu,We,Th,Fr 09:00-12:30,14:00-18:00; Sa 09:00-12:30; PH off; Dec 29-Jan 03,Dec 24 off",internal;pulmonology;allergology,,,高知県高知市西町４２,JP,高知県,,高知市,,,西町,,,,厚生労働省 医療情報ネットのオープンデータ (2026-06-01),,,,
3922393114850,39,33.5462,133.553952,原データ,doctors,doctor,大川内科,大川内科,大川内科,おおかわないか,Okawa-naika,,"Mo,Tu,We 09:00-13:00,15:00-18:00; Th,Sa 09:00-13:00; Fr 09:00-13:00,15:00-19:00; PH off; Dec 29-Jan 03 off || off ""お盆は休診""",internal;cardiology;geriatrics,,https://www.ookawa-naika.jp/,高知県高知市萩町１丁目６ー５２,JP,高知県,,高知市,,,萩町一丁目,6,52,,厚生労働省 医療情報ネットのオープンデータ (2026-06-01),,,,
3922393115150,39,33.565621566,133.558504065,ジオコーディング,doctors,doctor,新本町クリニック,医療法人志宏会新本町クリニック,新本町クリニック,,,,"Mo,Tu,We 09:00-12:30,14:00-18:00; Fr 09:00-12:30,14:00-19:00; Sa 09:00-12:30; PH off; Dec 31-Jan 03 off",internal;traditional_chinese_medicine;dermatology;psychiatry;allergology;physiatry,,http://shinhonmachi.com/index.html,高知県高知市北金田１１ー２２ソフィアビル５Ｆ,JP,高知県,,高知市,,,北金田,11,22,,厚生労働省 医療情報ネットのオープンデータ (2026-06-01),yes,座標は住所から付与（位置レベル8） / 名称の先頭の「志宏会」を運営主体とみなして name から除いた。official_name と short_name で確かめてください,ソフィアビル5F,
3922393115441,39,33.557314018,133.528353118,ジオコーディング,clinic,clinic,高知見元醫院,高知見元醫院,高知見元醫院,こうちみもといいん,,,"Mo,We,Fr 09:00-12:30,14:00-17:30; Tu 09:00-12:00,14:00-17:30; Sa 09:00-12:30; PH off; Jan 01-Jan 03 off",internal;surgery;plastic_surgery;dermatology;radiology,,http://kochi-mimoto-iin.com/,高知県高知市升形５－３３,JP,高知県,,高知市,,,升形,5,33,19,厚生労働省 医療情報ネットのオープンデータ (2026-06-01),,座標は住所から付与（位置レベル8）,,
3922393115991,39,33.561755,133.596286,原データ,doctors,doctor,横川ひふ科クリニック,横川ひふ科クリニック,横川ひふ科,よこがわひふかくりにっく,,,"Mo,We 09:00-12:00,14:00-18:00; Tu,Fr 09:00-12:00; Sa 09:00-12:00,13:00-16:00; PH off",dermatology,,http://www.yokogawa-derma.jp,高知県高知市介良乙１０４９高知東メディカルスクエア４Ｆ,JP,高知県,,高知市,,,介良乙,,,,厚生労働省 医療情報ネットのオープンデータ (2026-06-01),,,1049高知東メディカルスクエア4F,
3922393116740,39,33.572154,133.562173,原データ,doctors,doctor,お日さまクリニック,お日さまクリニック,お日さまクリニック,おひさまくりにっく,Ohisamakurinikku,,"Mo,Tu,We,Fr 09:00-12:30,14:30-18:30; Th,Sa 09:00-12:30; PH off; Dec 31-Jan 03 off",internal;infectious_diseases;endocrinology;rheumatology,,http://www.ohisama-cl.jp,高知県高知市南川添２３番７号,JP,高知県,,高知市,,,南川添,23,7,,厚生労働省 医療情報ネットのオープンデータ (2026-06-01),,,,
3922393117170,39,33.56626,133.510677,原データ,doctors,doctor,みちなか整形外科クリニック,医療法人Ｐ＆Ｂ　みちなか整形外科クリニック,みちなか整形外科クリニック,,,Michinaka Orthopaedic Clinic,"Mo,We 09:00-12:30,14:00-18:00; Tu,Fr 09:00-12:30,14:00-19:00; Sa 09:00-12:30,14:00-16:00; PH off",orthopaedics;rheumatology;physiatry,,http://michinaka.com/,高知県高知市福井町,JP,高知県,,高知市,,,福井町,,,,厚生労働省 医療情報ネットのオープンデータ (2026-06-01),yes,名称の先頭の「P&B」を運営主体とみなして name から除いた。official_name と short_name で確かめてください,,
3922393117200,39,33.574243,133.533744,原データ,doctors,doctor,よりみつ内科消化器内科,よりみつ内科消化器内科,よりみつ内科消化器内科,よりみつないかしょうかきないか,Yorimitsu Naika Shokakinaika,,"Mo,Tu,We,Fr 09:00-13:00,14:00-17:30; Th,Sa 09:00-13:00; PH off; Dec 29-Jan 03 off",internal;gastroenterology,,,高知県高知市三園町２２７番地,JP,高知県,,高知市,,,三園町,,,,厚生労働省 医療情報ネットのオープンデータ (2026-06-01),,,,
3922393120040,39,33.557057,133.523218,原データ,doctors,doctor,こうち在宅医療クリニック,こうち在宅医療クリニック,こうち在宅医療クリニック,こうちざいたくいりょうくりにっく,,Kouti home care clinic,"Mo,Tu,We,Th,Fr 09:00-12:30,14:00-17:30; PH off; Dec 29-Jan 03 off",internal,,http://zaitaku-clinic.com/,高知県高知市上町２丁目４－１７,JP,高知県,,高知市,,,上町二丁目,4,17,,厚生労働省 医療情報ネットのオープンデータ (2026-06-01),,,,
3922393121050,39,33.555464,133.485931,原データ,doctors,doctor,朝倉医療クリニック,朝倉医療クリニック,朝倉医療クリニック,あさくらいりょうくりにっく,,,"Mo,Tu,Fr 09:00-12:00,14:00-17:00; Th 15:30-17:00; PH off; Dec 31-Jan 03 off",internal;pulmonology;cardiology;gastroenterology,,http://www.mizuho-medicare.com,高知県高知市朝倉丙５３４－１,JP,高知県,,高知市,,,朝倉丙,,,,厚生労働省 医療情報ネットのオープンデータ (2026-06-01),,,534-1,
3922393122250,39,33.538645,133.487399,原データ,doctors,doctor,田村クリニック胃腸科・内科,田村クリニック胃腸科・内科,田村クリニック胃腸科・内科,たむらくりにっくいちょうかないか,,"Division of Gastroenterology, Tamura Clinic","Mo,Tu,Th,Fr,Sa 09:00-12:30,13:30-18:00; We 09:00-12:30; PH off; Dec 30-Jan 03,Aug 06-Aug 10,Sep 24,Dec 24 off",internal;gastroenterology;hepatology,,http://www.tamura-clinic.net/,高知県高知市槇山町,JP,高知県,,高知市,,,,,,,厚生労働省 医療情報ネットのオープンデータ (2026-06-01),,,槇山町,
3922393124790,39,33.559102,133.543875,原データ,doctors,doctor,さなだクリニック,さなだクリニック,さなだクリニック,さなだくりにっく,,Sanada Clinic,"Mo,Tu,Th,Fr 09:00-12:30,14:00-18:30; Sa 09:00-12:30,14:00-17:00; PH off; Dec 30-Jan 03,Aug 09-Aug 11 off",neurology;psychiatry,,http://sanadakai.or.jp/,高知県高知市南はりまや町１丁目１７番２７号はりまや館１０１号,JP,高知県,,高知市,,,南はりまや町一丁目,17,27,,厚生労働省 医療情報ネットのオープンデータ (2026-06-01),,,はりまや館101号,
3922393130270,39,33.558085,133.555188,原データ,doctors,doctor,つつみ内科胃腸クリニック,つつみ内科胃腸クリニック,つつみ内科,つつみないかいちょうくりにっく,,,"Mo,Tu,We,Fr 09:00-13:00,14:30-18:00; Th,Sa 09:00-13:00; PH off; Dec 30-Jan 03 off",internal;gastroenterology,,http://www.tsutsumi-naika.jp/,高知県高知市知寄町１－６－３４,JP,高知県,,高知市,,,知寄町一丁目,6,34,,厚生労働省 医療情報ネットのオープンデータ (2026-06-01),,,,
3922393132160,39,33.560474,133.537186,原データ,doctors,doctor,帯屋町ハートクリニック,帯屋町ハートクリニック,帯屋町ハートクリニック,おびやまちはーとくりにっく,,Obiyamachi-Heart-Clinic,"Tu,We,Fr 09:00-13:00,14:30-19:00; Th 09:00-13:00; Sa 08:30-13:00; PH off; Dec 30-Jan 03 off",internal;cardiology;physiatry,,https://obiyamachi-hc.com,高知県高知市帯屋町,JP,高知県,,高知市,,,,,,,厚生労働省 医療情報ネットのオープンデータ (2026-06-01),,,帯屋町,
3922393132740,39,33.540904,133.483859,原データ,doctors,doctor,さくら眼科,さくら眼科,さくら眼科,さくらがんか,Sakuraganka,,"Mo,Tu,We,Fr 09:00-12:30,14:00-17:30; Sa 09:00-12:30; PH off",ophthalmology,,http://www.sakuraganka.com/,高知県高知市鵜来巣１１－３８－１０,JP,高知県,,高知市,,,鵜来巣,11,38-10,,厚生労働省 医療情報ネットのオープンデータ (2026-06-01),,,,
3922393139000,39,33.589351,133.578723,原データ,doctors,doctor,一宮きずなクリニック,一宮きずなクリニック,一宮きずなクリニック,いっくきずなくりにっく,,,"Mo,Tu,Th,Fr 09:00-12:30,14:00-17:30; We,Sa 09:00-12:30; PH off",internal;cardiology;physiatry,,http://www.ikkukizunacl.com/index.html,高知県高知市一宮東町,JP,高知県,,高知市,,,,,,,厚生労働省 医療情報ネットのオープンデータ (2026-06-01),yes,町字が入力と別のものになったため addr:neighbourhood をタグ出力していない。修正候補: 一宮東町,東町,
3922393139130,39,33.568075,133.530332,原データ,doctors,doctor,さいわい町幸せクリニック,さいわい町幸せクリニック,さいわい町幸せクリニック,さいわいちょうしあわせくりにっく,,Saiwai Happiness Clinic,"We,Th 12:30-19:30; Sa 12:30-19:00; PH off; Dec 30-Jan 07,Aug 14-Aug 16 off",internal;neurology;traditional_chinese_medicine;psychiatry;allergology,,https://saiwaiclinic.cloudfree.jp,高知県高知市幸町６番１号,JP,高知県,,高知市,,,幸町,6,1,,厚生労働省 医療情報ネットのオープンデータ (2026-06-01),,,,
3922393139390,39,33.540784889,133.483713244,ジオコーディング,doctors,doctor,高知泌尿器科かさはらクリニック,高知泌尿器科かさはらクリニック,高知泌尿器科かさはらクリニック,こうちひにょうきかかさはらくりにっく,,,"Mo,Tu,Fr 09:00-12:30,14:00-18:00; We 09:00-12:30,14:00-17:00; Sa 09:00-12:30,14:00-16:30; PH off; Dec 29-Jan 03 off",urology,,http://kasaharaclinic.com/,高知県高知市鵜来巣１１番３８ー１０　あさくらメディカルビル３Ｆ,JP,高知県,,高知市,,,鵜来巣,11,38-10,,厚生労働省 医療情報ネットのオープンデータ (2026-06-01),,座標は住所から付与（位置レベル8）,あさくらメディカルビル3F,
3922393146590,39,33.556694,133.529366,原データ,doctors,doctor,浅井内科,浅井内科,浅井内科,あさいないか,,,"Mo,Tu,We,Th,Fr 09:00-12:00,14:00-18:00; Sa 09:00-12:00; PH off; Dec 31-Jan 03 off",internal;gastroenterology;radiology,,,高知県高知市升形,JP,高知県,,高知市,,,升形,,,,厚生労働省 医療情報ネットのオープンデータ (2026-06-01),,,,
3922393149780,39,33.556404,133.538286,原データ,doctors,doctor,ひまわり在宅クリニック,医療法人ひまわり　ひまわり在宅クリニック,ひまわり在宅クリニック,,,,"Mo,Tu,We,Th,Fr,Sa 10:00-17:15; PH off; Dec 29-Jan 03 off",internal;gastroenterology;geriatrics;surgery,,http://www.himawari-z.jp/,高知県高知市与力町１２ー１０シャトレ片町１Ｆ,JP,高知県,,高知市,,,与力町,12,10,,厚生労働省 医療情報ネットのオープンデータ (2026-06-01),yes,名称の先頭の「ひまわり」を運営主体とみなして name から除いた。official_name と short_name で確かめてください,シャトレ片町1F,
3922393154410,39,33.573646,133.560704,原データ,doctors,doctor,さとう整形外科・手のクリニック,さとう整形外科・手のクリニック,さとう整形外科・手のクリニック,さとうせいけいげか・てのくりにっく,,Sato Orthopaedic & Hand Clinic,"Mo,Tu,We,Fr 09:00-12:30,14:00-18:30; Th,Sa 09:00-13:00; PH off; Jan 02-Jan 03,Apr 10,Aug 10,Aug 12-Aug 15 off",orthopaedics;physiatry,,http://www.satoseikei-cl.jp/,高知県高知市北川添２０番１５号,JP,高知県,,高知市,,,北川添,20,15,,厚生労働省 医療情報ネットのオープンデータ (2026-06-01),,,,
3922393155260,39,33.56992,133.55777,原データ,doctors,doctor,高知中央クリニック,高知中央クリニック,高知中央クリニック,こうちちゅうおうくりにっく,,Kochi Central Clinic,"Mo,Tu,We,Th,Fr 09:00-12:30,14:30-18:00; Sa unknown; PH off; Dec 31-Jan 03,Aug 16 off",internal;gastroenterology;traditional_chinese_medicine;surgery;paediatrics;dermatology,,http://www.kochicentralclinic.net,高知県高知市杉井流１４番１５号,JP,高知県,,高知市,,,杉井流,14,15,,厚生労働省 医療情報ネットのオープンデータ (2026-06-01),yes,営業日の土曜に時刻の記載が無いため opening_hours に unknown と書いた,,
3922393155840,39,33.565995,133.563395,原データ,doctors,doctor,みなみ在宅クリニック,みなみ在宅クリニック,みなみ在宅クリニック,みなみざいたくくりにっく,,Minami Zaitaku Clinic,"Mo,Tu,We,Th,Fr 08:30-17:00; PH off; Dec 29-Jan 03 off",internal,,https://minamizaitaku.com/,高知県高知市南御座５ー２９,JP,高知県,,高知市,,,南御座,5,29,,厚生労働省 医療情報ネットのオープンデータ (2026-06-01),,,,
3922393160150,39,33.512162,133.544926,原データ,doctors,doctor,内科・小児科つむぎ診療所,内科・小児科つむぎ診療所,つむぎ診療所,ないか・しょうにかつむぎしんりょうしょ,,Tsumugi Clinic,"Mo,Tu,Th,Fr 09:00-12:00,13:30-18:00; Sa 09:00-12:00,13:30-16:30; Dec 30-Jan 03 off",internal;paediatrics,,https://tsumugi-cl.com/,高知県高知市瀬戸１丁目２－５８,JP,高知県,,高知市,,,瀬戸一丁目,2,58,,厚生労働省 医療情報ネットのオープンデータ (2026-06-01),,,,
3922393163500,39,33.581586908,133.56603429,ジオコーディング,doctors,doctor,一宮皮フ科,一宮皮フ科,一宮皮フ科,いっくひふか,,,,dermatology,,,高知県高知市一宮南町１ー１５ー１３マルナカ高知インター店２階,JP,高知県,,高知市,,,一宮南町一丁目,15,13,,厚生労働省 医療情報ネットのオープンデータ (2026-06-01),yes,座標は住所から付与（位置レベル8） / opening_hours をタグ出力していない。営業日の月火水木金土日曜に時刻の記載が無い,マルナカ高知インター店2階,
3922393163630,39,33.577424471,133.565226398,ジオコーディング,doctors,doctor,救護施設誠和園医務室,救護施設誠和園医務室,救護施設誠和園医務室,きゅうごしせつせいわえんいむしつ,,,,general,,,高知県高知市一宮南町１丁目４番７４号,JP,高知県,,高知市,,,一宮南町一丁目,4,74,,厚生労働省 医療情報ネットのオープンデータ (2026-06-01),yes,座標は住所から付与（位置レベル8） / opening_hours をタグ出力していない。営業日の月火水木金土日曜に時刻の記載が無い,,
3922393163760,39,33.580944,133.567176,原データ,doctors,doctor,ふくだ整形外科クリニック,ふくだ整形外科クリニック,ふくだ整形外科クリニック,ふくだせいけいげかくりにっく,,,"Mo,Tu,We,Fr 09:00-12:30,14:00-18:30; Sa 09:00-12:30,14:00-16:00; PH off; Dec 31-Jan 03 off",orthopaedics;rheumatology;physiatry,,https://www.fukuda-seikeigeka.jp,高知県高知市一宮南町１丁目１５－１３,JP,高知県,,高知市,,,一宮南町一丁目,15,13,,厚生労働省 医療情報ネットのオープンデータ (2026-06-01),,,,
3922393168550,39,33.540904,133.483859,原データ,doctors,doctor,ともざわ整形外科・リウマチクリニック,ともざわ整形外科・リウマチクリニック,ともざわ整形外科・リウマチクリニック,ともざわせいけいげか・りうまちくりにっく,,,"Mo,Tu,We,Fr 09:00-12:30,14:00-18:30; Sa 09:00-12:30,14:00-17:30; PH off; Dec 29-Jan 03 off || off ""GWは休診""",orthopaedics;rheumatology;physiatry,,https://tomozawa-seikei.com/,高知県高知市鵜来巣１１番３８ー１０号あさくらメディカルビル１Ｆ,JP,高知県,,高知市,,,鵜来巣,11,38-10,,厚生労働省 医療情報ネットのオープンデータ (2026-06-01),,,号あさくらメディカルビル1F,
3922393169140,39,33.576567,133.542573,原データ,doctors,doctor,とさみずき眼科,医療法人社団陽晴会　とさみずき眼科,とさみずき眼科,,,,"Mo,Tu,We 10:00-13:00,14:30-18:00; Sa,Su 10:00-13:00,14:00-17:30; PH off",ophthalmology,,https://tosamizuki-ganka.jp/index.html,高知県高知市秦南町一丁目４番８号２階,JP,高知県,,高知市,,,秦南町一丁目,4,8,,厚生労働省 医療情報ネットのオープンデータ (2026-06-01),yes,営業曜日と時刻が食い違う曜日が1件。曜日フラグを採用（営業日と同一時刻のため一律入力とみなす）,2階,
3922393169270,39,33.581586908,133.56603429,ジオコーディング,doctors,doctor,高知こころクリニック,高知こころクリニック,高知こころクリニック,こうちこころくりにっく,,,"Mo,Sa 15:00-21:00; Tu,We,Th,Su,PH 09:00-13:00,15:00-21:00",internal;psychiatry,,,高知県高知市一宮南町一丁目１５ー１３マルナカ高知インター店２Ｆ,JP,高知県,,高知市,,,一宮南町一丁目,15,13,,厚生労働省 医療情報ネットのオープンデータ (2026-06-01),yes,座標は住所から付与（位置レベル8） / 休診日の記述「月(午前)・土(午前)」を opening_hours に変換できていない,マルナカ高知インター店2F,
3922393170540,39,33.552172,133.489008,原データ,doctors,doctor,朝倉さわやかクリニック,特定医療法人仁泉会朝倉さわやかクリニック,朝倉さわやかクリニック,,,AsakuraSawayakaClinic,"Mo,Tu,We,Th,Fr,Sa 09:00-18:00; PH off",internal;cardiology;psychiatry,,https://asakura-hospital.jp/outline/,高知県高知市朝倉丙,JP,高知県,,高知市,,,朝倉丙,,,,厚生労働省 医療情報ネットのオープンデータ (2026-06-01),yes,名称の先頭の「仁泉会」を運営主体とみなして name から除いた。official_name と short_name で確かめてください,,
3922393175170,39,33.568949,133.543367,原データ,doctors,doctor,駅前クリニック,駅前クリニック,駅前クリニック,えきまえくりにっく,,Ekimae clinic,"Mo,Tu,Th,Fr 10:00-13:00,14:30-18:30; We 10:00-13:00; Sa 10:00-13:00,14:30-18:00; PH off; Dec 31-Jan 03 off",internal;neurosurgery,,https://ekimae-clinic.jp/,高知県高知市新本町１丁目１４ー３メディパーク高知駅３階,JP,高知県,,高知市,,,新本町一丁目,14,3,,厚生労働省 医療情報ネットのオープンデータ (2026-06-01),,,メディパーク高知駅3階,
3922393180220,39,33.540918,133.483896,原データ,doctors,doctor,なかの耳鼻咽喉科,なかの耳鼻咽喉科,なかの耳鼻咽喉科,なかのじびいんこうか,,NAKANO ENT CLINIC,"Mo,Tu,Th,Fr 09:00-12:30,14:30-18:00; Sa 09:00-12:30,14:00-17:00; PH off; Dec 30-Jan 03 off",otolaryngology,,https://nakanojibika.com/,高知県高知市鵜来巣１１ー３８ー１０　あさくらメディカルビル２Ｆ,JP,高知県,,高知市,,,鵜来巣,11,38-10,,厚生労働省 医療情報ネットのオープンデータ (2026-06-01),,,あさくらメディカルビル2F,
3922393180640,39,33.559089,133.556534,原データ,doctors,doctor,けやまクリニック,医療法人薫風会　けやまクリニック,けやまクリニック,,,,"Mo,Tu,We,Fr 09:00-12:30,14:00-17:30; Th 09:00-13:00; Sa 09:00-13:00,14:00-16:30; PH off; Dec 31-Jan 03 off",plastic_surgery;gynaecology;dermatology,,https://keyama-clinic.com,高知県高知市知寄町一丁目１番２７号,JP,高知県,,高知市,,,知寄町一丁目,1,27,,厚生労働省 医療情報ネットのオープンデータ (2026-06-01),,,,
3922393180800,39,33.558913075,133.537003833,ジオコーディング,doctors,doctor,エミナルクリニック高知院,エミナルクリニック高知院,,えみなるくりにっくこうちいん,,,"Mo,Tu,We,Th,Fr,Sa,Su 10:00-14:00,15:00-20:00",dermatology,,,高知県高知市本町２丁目２−２９畑山ビル３階,JP,高知県,,高知市,,,本町二丁目,2,29,,厚生労働省 医療情報ネットのオープンデータ (2026-06-01),,座標は住所から付与（位置レベル8）,畑山ビル3階,
3922393180930,39,33.56195331,133.543396352,ジオコーディング,doctors,doctor,TCB 東京中央美容外科・TCB スキンクリニック 高知院,ＴＣＢ　東京中央美容外科・ＴＣＢ　スキンクリニック　高知院,ＴＣＢ高知院,てぃーしーびー とうきょうちゅうおうびようげか・てぃーしーびー すきんくりにっく こうちいん,,Tokyo Chuo Cosmetic Surgery Kochi Clinic,"Mo,Tu,We,Th,Fr,Sa,Su,PH 09:00-19:00; Jan 01-Jan 02 off",plastic_surgery;dermatology,,https://aoki-tsuyoshi.com/,高知県高知市はりまや町二丁目３番３号はりまやビル１階・２階,JP,高知県,,高知市,,,はりまや町二丁目,3,3,,厚生労働省 医療情報ネットのオープンデータ (2026-06-01),,座標は住所から付与（位置レベル8）,はりまやビル1階・2階,
3922393182790,39,33.546394905,133.498248711,ジオコーディング,doctors,doctor,ひよこクリニック,ひよこクリニック,,ひよこくりにっく,,,"We,Th,Fr 11:00-14:00,15:00-18:00; PH off",internal;dermatology;psychiatry,,,高知県高知市朝倉東町２５－３ムーンハウス３階３０１,JP,高知県,,高知市,,,朝倉東町,25,3,,厚生労働省 医療情報ネットのオープンデータ (2026-06-01),,座標は住所から付与（位置レベル8）,ムーンハウス3階301,
3922393183090,39,33.571031,133.533899,原データ,doctors,doctor,やまと診療所高知,やまと診療所高知,,やまとしんりょうじょこうち,,,"Mo,Tu,We,Fr 09:00-13:00,14:00-18:00; Sa 09:00-13:00; PH off; Dec 29-Jan 03 off",internal;paediatrics,,https://kochi.yamatoclinic.org/,高知県高知市吉田町２－８,JP,高知県,,高知市,,,吉田町,2,8,,厚生労働省 医療情報ネットのオープンデータ (2026-06-01),yes,休診日の記述「土曜日午後」を opening_hours に変換できていない,,
3922393183210,39,33.559703,133.543363,原データ,doctors,doctor,湘南美容クリニック高知院,湘南美容クリニック高知院,,しょうなんびようくりにっくこうちいん,,Shonan Beauty Clinic Kouchi-in,"Tu,We,Fr,Sa,Su,PH 09:00-18:00; Jan 01 off",plastic_surgery;dermatology,,https://www.s-b-c.net/clinic/branch/kouchi/,高知県高知市はりまや町１丁目５番１号　電鉄ターミナルビル６階,JP,高知県,,高知市,,,はりまや町一丁目,5,1,,厚生労働省 医療情報ネットのオープンデータ (2026-06-01),,,電鉄ターミナルビル6階,
3922393185300,39,33.559181698,133.52342255,ジオコーディング,doctors,doctor,ほそぎ診療所,社会医療法人　仁生会　ほそぎ診療所,,,,,"Mo,Tu,We,Th,Fr 09:30-12:30,13:30-17:30; PH off || off ""年末年始は休診""",internal,,,高知県高知市大膳町１番２５号,JP,高知県,,高知市,,,大膳町,1,25,,厚生労働省 医療情報ネットのオープンデータ (2026-06-01),,座標は住所から付与（位置レベル8）,,
3922393187030,39,33.559599,133.561359,原データ,doctors,doctor,菜の花診療所,医療法人　鳴子会　菜の花診療所,菜の花診療所,,,,"Mo,Tu,Th,Fr,Sa 09:00-12:30,13:30-18:00; PH off; Dec 28-Jan 03,Aug 10 off",psychiatry,,https://www.nanohana-cl.jp/inquiry.html,高知県高知市東雲町２番１５号,JP,高知県,,高知市,,,東雲町,2,15,,厚生労働省 医療情報ネットのオープンデータ (2026-06-01),yes,休診日の記述「-12」を opening_hours に変換できていない,,
3922393190870,39,33.572081,133.553243,原データ,doctors,doctor,高知なないろ在宅クリニック,高知なないろ在宅クリニック,,こうちなないろざいたくくりにっく,,,"Mo,Tu,We,Th,Fr 09:00-12:00,13:00-17:00; PH off",internal,,,高知県高知市比島町２丁目１３番６号,JP,高知県,,高知市,,,比島町二丁目,13,6,,厚生労働省 医療情報ネットのオープンデータ (2026-06-01),,,,
3922395100990,39,33.559721,133.531112,原データ,doctors,doctor,高知診療所,地方職員共済組合　高知診療所,地方職員共済組合　高知診療所,,,,Mo 15:30-16:30; Tu 09:30-10:30; Th 10:00-12:00; Fr 14:30-16:30; PH off; Dec 29-Jan 03 off,internal,,,高知県高知市丸ノ内１丁目２－２０,JP,高知県,,高知市,,,丸ノ内一丁目,,,,厚生労働省 医療情報ネットのオープンデータ (2026-06-01),yes,opening_hours から9件を除いた（開始と終了が同一。実質NULL）: 月 内科 00:00-00:00、金 内科 00:00-00:00 他7件 / 番地が住居表示にも地番にも見つからないため addr:block_number と addr:housenumber をタグ出力していない,,
3922395103050,39,33.548882,133.544123,原データ,doctors,doctor,潮江皮膚科診療所,医療法人玉木会　潮江皮膚科診療所,潮江皮膚科診療所,,,,"Mo,Tu,We,Fr 09:00-12:00,14:00-17:30; Th,Sa 09:00-12:00; PH off; Dec 30-Jan 04,Jun 07-Jun 08,Aug 13,Aug 15,Nov 28 off",dermatology,,,高知県高知市百石町　２ー７ー１３,JP,高知県,,高知市,,,百石町二丁目,7,13,,厚生労働省 医療情報ネットのオープンデータ (2026-06-01),yes,opening_hours から8件を除いた（開始と終了が同一。実質NULL）: 木 皮膚科 00:00-00:00、土 皮膚科 00:00-00:00 他6件 / 休診日の記述「8月14月」を opening_hours に変換できていない,,
3922395104930,39,33.557404,133.532806,原データ,clinic,clinic,国見産婦人科,国見産婦人科,国見産婦人科,くにみさんふじんか,Kunimisanfujinka,,"Mo,Tu,Th,Fr,Sa 09:00-13:00,15:00-17:15; PH off; Dec 30-Jan 03 off",gynaecology,,https://kunimi-baby.sakura.ne.jp/,高知県高知市本町４－２－３０,JP,高知県,,高知市,,,本町四丁目,2,30,19,厚生労働省 医療情報ネットのオープンデータ (2026-06-01),yes,opening_hours から5件を除いた（開始と終了が同一。実質NULL）: 月 産婦人科 00:00-00:00、火 産婦人科 00:00-00:00 他3件,,
3922395106110,39,33.55811,133.528929,原データ,doctors,doctor,猿田皮膚科診療所,猿田皮膚科診療所,猿田皮膚科診療所,さるたひふかしんりょうしょ,Saruta Hihuka Shinryosho,,"Mo,Tu,We,Th,Fr 09:00-17:15; Sa 09:00-12:00; PH off; Dec 29-Jan 04 off",dermatology,,,高知県高知市升形４－２５,JP,高知県,,高知市,,,升形,4,25,,厚生労働省 医療情報ネットのオープンデータ (2026-06-01),,,,
3922395108000,39,33.562859,133.535112,原データ,doctors,doctor,出原診療所,出原診療所,出原診療所,ではらしんりょうしょ,Dehara Shinryosho,,"Mo,Tu,We,Fr 09:00-12:00,14:00-17:15; Th,Sa 09:00-12:00; PH off; Dec 31-Jan 03 off",internal;anaesthetics,,,高知県高知市永国寺町,JP,高知県,,高知市,,,永国寺町,,,,厚生労働省 医療情報ネットのオープンデータ (2026-06-01),yes,opening_hours から12件を除いた（開始と終了が同一。実質NULL）: 月 内科 00:00-00:00、火 内科 00:00-00:00 他10件,,
3922395109300,39,33.567808,133.541559,原データ,doctors,doctor,純クリニック,純クリニック,純クリニック,じゅんくりにっく,Junkulinikku,,"Mo,Tu,We,Th,Fr 09:00-12:30,14:00-17:30; PH off; Aug 07-Aug 08,Dec 29 off",internal;orthopaedics,,,高知県高知市栄田町１丁目２－１６,JP,高知県,,高知市,,,栄田町一丁目,2,16,,厚生労働省 医療情報ネットのオープンデータ (2026-06-01),yes,休診日の記述「30日31日」を opening_hours に変換できていない,,
3922395112560,39,33.509932,133.54366,原データ,doctors,doctor,塩見整形外科,塩見整形外科,塩見整形,しおみせいけいげか,,,"Mo,Tu,We,Fr 09:00-12:30,14:00-17:30; Th,Sa 09:00-12:30; PH off",internal;surgery;orthopaedics;physiatry,,,高知県高知市瀬戸南町１ー２ー３０,JP,高知県,,高知市,,,瀬戸南町一丁目,2,30,,厚生労働省 医療情報ネットのオープンデータ (2026-06-01),,,,
3922395112690,39,33.565096,133.614009,原データ,doctors,doctor,けら小児科アレルギー科,けら小児科アレルギー科,けら小児科アレルギー科,けらしょうにかあれるぎーか,,Kera Child & Allergy Clinic,"Mo,Tu,We,Th,Fr 09:00-12:30,14:00-17:30; Sa 09:00-13:00; PH off || off ""お盆・年末年始は休診""",internal;paediatrics;allergology,,https://www.kera-ped.com,高知県高知市介良３５２－１,JP,高知県,,高知市,,,介良,,,,厚生労働省 医療情報ネットのオープンデータ (2026-06-01),,,,
3922395113280,39,33.571855,133.538022,原データ,doctors,doctor,三宮心療クリニック,医療法人三宮会　三宮心療クリニック,三宮心療クリニック,,,Sannomiya Mental Clinic,"Mo,Tu,We 09:00-12:00,13:30-19:00; Th 09:00-12:00,13:30-17:00; Fr 09:00-12:00; PH off; Dec 30-Jan 03 off",psychiatry,,,高知県高知市愛宕町３丁目１１番２７号,JP,高知県,,高知市,,,愛宕町三丁目,11,27,,厚生労働省 医療情報ネットのオープンデータ (2026-06-01),,,,
3922395113440,39,33.57768,133.536585,原データ,doctors,doctor,織田医院,織田医院,織田医院,おだいいん,,Oda Clinic,"Mo,Tu,We 09:00-12:00,14:00-17:00; Fr 09:00-12:00,14:00-18:00; Sa 09:00-12:00,14:00-16:00; PH off; Dec 31-Jan 03 off",ophthalmology,,,高知県高知市愛宕山１００,JP,高知県,,高知市,,,愛宕山,,,,厚生労働省 医療情報ネットのオープンデータ (2026-06-01),,,100,
3922395113600,39,33.550309,133.483789,原データ,doctors,doctor,藤井クリニック,藤井クリニック,藤井クリニック,ふじいくりにっく,,FUJII clinic,"Mo,Tu,We,Fr 09:00-12:00,16:00-19:00; Sa 09:00-12:00,14:00-17:00; Th unknown; PH off; Jan 02-Jan 03 off",internal;gastroenterology,,,高知県高知市朝倉乙９８８,JP,高知県,,高知市,,,朝倉乙,,,,厚生労働省 医療情報ネットのオープンデータ (2026-06-01),yes,営業日の木曜に時刻の記載が無いため opening_hours に unknown と書いた,988,
3922395114290,39,33.561699,133.596275,原データ,doctors,doctor,伊藤整形外科,伊藤整形外科,伊藤整形外科,いとうせいけいげか,Itoseikeigeka,,"Mo,We 09:00-18:00; Tu,Fr 09:00-19:00; Th 09:00-12:30; Sa 09:00-16:30; PH off; Dec 30-Jan 03 off",orthopaedics;physiatry,,,高知県高知市介良乙１０４９,JP,高知県,,高知市,,,介良乙,,,,厚生労働省 医療情報ネットのオープンデータ (2026-06-01),,,1049,
3922395115330,39,33.557809,133.50934,原データ,doctors,doctor,あさひ石川クリニック,医療法人しぶや会　あさひ石川クリニック,あさひ石川クリニック,,,Asahiisikawa Clinic,"Mo,Tu,Th,Fr 08:30-12:30,14:00-17:30; We 08:30-12:30; Sa 08:30-12:30,14:00-16:00; PH off; Dec 31-Jan 03 off",internal;cardiology;gastroenterology;surgery;physiatry;radiology,,,高知県高知市中須賀町１０７,JP,高知県,,高知市,,,中須賀町,,,,厚生労働省 医療情報ネットのオープンデータ (2026-06-01),,,,
3922395115750,39,33.546037,133.487178,原データ,doctors,doctor,もりもと整形外科・内科,もりもと整形外科・内科,もりもと整形外科・内科,もりもとせいけいげかないか,,Morimoto Orth.Clinic,"Mo,Tu,We,Fr 09:00-12:30,15:00-19:00; Sa 09:00-12:30,14:00-16:00; PH off; Dec 30-Jan 03 off",internal;orthopaedics;physiatry,,http://morimotoseikei.jp/,高知県高知市朝倉本町,JP,高知県,,高知市,,,,,,,厚生労働省 医療情報ネットのオープンデータ (2026-06-01),,,朝倉本町,
3922395117480,39,33.565242,133.544794,原データ,doctors,doctor,くぼぞえ外科胃腸内科,くぼぞえ外科胃腸内科,くぼぞえ外科・胃腸内科,くぼぞえ げかいちょうないか,,Kubozoe Geka Ichounaika Clinic,"Mo,Tu,Th,Fr 09:00-13:00,14:00-18:00; We,Sa 09:00-13:00; PH off; Dec 29-Jan 03 off",internal;gastroenterology;surgery;proctology;orthopaedics;physiatry;radiology,,http://www.myclinic.ne.jp/kubozoe/,高知県高知市相生町１－２０,JP,高知県,,高知市,,,相生町,1,20,,厚生労働省 医療情報ネットのオープンデータ (2026-06-01),,,,
3922395118070,39,33.556775,133.51739,原データ,doctors,doctor,刈谷皮膚科,刈谷皮膚科,刈谷皮フ科,かりやひふか,,Kariya Skin Clinic,"Mo,Tu,We,Th,Fr,Sa 09:00-17:30; PH off; Dec 30-Jan 03 off",dermatology,,,高知県高知市上町５ー５ー１６,JP,高知県,,高知市,,,上町五丁目,5,16,,厚生労働省 医療情報ネットのオープンデータ (2026-06-01),yes,opening_hours から12件を除いた（開始と終了が同一。実質NULL）: 月 皮膚科 00:00-00:00、火 皮膚科 00:00-00:00 他10件,,
3922395119820,39,33.556702,133.572668,原データ,doctors,doctor,福森内科クリニック,福森内科クリニック,福森内科クリニック,ふくもりないかくりにっく,,Fukumori Medical Clinic of Internal Medicine,"Mo,Tu,Fr 08:50-12:30,14:10-18:00; We,Th,Sa 08:50-12:30,15:30-18:00; PH off; Jan 03,Aug 09-Aug 13 off || off ""GW・お盆は休診""",internal;gastroenterology;radiology,,http://www.fukumorinaikaclinic.jp,高知県高知市葛島２ー３ー２１,JP,高知県,,高知市,,,葛島二丁目,3,21,,厚生労働省 医療情報ネットのオープンデータ (2026-06-01),,,,
3922395120510,39,33.549478,133.505453,原データ,doctors,doctor,かもだの診療所,かもだの診療所,かもだの診療所,かもだのしんりょうじょ,,Kamodano clinic,"Mo,Tu,We,Fr 09:00-12:00,15:30-18:30; Th 09:00-12:00,14:00-17:00; Sa 09:00-13:00; PH off; Dec 30-Jan 03 off",internal;surgery;proctology,,http://www.kamodano-cl.jp/,高知県高知市鴨部２丁目１－１６,JP,高知県,,高知市,,,鴨部二丁目,1,16,,厚生労働省 医療情報ネットのオープンデータ (2026-06-01),,,,
3922395121070,39,33.508838,133.543932,原データ,doctors,doctor,梅原産科婦人科,梅原産科婦人科,梅原産科婦人科,うめはらさんかふじんか,,UMEHARA OB GYN CLINIC,"Mo,Tu 09:00-13:00,14:30-18:00; We,Fr,Sa 09:00-13:00,14:30-19:00; Su 09:00-12:00; PH off; Dec 30-Jan 03 off",gynaecology,,,高知県高知市瀬戸南町２ー１ー１０,JP,高知県,,高知市,,,瀬戸南町二丁目,1,10,,厚生労働省 医療情報ネットのオープンデータ (2026-06-01),,,,
3922395121100,39,33.560079,133.52784,原データ,doctors,doctor,高知市休日夜間急患センター・平日夜間小児急患セン夕ー,高知市休日夜間急患センター・平日夜間小児急患セン夕ー,高知市急患セン夕ー,こうちしきゅうじつやかんきゅうかんせんたー へいじつやかんしょうにきゅうかんせんたー,,KOCHI CITY EMERGENCY CASE CENTER,"Mo,Tu,We,Th,Fr 20:00-23:00; Sa 20:00-08:00; Su,PH 09:00-12:00,13:00-17:00,18:00-22:00",internal;paediatrics;ophthalmology;otolaryngology,,https://www.kochi-med.or.jp/emergency_center/,高知県高知市丸ノ内,JP,高知県,,高知市,,,,,,,厚生労働省 医療情報ネットのオープンデータ (2026-06-01),,,丸ノ内,
3922395121230,39,33.55104,133.492174,原データ,doctors,doctor,川村整形外科,川村整形外科,川村整形外科,かわむらせいけいげか,Kawamura Seikeigeka,,"Mo,Tu,We,Th,Fr 09:00-13:00,14:00-17:30; Sa 09:00-12:30; PH off; Dec 31-Jan 03 off",internal;orthopaedics;physiatry;anaesthetics,,,高知県高知市曙町１丁目１９ー１,JP,高知県,,高知市,,,曙町一丁目,19,1,,厚生労働省 医療情報ネットのオープンデータ (2026-06-01),,,,
3922395121650,39,33.546695,133.491939,原データ,doctors,doctor,山﨑内科泌尿器科,山﨑内科泌尿器科,山﨑内科泌尿器科,やまさきないかひにょうきか,Yamasaki Naika Hinyokika,,"Mo,Tu,We,Th,Fr 09:00-12:15,14:00-17:30; Sa 09:00-12:15; PH off; Jan 01-Jan 03 off",internal;endocrinology;gastroenterology;allergology;paediatrics;urology;radiology,,,高知県高知市朝倉横町１０ー４５,JP,高知県,,高知市,,,朝倉横町,10,45,,厚生労働省 医療情報ネットのオープンデータ (2026-06-01),,,,
3922395121810,39,33.558929982,133.552561093,ジオコーディング,doctors,doctor,森本眼科内科,森本眼科内科,森本眼科内科,もりもとがんかないか,Morimotogankanaika,,"Mo,Tu,We,Th,Fr 09:00-13:00,14:00-18:00; Sa 09:00-13:00; PH off; Dec 30-Jan 03 off",ophthalmology,,,高知県高知市中宝永町７ー２１,JP,高知県,,高知市,,,中宝永町,7,21,,厚生労働省 医療情報ネットのオープンデータ (2026-06-01),,座標は住所から付与（位置レベル8）,,
3922395121940,39,33.517149,133.572429,原データ,doctors,doctor,誠内科,誠内科,誠内科,せいないか,Seinaika,,"Mo,Tu,We,Fr 09:00-13:00,14:30-17:30; Th,Sa 09:00-13:00; PH off; Dec 30-Jan 03 off",internal;cardiology,,https://select-type.com/p/seinaika-home-mobile,高知県高知市仁井田４３５０－２,JP,高知県,,高知市,,,仁井田,,,,厚生労働省 医療情報ネットのオープンデータ (2026-06-01),,,,
3922395124000,39,33.576704,133.646842,原データ,doctors,doctor,山本循環器内科・眼科,医療法人清流会山本循環器内科・眼科,山本循環器内科・眼科,,,Yamamoto Clinic,"Mo,Tu,We,Th,Fr 08:30-12:00,13:30-18:00; Sa 08:30-12:00; PH off; Dec 30-Jan 03,Sep 24,Dec 24 off",internal;cardiology;ophthalmology;radiology,,http://www.dryumiclinic.com/248896284,高知県南国市駅前町３－１－４１,JP,高知県,,南国市,,,駅前町三丁目,1,41,,厚生労働省 医療情報ネットのオープンデータ (2026-06-01),yes,名称の先頭の「清流会」を運営主体とみなして name から除いた。official_name と short_name で確かめてください / opening_hours から15件を除いた（開始と終了が同一。実質NULL）: 月 内科 00:00-00:00、火 内科 00:00-00:00 他13件,,
3922395124420,39,33.574482,133.646945,原データ,doctors,doctor,吉本皮膚科,吉本皮膚科,吉本皮膚科,よしもとひふか,,,"Mo,Tu,We,Fr,Sa 09:00-12:30,14:30-18:00; PH off; Dec 31-Jan 03 off",dermatology,,,高知県南国市大そね甲１６９８－１,JP,高知県,,南国市,,,,,,,厚生労働省 医療情報ネットのオープンデータ (2026-06-01),,,大そね甲1698-1,
3922395124680,39,33.572601,133.646795,原データ,doctors,doctor,信貴耳鼻咽喉科,信貴耳鼻咽喉科,しぎ耳鼻科,しぎじびいんこうか,,,"Tu,Th 09:00-13:00,14:30-17:30; We,Fr 09:00-13:00,14:30-17:30,18:00-20:00; Sa 09:00-13:00,14:00-16:00; PH off; Dec 29-Jan 04 off",otolaryngology,,,高知県南国市大そね甲１７７０ー６,JP,高知県,,南国市,,,,,,,厚生労働省 医療情報ネットのオープンデータ (2026-06-01),,,大そね甲1770-6,
3922395124840,39,33.571043,133.647331,原データ,doctors,doctor,井坂皮フ科,井坂皮フ科,井坂皮フ科,いさか ひふか,Isaka Hihuka,,"Mo,Tu,Th,Fr 09:00-13:00,14:00-18:00; We 09:00-13:00; Sa 09:00-13:00,14:00-16:00; PH off; Dec 31-Jan 03 off",dermatology,,,高知県南国市大そね甲１５６５,JP,高知県,,南国市,,,,,,,厚生労働省 医療情報ネットのオープンデータ (2026-06-01),,,大そね甲1565,
3922395125980,39,33.547966,133.429405,原データ,doctors,doctor,宮内医院,宮内医院,宮内医院,みやうちいいん,Miyauchi Iin,,"Mo,Tu,We,Fr 09:00-12:30,14:00-18:00; Sa 09:00-13:00; PH off; Dec 30-Jan 03 off",otolaryngology,,,高知県吾川郡いの町新町２９番地１,JP,高知県,吾川郡,いの町,,,新町,,,,厚生労働省 医療情報ネットのオープンデータ (2026-06-01),,,,
3922395126310,39,33.552808,133.452679,原データ,doctors,doctor,山内内科,山内内科,山内内科,やまうちないか,,yamauchi clinic,"Mo,Tu,Th,Fr 09:00-12:00,13:00-18:00; We,Sa 09:00-12:00; PH off; Dec 29-Jan 03 off || off ""お盆は休診""",internal;cardiology;gastroenterology;paediatrics;radiology,,,高知県吾川郡いの町枝川２４７－１１,JP,高知県,吾川郡,いの町,,,枝川,,,,厚生労働省 医療情報ネットのオープンデータ (2026-06-01),,,,
3922395127030,39,33.505402,133.460535,原データ,doctors,doctor,春野診療所,春野診療所,春野診療所,はるのしんりょうしょ,Haruno Shinryosho,,"Mo,Tu,We,Fr 09:00-12:00,13:00-15:30; PH off; Dec 29-Jan 03 off",internal,,,高知県高知市春野町弘岡上１３６,JP,高知県,,高知市,,,春野町弘岡上,,,,厚生労働省 医療情報ネットのオープンデータ (2026-06-01),,,,
3922395127160,39,33.629581,133.303452,原データ,doctors,doctor,高岩診療所,高岩診療所,高岩診療所,たかいわしんりょうしょ,Takaiwa Shinryosyo,,"Mo,We,Fr 10:15-12:00,13:30-15:00; Tu,Th,Sa 10:15-12:00; PH off; Dec 30-Jan 03 off",internal,,https://okamotokai-sakurahospital.jimdofree.com/%E9%96%A2%E9%80%A3%E3%82%B0%E3%83%AB%E3%83%BC%E3%83%97/%E9%AB%98%E5%B2%A9%E8%A8%BA%E7%99%82%E6%89%80/,高知県吾川郡いの町下八川甲３５０番地１,JP,高知県,吾川郡,いの町,,,下八川甲,,,,厚生労働省 医療情報ネットのオープンデータ (2026-06-01),,,350-1,
3922395127740,39,33.558813,133.564103,原データ,doctors,doctor,秋沢内科,秋沢内科,秋沢内科,あきざわないか,,Akizawa Clinic of Internalmedicine,"Mo,Tu,We,Th,Fr 09:00-12:30,13:30-18:00; Sa 09:00-12:00; PH off; Dec 29-Jan 03 off",internal;cardiology;gastroenterology;psychiatry,,http://nttbj.itp.ne.jp/0888823770/index.html,高知県高知市東雲町８ー４７,JP,高知県,,高知市,,,東雲町,8,47,,厚生労働省 医療情報ネットのオープンデータ (2026-06-01),,,,
3922395127870,39,33.571108,133.536997,原データ,doctors,doctor,(医)福井小児科・内科・循環器科,（医）福井小児科・内科・循環器科,福井小児科・内科,(い)ふくいしょうにか ないか じゅんかんきか,,,"Mo,Tu,We,Fr 08:40-17:30; Th 08:40-12:30; Sa 08:40-13:00; PH off; Dec 31-Jan 03,Dec 24 off",internal;cardiology;paediatrics,,http://www.fukui-shonika.jp/,高知県高知市愛宕町３－１２－３,JP,高知県,,高知市,,,愛宕町三丁目,12,3,,厚生労働省 医療情報ネットのオープンデータ (2026-06-01),,,,
3922395128200,39,33.57183,133.646973,原データ,doctors,doctor,いちはら内科小児科,医療法人穂尚会いちはら内科小児科,いちはら内科小児科,,,,"Mo,We,Fr 08:30-12:30,14:30-18:00; Tu 08:30-12:30,15:30-18:00; Sa 08:30-12:30,14:00-16:00; PH off; Dec 30-Jan 03,Aug 14-Aug 15 off",internal;paediatrics,,,高知県南国市大埇甲１７７５ー１,JP,高知県,,南国市,,,大埇甲,,,,厚生労働省 医療情報ネットのオープンデータ (2026-06-01),yes,名称の先頭の「穂尚会」を運営主体とみなして name から除いた。official_name と short_name で確かめてください,1775-1,
3922395128590,39,33.559757,133.589053,原データ,doctors,doctor,山崎耳鼻咽喉科,山崎耳鼻咽喉科,山崎耳鼻咽喉科,やまさきじびいんこうか,,Yamasaki ENT Clinic,"Mo,Tu,We,Fr 09:00-12:30,14:00-18:00; Sa 09:00-12:30,14:00-16:00; PH off; Dec 29-Jan 03 off",otolaryngology,,http://wwwa.pikara.ne.jp/yamasaki3387,高知県高知市高須２丁目１７ー２８,JP,高知県,,高知市,,,高須二丁目,17,28,,厚生労働省 医療情報ネットのオープンデータ (2026-06-01),,,,
3922395128620,39,33.631201,133.526802,原データ,doctors,doctor,高知市土佐山へき地診療所,高知市土佐山へき地診療所,土佐山診療所,こうちしとさやまへきちしんりょうしょ,,,"Mo,Tu,Th,Fr 09:00-12:00,13:30-17:00; We 09:00-12:00; PH off; Dec 29-Jan 03 off",internal,,,高知県高知市土佐山桑尾１８４２－２,JP,高知県,,高知市,,,土佐山桑尾,,,,厚生労働省 医療情報ネットのオープンデータ (2026-06-01),,,,
3922395129760,39,33.546326,133.410711,原データ,doctors,doctor,田村カルディオクリニック,医療法人波川会　田村カルディオクリニック,田村カルディオクリニック,,,Tamura Cardio Clinic,"Mo,Tu,We,Th,Fr 09:00-18:00; Sa 09:00-12:30; PH off; Jan 01-Jan 03,Aug 13,Dec 30 off",internal;cardiology;surgery;orthopaedics,,http://www.tamura-cardioclinic.com/,高知県吾川郡いの町波川５６３,JP,高知県,吾川郡,いの町,,,波川,,,,厚生労働省 医療情報ネットのオープンデータ (2026-06-01),yes,opening_hours から48件を除いた（開始と終了が同一。実質NULL）: 月 内科 00:00-00:00、火 内科 00:00-00:00 他46件,563,
3922395129920,39,33.543727,133.500704,原データ,doctors,doctor,土佐整形外科,医療法人田中会　土佐整形外科,土佐整形外科,,,,"Mo,Tu,Th,Fr 09:00-12:00,13:30-17:30; Sa 09:00-12:00; PH off; Dec 31-Jan 03 off",orthopaedics;physiatry,,https://tosa-seikei.jp/,高知県高知市朝倉甲５０ー６,JP,高知県,,高知市,,,朝倉甲,,,,厚生労働省 医療情報ネットのオープンデータ (2026-06-01),,,50-6,
3922395130320,39,33.554232,133.5439,原データ,doctors,doctor,藤田皮フ科,藤田皮フ科,藤田皮フ科,ふじたひふか,Fujita Hifuka,,"Mo,Tu,We,Th,Fr,Sa 09:00-12:30,13:30-18:00; PH off; Dec 29-Jan 03 off",dermatology,,,高知県高知市梅ノ辻５ー２５,JP,高知県,,高知市,,,梅ノ辻,5,25,,厚生労働省 医療情報ネットのオープンデータ (2026-06-01),,,,
3922395130750,39,33.551699,133.470735,原データ,doctors,doctor,こうない坂医院,こうない坂医院,こうない坂医院,こうないざかいいん,Kounaizaka Iin,,"Mo,Tu,We,Th,Fr 09:00-12:00,13:00-17:30; Sa 09:00-12:00; PH off; Dec 30-Jan 03 off",dermatology;urology,,,高知県高知市朝倉丙１９１７ー３,JP,高知県,,高知市,,,朝倉丙,,,,厚生労働省 医療情報ネットのオープンデータ (2026-06-01),,,1917-3,
3922395130900,39,33.560034,133.589611,原データ,doctors,doctor,高須どい産婦人科,高須どい産婦人科,高須どい産婦人科,たかすどいさんふじんか,,Takasu Doi Maternity Clinic,"Mo,Tu,We,Th,Fr,Sa 09:00-12:30,14:00-16:00,17:00-18:00; PH off; Dec 31-Jan 03 off",gynaecology,,http://www.takasudoi.com/,高知県高知市高須２丁目１８番１７号,JP,高知県,,高知市,,,高須二丁目,18,17,,厚生労働省 医療情報ネットのオープンデータ (2026-06-01),,,,
3922395131170,39,33.49192,133.511127,原データ,doctors,doctor,はるの森澤クリニック,はるの森澤クリニック,はるの森澤クリニック,はるのもりさわくりにっく,,Haruno Morisawa Clinic,"Mo,Tu,We,Th,Fr 08:30-12:00,13:00-16:30; PH off; Dec 29-Jan 03 off",internal;gastroenterology;hepatology;dermatology,,http://morisawaclinic.blogspot.jp/,高知県高知市春野町東諸木３１６３,JP,高知県,,高知市,,,春野町東諸木,,,,厚生労働省 医療情報ネットのオープンデータ (2026-06-01),,,,
3922395131460,39,33.562533,133.589055,原データ,clinic,clinic,はまだ産婦人科,はまだ産婦人科,はまだ産婦人科,はまださんふじんか,,,"Mo,Tu,We,Fr 09:00-12:30,14:00-18:00; Th 09:00-12:30; Sa 09:00-12:30,13:30-16:00; PH off; Dec 29-Jan 03 off",internal;gynaecology,,,高知県高知市高須３丁目１ー２８,JP,高知県,,高知市,,,高須三丁目,1,28,3,厚生労働省 医療情報ネットのオープンデータ (2026-06-01),,,,
3922395131590,39,33.566166,133.646445,原データ,doctors,doctor,高田内科,医療法人若草会高田内科,高田内科,,,,"Mo,Tu,We,Th,Fr 08:30-12:30,14:00-17:00; Sa 08:30-12:00; PH off; Dec 30-Jan 03 off",internal;endocrinology;pulmonology;cardiology;gastroenterology;nephrology,,http://www.takata-clinic.jp,高知県南国市大そね乙１２５３ー８,JP,高知県,,南国市,,,,,,,厚生労働省 医療情報ネットのオープンデータ (2026-06-01),yes,名称の先頭の「若草会」を運営主体とみなして name から除いた。official_name と short_name で確かめてください,大そね乙1253-8,
3922395131880,39,33.5467,133.546561,原データ,doctors,doctor,ちかぞえ小児科,ちかぞえ小児科,ちかぞえ小児科,ちかぞえしょうにか,Chikazoesyounika,,"Mo,Tu,We,Fr 09:00-12:30,14:30-18:00; Th 14:30-18:00; Sa 09:00-12:30; PH off",internal;paediatrics,,http://www.chikazoe.com/e/index.htm,高知県高知市百石町,JP,高知県,,高知市,,,,,,,厚生労働省 医療情報ネットのオープンデータ (2026-06-01),,,百石町,
3922395131910,39,33.560034,133.589888,原データ,doctors,doctor,杉本整形外科,医療法人　孝仁会　杉本整形外科,杉本整形外科,,,SUGIMOTO Orthopaedic Clinic,"Mo,Tu,We,Fr 09:00-12:00,14:00-17:30; Th,Sa 09:00-12:00; PH off; Dec 31-Jan 03 off || off ""GWは休診""",orthopaedics;rheumatology;physiatry,,https://kochi-sugimoto-clinic.or.jp,高知県高知市高須２丁目１８番１９号,JP,高知県,,高知市,,,高須二丁目,18,19,,厚生労働省 医療情報ネットのオープンデータ (2026-06-01),,,,
3922395132100,39,33.554341713,133.548108157,ジオコーディング,doctors,doctor,ふたばクリニック,ふたばクリニック,ふたばクリニック,ふたばくりにっく,,Futaba clinic,"Mo,Tu,We,Fr 09:00-12:00,14:00-18:00; Th,Sa 09:00-13:00; PH off; Dec 30-Jan 03 off",internal;cardiology;gastroenterology,,http://www.futabaclinic.com/,高知県高知市役知町１５－７,JP,高知県,,高知市,,,役知町,15,7,,厚生労働省 医療情報ネットのオープンデータ (2026-06-01),,座標は住所から付与（位置レベル8）,,
3922395132760,39,33.569223,133.536519,原データ,doctors,doctor,カジハラ耳鼻咽喉科,医療法人　壮正会　カジハラ耳鼻咽喉科,カジハラ耳鼻咽喉科,,,,"Mo,Tu,We,Fr 09:30-12:30,15:00-18:30; Sa 09:30-12:30,15:00-17:30; PH off; Dec 29-Jan 03 off",otolaryngology,,,高知県高知市愛宕町２丁目２２－１２,JP,高知県,,高知市,,,愛宕町二丁目,22,12,,厚生労働省 医療情報ネットのオープンデータ (2026-06-01),,,,
3922395132890,39,33.543833,133.500023,原データ,doctors,doctor,宮上内科,宮上内科,宮上内科,みやうえないか,Miyaue Nika,,"Mo,Tu,Th,Fr 09:00-12:30,14:00-18:00; We,Sa 09:00-12:30; PH off; Dec 29-Jan 03,Aug 15 off",internal;pulmonology;cardiology;gastroenterology,,,高知県高知市朝倉東町５１－１,JP,高知県,,高知市,,,朝倉東町,,,,厚生労働省 医療情報ネットのオープンデータ (2026-06-01),yes,opening_hours から16件を除いた（開始と終了が同一。実質NULL）: 月 内科 00:00-00:00、火 内科 00:00-00:00 他14件 / 番地が住居表示にも地番にも見つからないため addr:block_number と addr:housenumber をタグ出力していない,,
3922395132920,39,33.570735,133.521307,原データ,doctors,doctor,内田産婦人科,内田産婦人科,医療法人博生会内田産婦人科,うちださんふじんか,Uchida Sannfujinnka,,"Mo,Tu,We,Fr 09:00-12:30,14:00-17:00; Th,Sa 09:00-12:30; PH off; Dec 28-Jan 05 off",gynaecology,,,高知県高知市南久万３９－２,JP,高知県,,高知市,,,南久万,,,,厚生労働省 医療情報ネットのオープンデータ (2026-06-01),yes,opening_hours から4件を除いた（開始と終了が同一。実質NULL）: 月 産婦人科 00:00-00:00、火 産婦人科 00:00-00:00 他2件,,
3922395133190,39,33.564571,133.561084,原データ,clinic,clinic,伊藤外科 乳腺クリニック,伊藤外科　乳腺クリニック,伊藤外科　乳腺クリニック,いとうげか にゅうせんくりにっく,,Ito Breast Surgery Clinic,"Mo,We,Fr,Sa 09:00-12:30,14:00-17:30; Tu,Th 09:00-12:30; PH off; Dec 31-Jan 03 off",surgery,,http://www.ito-nyusen.or.jp/,高知県高知市札場１２－１０,JP,高知県,,高知市,,,札場,12,10,19,厚生労働省 医療情報ネットのオープンデータ (2026-06-01),,,,
3922395133480,39,33.524004,133.574242,原データ,doctors,doctor,坂井内科小児科,坂井内科小児科,坂井内科小児科,さかいないかしょうにか,,Sakai Naika-Shonika Clinic,"Mo,Tu,We,Th,Fr 09:00-13:00,14:00-18:00; Sa 09:00-13:00; PH off; Dec 30-Jan 03 off",internal;paediatrics,,,高知県高知市十津３丁目６ー２８,JP,高知県,,高知市,,,十津三丁目,6,28,,厚生労働省 医療情報ネットのオープンデータ (2026-06-01),,,,
3922395133510,39,33.559741,133.555748,原データ,clinic,clinic,こんどうクリニック,こんどうクリニック,こんどうクリニック,こんどう くりにっく,,Kondo Clinic,"Mo,Tu,Th,Fr 09:00-12:30,14:00-18:00; We 09:00-12:30,14:00-17:00; Sa 09:00-13:00; PH off; Dec 30-Jan 03 off",orthopaedics;rheumatology;physiatry,,https://www.kouchi-kondo-clinic.com,高知県高知市日の出町１ー１１,JP,高知県,,高知市,,,日の出町,1,11,19,厚生労働省 医療情報ネットのオープンデータ (2026-06-01),,,,
3922395133770,39,33.559682,133.543619,原データ,doctors,doctor,寺尾内科クリニック,寺尾内科クリニック,寺尾内科クリニック,てらおないかくりにっく,,Teraonaika Clinic,"Mo,Tu,We,Fr 08:30-13:00,14:00-18:00; Th,Sa 08:30-13:00; PH off; Dec 30-Jan 03 off",internal;pulmonology;cardiology;gastroenterology,,http://nttbj.itp.ne.jp/0888848880/index.html,高知県高知市はりまや町１⁻５⁻３３土電ビル４Ｆ,JP,高知県,,高知市,,,はりまや町一丁目,,,,厚生労働省 医療情報ネットのオープンデータ (2026-06-01),,,⁻5⁻33土電ビル4F,
3922395134070,39,33.526872,133.620304,原データ,doctors,doctor,小栗医院,小栗医院,小栗医院,おぐり いいん,,,"Mo,Tu,We,Fr 09:15-11:45,14:00-17:15; Th,Sa 09:15-11:45; PH off; Dec 29-Jan 03,Aug 13-Aug 15 off",internal,,http://www.kochi-web.com/hp1/oguri/index.html,高知県南国市十市２７０２－４,JP,高知県,,南国市,,,十市,,,,厚生労働省 医療情報ネットのオープンデータ (2026-06-01),,,,
3922395134360,39,33.551167,133.546303,原データ,doctors,doctor,絹川医院,絹川医院,絹川医院,きぬがわいいん,Kinugawa Iin,,"Mo,Tu,We,Fr 09:00-12:30,14:00-18:00; Th,Sa 09:00-12:30; PH off || off ""年末年始は休診""",internal;endocrinology;pulmonology;cardiology;gastroenterology;surgery;proctology;physiatry,,http://www.kinugawaiin.com/,高知県高知市桟橋通一丁目７ー１７,JP,高知県,,高知市,,,桟橋通一丁目,7,17,,厚生労働省 医療情報ネットのオープンデータ (2026-06-01),,,,
3922395134520,39,33.571676,133.590742,原データ,doctors,doctor,大津診療所,大津診療所,大津診療所,おおつ しんりょうしょ,Ohtsu Shinryousho,,"Mo,Tu,We,Th,Fr 09:00-12:30,13:30-17:30; Sa 09:00-12:30; PH off; Jan 01-Jan 03,Dec 29 off",internal;gastroenterology;anaesthetics,,,高知県高知市大津乙１９５８ー７,JP,高知県,,高知市,,,大津乙,,,,厚生労働省 医療情報ネットのオープンデータ (2026-06-01),,,1958-7,
3922395134650,39,33.565866,133.537672,原データ,doctors,doctor,さかもと眼科,さかもと眼科,さかもと眼科,さかもと がんか,,SAKAMOTO-EYE-Clinic,"Mo,Tu,We,Th,Fr 09:00-12:30,14:30-18:30; Sa 09:00-14:00; PH off; Dec 29-Jan 03,Aug 09-Aug 11 off",ophthalmology,,,高知県高知市愛宕町１丁目５番８号,JP,高知県,,高知市,,,愛宕町一丁目,5,8,,厚生労働省 医療情報ネットのオープンデータ (2026-06-01),,,,
3922395134780,39,33.545261,133.546669,原データ,doctors,doctor,市川医院,市川医院,市川医院,いちかわいいん,Ichikawa Iin,,"Mo,Tu,We,Fr 09:00-12:00,13:30-17:30; Th,Sa 09:00-12:00; PH off; Dec 29-Jan 03,Aug 08,Aug 10 off",internal;pulmonology,,,高知県高知市百石町３ー８ー２０,JP,高知県,,高知市,,,百石町三丁目,8,20,,厚生労働省 医療情報ネットのオープンデータ (2026-06-01),yes,opening_hours から8件を除いた（開始と終了が同一。実質NULL）: 月 内科 00:00-00:00、火 内科 00:00-00:00 他6件,,
3922395134810,39,33.541424,133.537393,原データ,doctors,doctor,潮江診療所,潮江診療所,潮江診療所,うしおえしんりょうしょ,Usioe Sinryousho,,"Mo,Fr 09:00-12:30,15:00-17:30; Tu,We,Sa 09:00-12:30; Sa[1,3,5] off; PH off; Dec 30-Jan 03 off",internal;pulmonology;gastroenterology,,http://www.kochi-hco-op.or.jp/ho1.html,高知県高知市高見町３６３－１,JP,高知県,,高知市,,,高見町,,,,厚生労働省 医療情報ネットのオープンデータ (2026-06-01),,,,
3922395135080,39,33.556421,133.536838,原データ,clinic,clinic,さんさんクリニック,さんさんクリニック,さんさんクリニック,さんさんくりにっく,,sunsun clinic,"Mo,Tu,We,Th,Fr 09:00-13:00,14:00-18:00; Sa 09:00-13:00; PH off; Dec 31-Jan 03 off",internal;gastroenterology;orthopaedics;dentistry;dental_oral_maxillo_facial_surgery;paediatric_dentistry;rheumatology;physiatry;radiology,,http://sunsunclinic.com/,高知県高知市鷹匠町１－１－８,JP,高知県,,高知市,,,鷹匠町一丁目,1,8,19,厚生労働省 医療情報ネットのオープンデータ (2026-06-01),,,,
3922395135240,39,33.542324,133.491786,原データ,doctors,doctor,坂本医院,坂本医院,坂本医院,さかもといいん,Sakamoto Iin,,"Mo,Tu,We,Fr 09:00-11:50,14:00-16:50; Th 09:00-11:50,15:00-16:50; Sa 09:00-11:50; PH off; Dec 29-Jan 03 off",internal;dermatology,,,高知県高知市朝倉南町４ー２５,JP,高知県,,高知市,,,朝倉南町,4,25,,厚生労働省 医療情報ネットのオープンデータ (2026-06-01),,,,
3922395135370,39,33.554478,133.507952,原データ,doctors,doctor,あさひ皮フ科,あさひ皮フ科,あさひ皮フ科,あさひひふか,Asahihihuka,,"Mo,Tu,Th,Fr 09:00-17:30; Sa 09:00-15:00; PH off; Dec 30-Jan 03 off",dermatology,,http://www.asahihifuka.com,高知県高知市旭町２丁目３８,JP,高知県,,高知市,,,旭町二丁目,,,,厚生労働省 医療情報ネットのオープンデータ (2026-06-01),,,,
3922395135530,39,33.515701,133.535566,原データ,doctors,doctor,横浜ニュータウン内科,医療法人　安岡会　横浜ニュータウン内科,横浜ニュータウン内科,,,,"Mo,Tu,We,Fr 09:00-13:00,14:30-18:30; Th,Sa 09:00-13:00; PH off; Dec 29-Jan 03 off",internal;gastroenterology;hepatology;paediatrics,,,高知県高知市横浜新町４丁目２３１５,JP,高知県,,高知市,,,横浜新町四丁目,,,,厚生労働省 医療情報ネットのオープンデータ (2026-06-01),,,,
3922395135660,39,33.561142,133.494897,原データ,clinic,clinic,内田脳神経外科,内田脳神経外科,内田脳神経外科,うちだのうしんけいげか,Utidanosinkeigeka,,"Mo,Tu,Th 08:00-17:00; We,Fr,Sa,Su,PH 08:30-12:30,13:30-17:00",internal;cardiology;neurosurgery;physiatry;radiology,,http://www3.ocn.ne.jp/josenkai/,高知県高知市塚ノ原３７,JP,高知県,,高知市,,,塚ノ原,,,19,厚生労働省 医療情報ネットのオープンデータ (2026-06-01),,,37,
3922395135820,39,33.518442,133.534138,原データ,doctors,doctor,依岡内科,依岡内科,依岡内科,よりおかないか,,yorioka clinic,"Mo,Tu,We,Th,Fr 09:00-12:30,14:00-17:30; Sa 09:00-12:30; PH off; Dec 29-Jan 03 off",internal;cardiology;paediatrics,,,高知県高知市横浜新町３丁目１１６,JP,高知県,,高知市,,,横浜新町三丁目,,,,厚生労働省 医療情報ネットのオープンデータ (2026-06-01),,,,
3922395136380,39,33.566177,133.501215,原データ,doctors,doctor,松岡クリニック,松岡クリニック,松岡クリニック,まつおかくりにっく,,Matsuoka Clinic,"Mo,Tu,We,Th,Fr 09:00-12:00,14:00-18:00; Sa 09:00-12:00; PH off; Dec 29-Jan 03 off",internal;cardiology;gastroenterology;paediatrics,,,高知県高知市横内,JP,高知県,,高知市,,,横内,,,,厚生労働省 医療情報ネットのオープンデータ (2026-06-01),,,,
3922395136670,39,33.543931,133.513755,原データ,doctors,doctor,大原小児科医院,大原小児科医院,大原小児科,おおはらしょうにかいいん,Ohara Syonika,,"Mo,Tu,Th,Fr 09:00-12:00,14:30-18:30; Sa 09:00-12:00; PH off; Dec 30-Jan 03 off",paediatrics,,,高知県高知市神田,JP,高知県,,高知市,,,神田,,,,厚生労働省 医療情報ネットのオープンデータ (2026-06-01),,,,
3922395137000,39,33.558261,133.577296,原データ,clinic,clinic,青木脳神経外科形成外科,青木脳神経外科形成外科,青木脳神経外科形成外科,あおきのうしんけいげかけいせいげか,Aokinoushinkeigekakeiseigeka,,"Mo,Tu,We,Th,Fr 08:30-13:00,14:00-18:00; Sa 08:30-13:00; PH off; Dec 31-Jan 03 off",internal;cardiology;neurosurgery;cardiothoracic_surgery;plastic_surgery;dermatology;physiatry,,http://www.antiaging-aoki.com/,高知県高知市高須新町１丁目６番２６,JP,高知県,,高知市,,,高須新町一丁目,6,26,19,厚生労働省 医療情報ネットのオープンデータ (2026-06-01),,,,
3922395137390,39,33.557132,133.526423,原データ,doctors,doctor,クリニック グリーンハウス,クリニック　グリーンハウス,クリニック　グリーンハウス,くりにっく ぐりーんはうす,,Clinic Greenhouse,"Mo,Tu,We,Fr 09:00-12:00,14:30-17:00; Sa 09:00-12:00,13:30-15:00; PH off; Jan 02,Jul 30-Aug 01,Aug 03-Aug 04,Dec 28-Dec 31 off",internal;gastroenterology;gynaecology,,http://clinic-greenhouse.jp/,高知県高知市上町１丁目７番１号,JP,高知県,,高知市,,,上町一丁目,7,1,,厚生労働省 医療情報ネットのオープンデータ (2026-06-01),,,,
3922395137420,39,33.557776,133.529079,原データ,doctors,doctor,県庁前クリニック,県庁前クリニック,県庁前クリニック,けんちょうまえくりにっく,Kenchyoumae Kurinikku,,"Mo,Tu,We,Fr 09:00-17:30; Th 09:00-12:00; Sa 09:00-12:30; PH off; Dec 29-Jan 03 off",internal;gastroenterology;surgery,,,高知県高知市升形４ー３,JP,高知県,,高知市,,,升形,4,3,,厚生労働省 医療情報ネットのオープンデータ (2026-06-01),yes,opening_hours から36件を除いた（開始と終了が同一。実質NULL）: 木 内科 00:00-00:00、土 内科 00:00-00:00 他34件,,
3922395137680,39,33.562842,133.541717,原データ,clinic,clinic,植田医院,医療法人　穂仁会　植田医院,植田医院,,,Ueta Medical Clinic,"Mo,Tu,We,Th,Fr 09:30-13:00,14:00-17:30; Sa 09:30-13:00,14:00-15:00; PH off",internal;endocrinology;pulmonology;cardiology;gastroenterology;nephrology;neurology;paediatrics;psychiatry;allergology;rheumatology;radiology,,,高知県高知市廿代町１ー８,JP,高知県,,高知市,,,廿代町,1,8,19,厚生労働省 医療情報ネットのオープンデータ (2026-06-01),,,,
3922395137840,39,33.565578,133.536689,原データ,doctors,doctor,高島整形外科内科,高島整形外科内科,高島整形外科内科,たかしませいけいげかないか,,Takashima Orthopedic Clinic,"Mo,Tu,Th,Fr 09:00-12:00,13:30-17:30; We,Sa 09:00-12:00; PH off; Jan 01-Jan 03,Dec 30 off",internal;orthopaedics;physiatry,,,高知県高知市愛宕町,JP,高知県,,高知市,,,,,,,厚生労働省 医療情報ネットのオープンデータ (2026-06-01),,,愛宕町,
3922395137970,39,33.557857,133.537153,原データ,doctors,doctor,石丸眼科,石丸眼科,石丸眼科,いしまるがんか,Ishimaru Ganka,,"Mo,Tu,Th,Fr 09:00-12:00,13:30-17:00; We 09:00-12:00,14:30-17:00; Sa 09:00-12:00; PH off; Dec 29-Jan 03,Aug 10-Aug 12 off",ophthalmology,,http://www.ishimaru-eye.com,高知県高知市本町２ー５ー２０,JP,高知県,,高知市,,,本町二丁目,5,20,,厚生労働省 医療情報ネットのオープンデータ (2026-06-01),,,,
3922395138270,39,33.552174,133.516022,原データ,doctors,doctor,石立クリニック,石立クリニック,石立クリニック,いしだてくりにっく,,Ishidate Clinic,"Mo,Tu,We,Th,Fr 09:00-18:00; Sa 09:00-13:00; PH off",internal;pulmonology;gastroenterology;physiatry,,,高知県高知市石立町９６ー５,JP,高知県,,高知市,,,石立町,,,,厚生労働省 医療情報ネットのオープンデータ (2026-06-01),,,,
3922395138430,39,33.556174,133.536914,原データ,clinic,clinic,田村産婦人科,田村産婦人科,田村産婦人科,たむらさんふじんか,Tamurasanfujinka,,"Mo,Tu,We,Th,Fr 09:00-12:00,14:30-17:30; Sa 09:00-12:00,14:30-17:00; PH off; Dec 31-Jan 03 off",gynaecology,,http://www.tamura.or.jp,高知県高知市鷹匠町１－１－１０,JP,高知県,,高知市,,,鷹匠町一丁目,1,10,19,厚生労働省 医療情報ネットのオープンデータ (2026-06-01),,,,
3922395138930,39,33.557118,133.524912,原データ,doctors,doctor,吉岡クリニック,吉岡クリニック,吉岡クリニック,よしおか くりにっく,,Yoshioka clinic,"Mo,Tu,We,Th,Fr 09:00-13:00,14:30-17:30; Sa 09:00-13:00; PH off; Dec 30-Jan 03 off",internal;cardiology,,,高知県高知市上町２丁目５番１号　臼井エステートビル２階,JP,高知県,,高知市,,,上町二丁目,5,1,,厚生労働省 医療情報ネットのオープンデータ (2026-06-01),,,臼井エステートビル2階,
3922395139150,39,33.52793,133.44084,原データ,clinic,clinic,町田整形外科,町田整形外科,町田整形外科,まちだせいけいげか,Machida Seikeigeka,,"Mo,Tu,We,Fr 09:00-12:30,14:00-18:00; Th,Sa 09:00-12:30,14:00-17:00; PH off; Dec 30-Jan 03,Aug 09,Aug 29 off",orthopaedics;rheumatology;physiatry;anaesthetics,,http://www.machidaseikei.com/,高知県吾川郡いの町天王南１－６－３,JP,高知県,吾川郡,いの町,,,天王南一丁目,,,19,厚生労働省 医療情報ネットのオープンデータ (2026-06-01),yes,opening_hours から18件を除いた（開始と終了が同一。実質NULL）: 月 整形外科 00:00-00:00、火 整形外科 00:00-00:00 他16件 / 地番のため addr:block_number と addr:housenumber をタグ出力していない,,
3922395139280,39,33.547343,133.428633,原データ,doctors,doctor,高岡内科,医療法人慶誠会　高岡内科,高岡内科,,,Takaoka Clinic of internal medicine,"Mo,Tu,We,Fr 09:00-12:30,14:00-18:00; Th,Sa 09:00-12:30; PH off; Dec 30-Jan 03 off",internal;pulmonology,,https://www.takaokanaika.com,高知県吾川郡いの町新町８６番地,JP,高知県,吾川郡,いの町,,,新町,,,,厚生労働省 医療情報ネットのオープンデータ (2026-06-01),,,,
3922395139310,39,33.580761,133.576004,原データ,clinic,clinic,浅井産婦人科・内科,浅井産婦人科・内科,浅井産婦人科・内科,あさいさんふじんかないか,,Asai OB/GYN Clinic,"Mo,Tu,We,Fr 09:00-17:00; Th 09:00-12:00; Sa 09:00-15:00; PH off; Jan 01,Aug 16,Dec 30 off",internal;infectious_diseases;endocrinology;cardiology;nephrology;traditional_chinese_medicine;paediatrics;dermatology;gynaecology,,,高知県高知市一宮東町１丁目７－７,JP,高知県,,高知市,,,一宮東町一丁目,7,7,2,厚生労働省 医療情報ネットのオープンデータ (2026-06-01),yes,休診日の記述「31日2日3日」を opening_hours に変換できていない,,
3922395140260,39,33.578365,133.61183,原データ,clinic,clinic,おの肛門科胃腸科内視鏡クリニック,おの肛門科胃腸科内視鏡クリニック,おの肛門科,おのこうもんかないしきょうくりにっく,,Ono komonka naishikyo clinic,"Mo,Tu,We,Th,Fr,Sa 09:00-12:00; PH off; Dec 30-Jan 03 off",internal;gastroenterology;surgery;proctology;radiology,,http://www.kochi-clinic.jp/,高知県高知市大津甲５５３－２,JP,高知県,,高知市,,,大津甲,,,19,厚生労働省 医療情報ネットのオープンデータ (2026-06-01),yes,opening_hours から15件を除いた（開始が 06:00 より前）: 月 内科 01:00-05:30、火 内科 01:00-05:30 他13件 / 休診日の記述「午後」を opening_hours に変換できていない,553-2,
3922395140680,39,33.608012,133.471676,原データ,doctors,doctor,山村診療所,山村診療所,山村診療所,やまむらしんりょうしょ,Yamamura Sinryousyo,,"Mo,We,Sa 09:00-12:30; PH off; Dec 31-Jan 03 off",internal;pulmonology;cardiology;gastroenterology,,,高知県高知市鏡今井１２６番地,JP,高知県,,高知市,,,鏡今井,,,,厚生労働省 医療情報ネットのオープンデータ (2026-06-01),,,,
3922395140710,39,33.572204,133.635818,原データ,doctors,doctor,田村こどもクリニック,田村こどもクリニック,田村こどもクリニック,たむらこどもくりにっく,,tamura kodomo clinic,"Mo,Th 08:30-12:00,15:00-17:30; Tu 08:30-12:00,13:00-15:00; We 08:30-12:00,13:30-17:30; Fr 08:30-17:30; Sa 08:30-12:00; PH off; Dec 29-Jan 03 off",paediatrics,,http://www.tamkocli.or.jp,高知県南国市篠原１４５９－１,JP,高知県,,南国市,,,篠原,,,,厚生労働省 医療情報ネットのオープンデータ (2026-06-01),,,,
3922395140970,39,33.507627,133.543179,原データ,doctors,doctor,かっとう耳鼻科,かっとう耳鼻科,かっとう耳鼻科,かっとうじびか,,,"Mo,Tu,We,Fr 09:00-12:30,14:00-18:00; Sa 09:00-12:30,14:00-17:00; PH off; Dec 29-Jan 03,Aug 13-Aug 14 off",otolaryngology,,,高知県高知市瀬戸南町３－２,JP,高知県,,高知市,,,,,,,厚生労働省 医療情報ネットのオープンデータ (2026-06-01),yes,町字が入力と別のものになったため addr:neighbourhood をタグ出力していない。修正候補: 瀬戸南町,南町3-2,
3922395141010,39,33.575404,133.64489,原データ,doctors,doctor,川田内科,川田内科,川田内科,かわだないか,Kawada Naika,,"Mo,We 08:30-12:30,14:00-18:00; Tu,Fr 08:30-12:30,14:30-18:00; Th,Sa 08:30-12:00; PH off; Jan 01-Jan 03 off",internal,,,高知県南国市後免町４－２－７,JP,高知県,,南国市,,,後免町四丁目,2,7,,厚生労働省 医療情報ネットのオープンデータ (2026-06-01),yes,休診日の記述「毎週木曜日土曜日午後」を opening_hours に変換できていない,,
3922395141140,39,33.565618,133.551857,原データ,doctors,doctor,田内眼科,田内眼科,田内眼科,たのうちがんか,,Tanouchi Eye Clinic,"Mo,Tu,We,Fr 09:00-12:30,14:00-17:30; Sa 08:30-16:30; PH off; Dec 30-Jan 03 off",ophthalmology,,http://www.tanouchi.com,高知県高知市北本町４－３－１２,JP,高知県,,高知市,,,北本町四丁目,3,12,,厚生労働省 医療情報ネットのオープンデータ (2026-06-01),,,,
3922395141300,39,33.556144,133.502953,原データ,doctors,doctor,高知医療生活協同組合旭診療所,高知医療生活協同組合旭診療所,旭診療所,こうちいりょうせいかつきょうどうくみあい あさひしんりょうしょ,,,"Mo,Fr 09:00-12:30,15:00-18:00; Tu 09:00-12:30,15:00-17:00; We,Sa 09:00-12:30; We[5] off; Sa[1,3] off; PH off; Dec 30-Jan 03 off",internal;cardiology;surgery,,http://www.kochi-hco-op.or.jp/,高知県高知市旭上町,JP,高知県,,高知市,,,旭上町,,,,厚生労働省 医療情報ネットのオープンデータ (2026-06-01),,,,
3922395141430,39,33.562162,133.546944,原データ,doctors,doctor,谷岡内科小児科,谷岡内科小児科,谷岡内科小児科,たにおかないかしょうにか,Tanioka Naikasyounika,,"Mo,Tu,Th,Fr 09:00-12:00,13:30-17:00; We,Sa 09:00-12:00; PH off; Dec 29-Jan 03 off",internal;paediatrics,,,高知県高知市はりまや町３―２１―１７,JP,高知県,,高知市,,,はりまや町三丁目,21,17,,厚生労働省 医療情報ネットのオープンデータ (2026-06-01),,,,
3922395141690,39,33.569754,133.52934,原データ,doctors,doctor,吉川内科消化器科,吉川内科消化器科,吉川内科,よしかわないかしょうかきか,,Yoshikawa Clinic,"Mo,Tu,Th,Fr 09:00-12:30,14:00-18:00; We 09:00-12:30; Sa 09:00-12:30,14:00-17:00; PH off; Dec 30-Jan 03 off",internal;cardiology;gastroenterology,,https://www.yoshikawa-naikasyoukakika.com/,高知県高知市伊勢崎町１０番１１号,JP,高知県,,高知市,,,伊勢崎町,10,11,,厚生労働省 医療情報ネットのオープンデータ (2026-06-01),,,,
3922395141720,39,33.574999,133.529259,原データ,doctors,doctor,菅野医院,菅野医院,菅野医院,すがのいいん,,Sugano Clinic,"Mo,Tu,We,Fr 08:30-12:30,14:30-18:30; Th,Sa 08:30-12:30; PH off; Dec 31-Jan 03 off",internal;pulmonology;cardiology;gastroenterology,,,高知県高知市東久万８４番２１,JP,高知県,,高知市,,,東久万,,,,厚生労働省 医療情報ネットのオープンデータ (2026-06-01),,,,
3922395141850,39,33.55559,133.57989,原データ,clinic,clinic,フレッククリニック,フレッククリニック,フレッククリニック,ふれっくくりにっく,,FLEC CLINIC,"Mo,Tu,We 09:00-17:30,18:00-18:30; Th,Fr 09:00-12:30; Sa 09:00-17:30; PH off; Dec 30-Jan 03 off",orthopaedics;rheumatology;physiatry,,http://hands-kochi.or.jp/,高知県高知市高須新町４－３－２０,JP,高知県,,高知市,,,高須新町四丁目,3,20,19,厚生労働省 医療情報ネットのオープンデータ (2026-06-01),,,,
3922395142020,39,33.540054,133.53952,原データ,doctors,doctor,玉木内科小児科クリニック,医療法人円卓会玉木内科小児科クリニック,玉木内科小児科,,,Tamaki Clinic,"Mo,Tu,We,Fr,Sa 09:00-12:30,14:00-18:00; Th 09:00-13:30; PH off; Dec 31-Jan 03 off",internal;endocrinology;pulmonology;geriatrics;cardiology;gastroenterology;nephrology;hepatology;allergology;paediatrics;psychiatry;rheumatology;physiatry;radiology,,,高知県高知市高見町１８９ー１,JP,高知県,,高知市,,,高見町,,,,厚生労働省 医療情報ネットのオープンデータ (2026-06-01),yes,名称の先頭の「円卓会」を運営主体とみなして name から除いた。official_name と short_name で確かめてください,,
3922395142280,39,33.509762,133.544616,原データ,doctors,doctor,野田眼科,野田眼科,野田眼科,のだがんか,,Noda Eye Clinic,"Mo,Tu,We,Fr 09:00-12:00,14:00-18:00; Sa 09:00-12:00,14:00-17:00; PH off; Dec 30-Jan 03 off",ophthalmology,,,高知県高知市瀬戸１丁目６番４０号,JP,高知県,,高知市,,,瀬戸一丁目,6,40,,厚生労働省 医療情報ネットのオープンデータ (2026-06-01),,,,
3922395142310,39,33.578554,133.545991,原データ,clinic,clinic,福田心臓・消化器内科,福田心臓・消化器内科,福田心臓・消化器内科,ふくだしんぞうしょうかきないか,,,"Mo,Tu,We,Th,Fr 08:30-13:00,14:00-18:00; Sa 08:30-13:00,14:00-16:00; PH off; Dec 29-Jan 03,Aug 13-Aug 15 off",internal;cardiology;gastroenterology;surgery;cardiothoracic_surgery;plastic_surgery;paediatrics;dermatology;physiatry,,https://www.fukudacl.or.jp,高知県高知市東秦泉寺６７番地１,JP,高知県,,高知市,,,東秦泉寺,,,16,厚生労働省 医療情報ネットのオープンデータ (2026-06-01),,,,
3922395142570,39,33.547056,133.549113,原データ,doctors,doctor,長尾神経クリニック,長尾神経クリニック,長尾神経クリニック,ながおしんけいくりにっく,,Nagao Shinkei Clinic,"Mo,Tu,We,Th,Fr 09:00-12:30,14:00-17:30; Sa 09:00-12:30; PH off; Dec 30-Jan 03 off",psychiatry,,,高知県高知市桟橋通３－１－１５,JP,高知県,,高知市,,,桟橋通三丁目,1,15,,厚生労働省 医療情報ネットのオープンデータ (2026-06-01),,,,
3922395142600,39,33.568504,133.63555,原データ,doctors,doctor,ありさわ耳鼻咽喉科,ありさわ耳鼻咽喉科,ありさわ耳鼻咽喉科,ありさわじびいんこうか,Arisawa Jibiinkoka,,"Mo,Tu,Th,Fr 09:00-12:00,14:30-18:00; Sa 09:00-12:00,14:30-16:30; PH off; Dec 30-Jan 03 off",otolaryngology,,,高知県南国市篠原１３１ー１,JP,高知県,,南国市,,,篠原,,,,厚生労働省 医療情報ネットのオープンデータ (2026-06-01),,,,
3922395142860,39,33.567904,133.509736,原データ,doctors,doctor,川上小児科クリニック,川上小児科クリニック,川上小児科クリニック,かわかみしょうにかくりにっく,,KawaKami Pediatrics Clinic,"Mo,Tu,We,Fr 09:00-12:30,14:00-17:30; Th,Sa 09:00-12:30; PH off; Dec 30-Jan 03 off",paediatrics,,https://kawakami-shounika.jp,高知県高知市福井扇町,JP,高知県,,高知市,,,福井扇町,,,,厚生労働省 医療情報ネットのオープンデータ (2026-06-01),,,,
3922395142990,39,33.55871,133.529534,原データ,doctors,doctor,浜田循環器内科,医療法人　協浜会　浜田循環器内科,医療法人　協浜会　浜田循環器内科,,,Hamada Heart Clinic,"Mo,Tu,We,Th,Fr 09:00-12:30,14:00-17:30; Sa 09:00-14:00; PH off; Dec 31-Jan 03 off",internal;pulmonology;cardiology;gastroenterology,,,高知県高知市本町５ー２ー１６,JP,高知県,,高知市,,,本町五丁目,2,16,,厚生労働省 医療情報ネットのオープンデータ (2026-06-01),,,,
3922395143160,39,33.573629,133.599593,原データ,doctors,doctor,つねまつ つねまつ内科,医療法人つねまつ　つねまつ内科,つねまつ内科,,,,"Mo,We,Th,Fr 09:00-13:00,15:00-18:00; Tu,Sa 09:00-13:00; PH off; Jan 01-Jan 03,Dec 30 off",internal;pulmonology;cardiology;gastroenterology;allergology,,,高知県高知市大津乙,JP,高知県,,高知市,,,大津乙,,,,厚生労働省 医療情報ネットのオープンデータ (2026-06-01),yes,休診日の記述「31日」を opening_hours に変換できていない,,
3922395143290,39,33.559153,133.577257,原データ,doctors,doctor,高須ヒカリ眼科,高須ヒカリ眼科,高須ヒカリ眼科,たかすひかりがんか,,Takasuhikari Eye Clinic,"Mo,Tu,Th,Fr 09:00-12:30,14:00-17:30; We 09:00-12:00; Sa 09:00-12:30,14:00-16:00; PH off; Jan 01,Dec 30 off || off ""GW・お盆は休診""",ophthalmology,,http://hikaricl.sakura.ne.jp/,高知県高知市高須新町１－１４－１０,JP,高知県,,高知市,,,高須新町一丁目,14,10,,厚生労働省 医療情報ネットのオープンデータ (2026-06-01),,,,
3922395143740,39,33.559694,133.555607,原データ,doctors,doctor,細木眼科,細木眼科,細木眼科,ほそぎがんか,,Hosogi Eye Clinic,"Mo,Tu,Th,Fr 09:00-17:30; We 09:00-12:00,14:00-16:00; Sa 09:00-12:30; Sa[1] off; PH off; Dec 30-Jan 03 off",ophthalmology,,http://www.hosogiganka.net,高知県高知市日の出町１ー１０,JP,高知県,,高知市,,,日の出町,1,10,,厚生労働省 医療情報ネットのオープンデータ (2026-06-01),,,,
3922395143900,39,33.572344,133.528018,原データ,doctors,doctor,こさい耳鼻咽喉科,こさい耳鼻咽喉科,こさい耳鼻咽喉科,こさいじびいんこうか,,Kosai ENT clinic,"Mo,Tu,We,Fr 09:00-12:30,15:00-18:30; Sa 09:00-12:30,15:00-17:30; PH off; Dec 29-Jan 03 off",otolaryngology,,http://www.kosai-jibika.or.jp/,高知県高知市一ツ橋町２丁目１６９－１,JP,高知県,,高知市,,,一ツ橋町二丁目,,,,厚生労働省 医療情報ネットのオープンデータ (2026-06-01),,,,
3922395144170,39,33.569062,133.536672,原データ,doctors,doctor,瀬戸内科,瀬戸内科,瀬戸内科,せとないか,Seto Naika,,"Mo,Tu,We,Fr 08:30-12:30,14:30-18:30; Th,Sa 08:30-12:30; PH off; Dec 30-Jan 03 off",internal;pulmonology;gastroenterology;nephrology;paediatrics;physiatry;radiology,,,高知県高知市愛宕町２―２２―３,JP,高知県,,高知市,,,愛宕町二丁目,22,3,,厚生労働省 医療情報ネットのオープンデータ (2026-06-01),,,,
3922395144200,39,33.557576,133.524279,原データ,clinic,clinic,安岡眼科,安岡眼科,安岡眼科,やすおかがんか,,Yasuoka Eye Clinic,"Mo,Tu,We,Fr 09:00-12:00,14:00-17:00; Th,Sa 09:00-12:00; PH off; Dec 30-Jan 03 off",ophthalmology,,https://www.yasuokaganka.com,高知県高知市上町２ー２ー９,JP,高知県,,高知市,,,上町二丁目,2,9,17,厚生労働省 医療情報ネットのオープンデータ (2026-06-01),,,,
3922395144330,39,33.570219,133.537782,原データ,doctors,doctor,木田山薬堂診療所,木田山薬堂診療所,木田山薬堂,きださんやくどうしんりょうしょ,,,"Mo,We 14:00-17:30; Tu 09:30-12:30,14:30-17:30; Fr 09:30-12:30; Sa 09:30-12:30,14:00-16:00; PH off || off ""GW・お盆・年末年始は休診""",traditional_chinese_medicine,,,高知県高知市愛宕町３ー７ー６,JP,高知県,,高知市,,,愛宕町三丁目,7,6,,厚生労働省 医療情報ネットのオープンデータ (2026-06-01),,,,
3922395144460,39,33.570557,133.529065,原データ,doctors,doctor,えだしげ 整形外科,えだしげ　整形外科,えだしげ　整形外科,えだしげせいけいげか,,Edashige Orthopaedic Clinic,"Mo,Tu,We,Fr 08:30-12:30,13:30-17:30; Th,Sa 08:30-12:30; PH off; Dec 30-Jan 03 off",orthopaedics;rheumatology;physiatry,,,高知県高知市伊勢崎町,JP,高知県,,高知市,,,伊勢崎町,,,,厚生労働省 医療情報ネットのオープンデータ (2026-06-01),,,,
3922395144590,39,33.580053,133.562711,原データ,doctors,doctor,岩崎胃腸科内科,岩崎胃腸科内科,岩崎胃腸科内科,いわさきいちょうかないか,,Iwasaki Clinic,"Mo,Th,Fr 08:30-12:30,14:30-18:00; Tu,We 08:30-12:30,15:30-18:00; Sa 08:30-12:30; PH off; Dec 30-Jan 03 off",internal;gastroenterology,,https://iwasaki-ichouka-naika.or.jp/,高知県高知市薊野東町１－５５,JP,高知県,,高知市,,,薊野東町,1,55,,厚生労働省 医療情報ネットのオープンデータ (2026-06-01),,,,
3922395144620,39,33.561907,133.589412,原データ,doctors,doctor,前田診療所,医療法人　奥田会　前田診療所,前田診療所,,,Maeda Clinic,"Mo,Tu,We,Th,Fr 10:00-16:30; Sa 10:00-12:30; PH off; Dec 27-Jan 04 off",internal;paediatrics;psychiatry,,,高知県高知市高須,JP,高知県,,高知市,,,高須,,,,厚生労働省 医療情報ネットのオープンデータ (2026-06-01),,,,
3922395144910,39,33.564872,133.53299,原データ,doctors,doctor,高松内科クリニック,高松内科クリニック,高松内科クリニック,たかまつ ないか くりにっく,,Takamatsu medical clinic,"Mo,Tu,Th,Fr 09:00-12:00,14:00-18:00; We 09:00-12:00; Sa 09:00-12:00,14:00-17:00; PH off; Dec 31-Jan 03 off",internal;pulmonology;cardiology;gastroenterology;radiology,,,高知県高知市大川筋２－５－４８,JP,高知県,,高知市,,,大川筋二丁目,5,48,,厚生労働省 医療情報ネットのオープンデータ (2026-06-01),,,,
3922395145340,39,33.563265,133.56102,原データ,doctors,doctor,亀井クリニック,医療法人　亀井クリニック,亀井クリニック,,,Kamei clinic,"Mo,Tu,Th,Fr 09:00-12:30,14:30-18:30; We 09:00-12:30; Sa 09:00-13:30; PH off; Dec 30-Jan 03 off",internal;nephrology;dermatology;urology,,,高知県高知市札場１８番２２号,JP,高知県,,高知市,,,札場,18,22,,厚生労働省 医療情報ネットのオープンデータ (2026-06-01),yes,休診日の記述「第二金曜日午後です。水曜日午後診療する場合がありますでお問い合わせください。」を opening_hours に変換できていない,,
3922395145500,39,33.565539,133.534598,原データ,doctors,doctor,やまもと皮膚科クリニック,やまもと皮膚科クリニック,やまもと皮膚科クリニック,やまもとひふかくりにっく,,YAMAMOTO DERMATOLOGY CLINIC,"Mo,Tu,We,Fr 09:00-12:30,13:30-18:00; Sa 09:00-15:00; PH off; Dec 29-Jan 03 off",dermatology,,https://yamamoto-hifuka.net,高知県高知市大川筋２－３－３５,JP,高知県,,高知市,,,大川筋二丁目,3,35,,厚生労働省 医療情報ネットのオープンデータ (2026-06-01),yes,opening_hours から8件を除いた（開始と終了が同一。実質NULL）: 木 皮膚科 00:00-00:00、土 皮膚科 00:00-00:00 他6件,,
3922395145920,39,33.517258,133.519895,原データ,doctors,doctor,春野うららかクリニック,特定医療法人仁泉会　春野うららかクリニック,春野うららかクリニック,,,,"Mo,Tu,Th,Fr 08:30-12:30,14:00-18:00; We 08:30-12:30,16:00-18:00; Sa 08:30-12:30; PH off; Jan 01-Jan 03,Dec 30 off",internal;cardiology;geriatrics;paediatrics,,https://asakura-hospital.jp/uraraka/,高知県高知市春野町南ケ丘７丁目１６番地,JP,高知県,,高知市,,,春野町南ケ丘七丁目,,,,厚生労働省 医療情報ネットのオープンデータ (2026-06-01),yes,休診日の記述「第24水曜日午後土曜日午後」を opening_hours に変換できていない / 地番のため addr:block_number と addr:housenumber をタグ出力していない,,
3922395146220,39,33.549461,133.55021,原データ,doctors,doctor,たしま耳鼻咽喉科,たしま耳鼻咽喉科,たしま耳鼻咽喉科,たしまじびいんこうか,Tashima Jibiinkouka,,"Mo,Tu,We,Fr 09:00-12:00,14:00-17:30; Sa 09:00-12:30,14:00-16:30; PH off; Dec 31-Jan 03 off",otolaryngology,,http://tashima-jibika.com/,高知県高知市潮新町２丁目１１ー５,JP,高知県,,高知市,,,潮新町二丁目,11,5,,厚生労働省 医療情報ネットのオープンデータ (2026-06-01),,,,
3922395201060,39,33.499483,133.906591,原データ,doctors,doctor,すぎもと眼科,すぎもと眼科,すぎもと眼科,すぎもとがんか,Sugimoto Ganka,,"Mo 14:30-18:00; Tu,We,Fr 09:00-13:00,14:30-18:00; Th 09:00-13:00; Sa 09:00-12:00,13:00-15:00; PH off; Jan 03,Dec 29 off || off ""お盆は休診""",ophthalmology,,https://www.sugimoto-ganka.jp,高知県安芸市本町２ー４ー３,JP,高知県,,安芸市,,,本町二丁目,4,3,,厚生労働省 医療情報ネットのオープンデータ (2026-06-01),,,,
3922395201220,39,33.500833,133.913373,原データ,doctors,doctor,高知高須病院附属安芸診療所,高知高須病院附属安芸診療所,高知高須病院附属安芸診療所,こうちたかすびょういんふぞくあきしんりょうしょ,Kochitakasu Byoinfuzoku Akishinryousyo,,"Mo,We 09:00-21:00; Tu,Th 09:00-16:00; Sa 09:00-15:00; Dec 29-Jan 03 off",internal;nephrology;dialysis;urology,,http://www.takasuhp.or.jp,高知県安芸市港町２ー６３５,JP,高知県,,安芸市,,,港町二丁目,,,,厚生労働省 医療情報ネットのオープンデータ (2026-06-01),yes,営業曜日と時刻が食い違う曜日が1件。曜日フラグを採用（営業日と同一時刻のため一律入力とみなす） / 地番のため addr:block_number と addr:housenumber をタグ出力していない,,
3922395201640,39,33.427836,134.023177,原データ,doctors,doctor,宮田内科,宮田内科,宮田内科,みやたないか,Miyatanaika,,"Mo,Tu,We,Fr 08:30-12:00,14:00-17:30; Sa 08:00-13:00; PH off; Dec 31-Jan 03 off",internal,,,高知県安芸郡奈半利町乙２６５７の１,JP,高知県,安芸郡,奈半利町,,,乙,,,,厚生労働省 医療情報ネットのオープンデータ (2026-06-01),,,2657-1,
3922395202520,39,33.436724,133.981516,原データ,doctors,doctor,和田医院,和田医院,和田医院,わだいいん,Wada Iinn,,"Mo,Tu,Th,Fr 09:00-12:30,14:00-17:30; We,Sa 09:00-12:30; PH off; Dec 31-Jan 03 off",internal;gastroenterology;radiology,,,高知県安芸郡安田町安田１７５０,JP,高知県,安芸郡,安田町,,,大字安田,,,,厚生労働省 医療情報ネットのオープンデータ (2026-06-01),yes,opening_hours から5件を除いた（開始と終了が同一。実質NULL）: 月 内科 00:00-00:00、火 内科 00:00-00:00 他3件,1750,
3922395202780,39,33.552456,134.048671,原データ,doctors,doctor,馬路村立馬路診療所,馬路村立馬路診療所,馬路診療所,うまじそんりつうまじしんりょうしょ,,,"Tu 09:30-12:00,13:00-16:00; We 10:00-12:00,13:00-15:00; Th 15:00-17:00; Fr 09:00-12:00,13:00-15:00; Tu[1,3,5] off; We[2,4] off; Th[1,3,5] off; PH off; Dec 29-Jan 03 off",internal;dentistry,,,高知県安芸郡馬路村大字馬路４０５ー１,JP,高知県,安芸郡,馬路村,,,大字馬路,,,,厚生労働省 医療情報ネットのオープンデータ (2026-06-01),yes,opening_hours から11件を除いた（開始と終了が同一。実質NULL）: 月 歯科 00:00-00:00、木 歯科 00:00-00:00 他9件,,
3922395203110,39,33.519764,133.811256,原データ,doctors,doctor,深谷内科,深谷内科,深谷内科,ふかたにないか,Fukatani Naika,,"Mo,Tu,Th,Fr 09:00-12:00,13:30-17:00; We,Sa 09:00-12:00; PH off; Dec 30-Jan 03,Aug 12-Aug 13 off",internal,,,高知県安芸郡芸西村和食甲１６０４,JP,高知県,安芸郡,芸西村,,和食,甲,,,,厚生労働省 医療情報ネットのオープンデータ (2026-06-01),,,1604,
3922395203240,39,33.615281,134.109516,原データ,doctors,doctor,魚梁瀬診療所,魚梁瀬診療所,魚梁瀬診療所,やなせしんりょうしょ,Yanase Sinryousyo,,"Fr 09:00-12:00,13:00-15:00; Fr[1,3,5] off; PH off; Dec 29-Jan 03 off",internal,,,高知県安芸郡馬路村大字魚梁瀬１０ー１１,JP,高知県,安芸郡,馬路村,,,魚梁瀬,,,,厚生労働省 医療情報ネットのオープンデータ (2026-06-01),,,,
3922395203950,39,33.499889,133.902105,原データ,doctors,doctor,尾木医院,尾木医院,尾木医院,おぎいいん,,Ogi Clinic,"Mo,We,Th,Fr 08:30-12:00,14:00-18:00; Tu,Sa 08:30-12:00; PH off; Dec 31-Jan 03 off",internal;paediatrics,,https://www.ogiiin.com/,高知県安芸市本町３－１０－３０,JP,高知県,,安芸市,,,本町三丁目,10,30,,厚生労働省 医療情報ネットのオープンデータ (2026-06-01),,,,
3922395204380,39,33.503239,133.89868,原データ,doctors,doctor,津田クリニック,津田クリニック,津田クリニック,つだくりにっく,,Tsuda Clinic,"Mo,Tu,We 08:30-12:30,13:30-17:30; Th 09:00-12:30; Fr 09:00-12:30,13:30-17:30; Sa 09:00-13:00; Sa[1,2,4,5] off; PH off; Dec 29-Jan 03 off || off ""お盆は休診""",internal;infectious_diseases;endocrinology;gastroenterology;hepatology;geriatrics;allergology,,,高知県安芸市庄之芝町９番３４号,JP,高知県,,安芸市,,,庄之芝町,9,34,,厚生労働省 医療情報ネットのオープンデータ (2026-06-01),,,,
3922395204700,39,33.503102,133.897638,原データ,doctors,doctor,宇都宮内科,宇都宮内科,宇都宮内科,うつのみやないか,,Utsunomiya Senior Medical Clinic,"Mo,Tu,We,Fr,Sa 08:30-12:30,14:00-18:00; Th 08:30-12:30; PH off; Dec 31-Jan 03 off",internal;pulmonology;gastroenterology;paediatrics;physiatry,,,高知県安芸市染井町１－３８,JP,高知県,,安芸市,,,染井町,1,38,,厚生労働省 医療情報ネットのオープンデータ (2026-06-01),yes,opening_hours から30件を除いた（開始と終了が同一。実質NULL）: 月 内科 00:00-00:00、火 内科 00:00-00:00 他28件,,
3922395204960,39,33.503615,133.907405,原データ,clinic,clinic,矢の丸眼科,医療法人一丸会矢の丸眼科,矢の丸眼科,,,YANOMARU EYE CLINIC,"Mo,Tu,We,Fr 09:00-12:30,14:00-17:30; Th 09:00-12:30,15:00-17:30; Sa 09:00-12:30; PH off; Dec 29-Jan 04 off",ophthalmology,,,高知県安芸市矢ノ丸３－２－１７,JP,高知県,,安芸市,,,矢ノ丸三丁目,2,17,4,厚生労働省 医療情報ネットのオープンデータ (2026-06-01),yes,名称の先頭の「一丸会」を運営主体とみなして name から除いた。official_name と short_name で確かめてください,,
3922395205000,39,33.436724,134.027624,原データ,clinic,clinic,はまうづ医院,はまうづ医院,はまうづ医院,はまうづいいん,,Hamaudu Clinic,"Mo,Tu,We,Th,Fr 09:00-12:00,14:00-17:00; Sa 09:00-12:00; PH off; Dec 31-Jan 03 off",internal;gastroenterology;paediatrics;dermatology;physiatry,,http://www.ccc-21.co.jp/jinchikai,高知県安芸郡奈半利町乙３７４２－１,JP,高知県,安芸郡,奈半利町,,,乙,,,19,厚生労働省 医療情報ネットのオープンデータ (2026-06-01),,,3742-1,
3922395300400,39,33.461151,133.346302,原データ,doctors,doctor,江渕診療所,江渕診療所,江渕診療所,えぶちしんりょうしょ,Ebuchishinryousyo,,"Mo,Tu,We,Fr 08:30-12:30,13:30-17:30; Th,Sa 08:30-12:30; PH off; Dec 30-Jan 03 off",internal;cardiology;gastroenterology,,,高知県土佐市家俊１１７９,JP,高知県,,土佐市,,,家俊,,,,厚生労働省 医療情報ネットのオープンデータ (2026-06-01),,,1179,
3922395301380,39,33.495352,133.421592,原データ,doctors,doctor,松岡内科,松岡内科,松岡内科,まつおかないか,Matsuokanaika,,"Mo,We,Fr 09:00-12:30,14:00-17:00; Tu,Th,Sa 09:00-12:30; PH off; Dec 30-Jan 03 off",internal;pulmonology;cardiology;gastroenterology,,,高知県土佐市高岡町甲２１５８－２,JP,高知県,,土佐市,,,高岡町甲,,,,厚生労働省 医療情報ネットのオープンデータ (2026-06-01),,,2158-2,
3922395301410,39,33.496458,133.430852,原データ,clinic,clinic,川田整形外科,医療法人　高尚会　川田整形外科,川田整形外科,,,,"Mo,Tu,We,Th,Fr 08:30-12:30,13:30-17:30; Sa 08:30-12:30; PH off; Dec 28-Jan 03,Aug 15 off",orthopaedics;physiatry;anaesthetics,,http://www.kawada-seikei.com/,高知県土佐市高岡町甲９２０－１,JP,高知県,,土佐市,,,高岡町甲,,,19,厚生労働省 医療情報ネットのオープンデータ (2026-06-01),,,920-1,
3922395303010,39,33.391158,133.284917,原データ,doctors,doctor,須崎 菅野医院,医療法人　宏林会　須崎　菅野医院,須崎　菅野医院,,,Susaki Sugano Clinic,"Mo,Tu,We,Th,Fr 08:30-12:30,14:00-18:00; Sa 08:30-12:30; PH off; Dec 30-Jan 03 off",internal;gastroenterology,,http://www.korinn.jp,高知県須崎市西糺町１,JP,高知県,,須崎市,,,西糺町,,,,厚生労働省 医療情報ネットのオープンデータ (2026-06-01),yes,地番のため addr:block_number と addr:housenumber をタグ出力していない,,
3922395303720,39,33.428644,132.87607,原データ,doctors,doctor,梼原町立四万川診療所,梼原町立四万川診療所,四万川診療所,ゆすはらちょうりつしまがわしんりょうしょ,,shimagawa clinic,Th 09:00-12:00; PH off; Dec 29-Jan 03 off,internal,,,高知県高岡郡檮原町六丁１５２,JP,高知県,高岡郡,檮原町,,,六丁,,,,厚生労働省 医療情報ネットのオープンデータ (2026-06-01),yes,opening_hours から2件を除いた（開始と終了が同一。実質NULL）: 木 内科 00:00-00:00、木 内科 00:00-00:00,,
3922395304310,39,33.39393,133.025778,原データ,doctors,doctor,つのやまクリニック,つのやまクリニック,つのやまクリニック,つのやまくりにっく,,Tsunoyama clinic,"Mo,Tu,We,Th,Fr 09:00-12:00; PH off; Dec 29-Jan 03,Aug 15 off",internal,,,高知県高岡郡津野町力石２８２９－３,JP,高知県,高岡郡,津野町,,,力石,,,,厚生労働省 医療情報ネットのオープンデータ (2026-06-01),,,,
3922395304730,39,33.439171,133.158854,原データ,doctors,doctor,津野町杉ノ川診療所,津野町国民健康保険杉ノ川診療所,国保杉ノ川診療所,,,,"Mo,Fr 08:30-12:00,14:00-17:15; Tu 08:30-12:00; We 08:30-12:00,15:30-17:15; Th 08:30-11:00; PH off; Dec 29-Jan 03 off",internal,,,高知県高岡郡津野町杉ノ川甲,JP,高知県,高岡郡,津野町,,,杉ノ川甲,,,,厚生労働省 医療情報ネットのオープンデータ (2026-06-01),,,,
3922395304860,39,33.427265,133.362411,原データ,doctors,doctor,浦ノ内診療所,浦ノ内診療所,浦ノ内診療所,うらのうちしんりょうじょ,Uranouti Sinryoujo,,Tu 13:30-17:00; PH off; Dec 30-Jan 03 off,internal,,,高知県須崎市浦ノ内東分１６８－１１４,JP,高知県,,須崎市,,,浦ノ内東分,,,,厚生労働省 医療情報ネットのオープンデータ (2026-06-01),,,,
3922395305290,39,33.277391,133.237124,原データ,doctors,doctor,中土佐町立上ノ加江診療所,中土佐町立上ノ加江診療所,上ノ加江診療所,なかとさちょうりつかみのかえしんりょうしょ,,,Th 09:00-12:00; PH off; Dec 30-Jan 03 off,internal,,,高知県高岡郡中土佐町上ノ加江７７８―１,JP,高知県,高岡郡,中土佐町,,,上ノ加江,,,,厚生労働省 医療情報ネットのオープンデータ (2026-06-01),,,778-1,
3922395305450,39,33.310881,132.977174,原データ,doctors,doctor,梼原町立松原診療所,梼原町立松原診療所,松原診療所,ゆすはらちょうりつまつばらしんりょうしょ,,matsubara clinic,"Mo,Fr 09:00-12:00; PH off; Dec 29-Jan 03 off",internal,,,高知県高岡郡檮原町松原５７８,JP,高知県,高岡郡,檮原町,,,松原,,,,厚生労働省 医療情報ネットのオープンデータ (2026-06-01),,,578,
3922395305610,39,33.414455,133.293362,原データ,doctors,doctor,中山整形外科,中山整形外科,中山整形外科,なかやませいけいげか,Nakayama Seikeigeka,,"Mo,Tu,We,Fr 09:00-12:00,14:30-17:00; Th,Sa 09:00-12:00; PH off; Dec 29-Jan 03 off",orthopaedics,,,高知県須崎市妙見町９ー１０,JP,高知県,,須崎市,,,妙見町,9,10,,厚生労働省 医療情報ネットのオープンデータ (2026-06-01),,,,
3922395306330,39,33.495605,133.435224,原データ,doctors,doctor,橋本外科胃腸科内科,橋本外科胃腸科内科,橋本外科胃腸科内科,はしもとげかいちょうかないか,Hashimotogekaichoukanaika,,"Mo,Tu,Th,Fr 09:00-12:30,15:00-18:00; We,Sa 09:00-12:30; PH off; Dec 30-Jan 04 off",internal;cardiology;gastroenterology;surgery;proctology;radiology;general,,https://sites.google.com/hashimoto-cli.net/hashimoto,高知県土佐市高岡町甲７５０－１,JP,高知県,,土佐市,,,高岡町甲,,,,厚生労働省 医療情報ネットのオープンデータ (2026-06-01),,,750-1,
3922395306460,39,33.441428,133.212149,原データ,doctors,doctor,津野町姫野々診療所,津野町国民健康保険姫野々診療所,姫野々診療所,,,,"Mo,Tu,Th,Fr 08:30-17:15; We 08:30-12:00,14:00-17:15; PH off; Dec 29-Jan 03 off",internal;orthopaedics,,,高知県高岡郡津野町姫野々４７３ー１,JP,高知県,高岡郡,津野町,,,姫野々,,,,厚生労働省 医療情報ネットのオープンデータ (2026-06-01),,,,
3922395306880,39,33.412823,133.288529,原データ,doctors,doctor,もりはた小児科,医療法人さくら会,もりはた小児科,,,Morihata Pediatric Clinic,"Mo,Tu,We,Fr 08:30-12:00,13:30-18:00; Th,Sa 08:30-12:00; PH off; Dec 30-Jan 03 off",paediatrics,,,高知県須崎市緑町９０番,JP,高知県,,須崎市,,,緑町,,,,厚生労働省 医療情報ネットのオープンデータ (2026-06-01),yes,正式名称が法人名で終わり施設名を含まないため、name に short_name を使った。official_name と short_name で確かめてください / 休診日の記述「木土午後」を opening_hours に変換できていない / 地番のため addr:block_number と addr:housenumber をタグ出力していない,,
3922395306910,39,33.450448,133.441949,原データ,doctors,doctor,岸本内科,岸本内科,岸本内科,きしもとないか,Kishimotonaika,,"Mo,Tu,We,Th,Fr 09:00-11:30,14:00-17:30; Sa 09:00-12:00; PH off; Dec 29-Jan 03 off",internal,,,高知県土佐市宇佐町宇佐１７３８,JP,高知県,,土佐市,,,宇佐町宇佐,,,,厚生労働省 医療情報ネットのオープンデータ (2026-06-01),,,,
3922395400300,39,32.988487,132.923964,原データ,doctors,doctor,大野内科,医療法人　鬨の会　大野内科,大野内科,,,,"Mo,Tu,Th,Fr 08:30-12:30,14:00-17:30; We,Sa 08:30-12:30; PH off; Dec 29-Jan 03,Jul 18-Jul 19 off",internal;endocrinology,,https://www.ohnonaika.com/,高知県四万十市渡川１丁目１番３号,JP,高知県,,四万十市,,,渡川一丁目,,,,厚生労働省 医療情報ネットのオープンデータ (2026-06-01),yes,対応する住居表示レコードが無いため番地をタグ出力していない,,
3922395401310,39,32.994529,132.935797,原データ,doctors,doctor,正木整形外科,正木整形外科,正木整形外科,まさきせいけいげか,Masaki Seikeigeka,,"Mo,Tu,We,Th,Fr 09:00-12:00,14:00-17:30; Sa 09:00-12:30; PH off; Dec 30-Jan 03 off",orthopaedics;physiatry,,,高知県四万十市中村新町　２ー９,JP,高知県,,四万十市,,,中村新町二丁目,,,,厚生労働省 医療情報ネットのオープンデータ (2026-06-01),,,,
3922395401990,39,32.99667,132.933527,原データ,clinic,clinic,菊地産婦人科医院,菊地産婦人科医院,菊地産婦人科医院,きくちさんふじんかいいん,Kikuchisanfujinka,,"Mo,Tu,Th,Fr 09:00-12:00,13:30-17:00; We,Sa 09:00-12:00; PH off; Dec 29-Jan 03 off",gynaecology,,,高知県四万十市中村桜町１９,JP,高知県,,四万十市,,,中村桜町,,,16,厚生労働省 医療情報ネットのオープンデータ (2026-06-01),,,,
3922395402030,39,32.982416,132.942915,原データ,doctors,doctor,要医院,要医院,要　医院,かなめ いいん,Kaname Iin,,"Mo,Tu,Th,Fr 08:30-13:00; PH off; Dec 29-Jan 03 off",internal;cardiology;gastroenterology;radiology,,,高知県　四万十市駅前町１３番１７号,JP,高知県,,四万十市,,,駅前町,,,,厚生労働省 医療情報ネットのオープンデータ (2026-06-01),yes,営業曜日と時刻が食い違う曜日が1件。曜日フラグを採用（営業日と同一時刻のため一律入力とみなす） / 対応する住居表示レコードが無いため番地をタグ出力していない,,
3922395403460,39,32.73646,132.549275,原データ,doctors,doctor,宿毛市立沖の島ヘき地診療所,宿毛市立沖の島ヘき地診療所,宿毛市立沖の島ヘき地診療所,すくもしりつおきのしまへきちしんりょうじょ,Sukumoshiritu Okinoshima Hekichishinryosho,,"Tu,Th 16:00-18:00; We 09:00-12:00,13:00-15:00; Fr 09:00-11:30,13:00-15:00; PH off",internal,,,高知県宿毛市沖の島町母島１００５,JP,高知県,,宿毛市,,,沖の島町母島,,,,厚生労働省 医療情報ネットのオープンデータ (2026-06-01),,,1005,
3922395403910,39,32.713073,132.550909,原データ,doctors,doctor,高知県宿毛市立沖の島ヘき地診療所弘瀬出張所,高知県宿毛市立沖の島ヘき地診療所弘瀬出張所,宿毛市立沖の島ヘき地診療所弘瀬出張所,すくもしりつおきのしまへきちしんりょうじょひろせしゅっちょうしょ,,,Tu 16:00-18:00; Fr 13:00-15:00; PH off; Dec 28-Dec 31 off,internal,,,高知県宿毛市沖の島町弘瀬３４４,JP,高知県,,宿毛市,,,沖の島町弘瀬,,,,厚生労働省 医療情報ネットのオープンデータ (2026-06-01),yes,opening_hours から2件を除いた（開始と終了が同一。実質NULL）: 火 内科 00:00-00:00、金 内科 00:00-00:00,,
3922395404210,39,33.10685,133.098649,原データ,doctors,doctor,黒潮町国保伊与喜出張診療所,黒潮町国保伊与喜出張診療所,伊与喜診療所,くろしおちょうこくほいよきしゅっちょうしんりょうしょ,,,"We 10:00-12:00; We[2,4,5] off; PH off",internal,,,高知県幡多郡黒潮町伊与喜２５ー１,JP,高知県,幡多郡,黒潮町,,,伊與喜,,,,厚生労働省 医療情報ネットのオープンデータ (2026-06-01),yes,営業曜日と時刻が食い違う曜日が1件。時刻を採用（営業日と異なる独自の時刻）,,
3922395404340,39,33.079642,133.106433,原データ,doctors,doctor,佐賀診療所,医療法人祥星会　佐賀診療所,医療法人祥星会　佐賀診療所,,,,"Mo,Tu,We,Fr 09:00-12:30,13:30-17:15; Fr[2,4,5] off; PH off; Dec 30-Jan 03 off",internal;psychiatry,,,高知県幡多郡黒潮町佐賀７４６－１,JP,高知県,幡多郡,黒潮町,,,佐賀,,,,厚生労働省 医療情報ネットのオープンデータ (2026-06-01),,,,
3922395404500,39,33.127856,133.154661,原データ,doctors,doctor,黒潮町国保鈴出張診療所,黒潮町国保鈴出張診療所,鈴診療所,くろしおちょうこくほすずしゅっちょうしんりょうしょ,,,"We 10:00-12:00; We[1,3,4,5] off; PH off",internal,,,高知県幡多郡黒潮町鈴３１７ー３,JP,高知県,幡多郡,黒潮町,,,鈴,,,,厚生労働省 医療情報ネットのオープンデータ (2026-06-01),,,,
3922395405190,39,33.024251,133.011345,原データ,doctors,doctor,大方クリニック,大方クリニック,大方クリニック,おおがたくりにっく,,OOGATAclinic,"Mo,Tu,We,Fr 08:30-12:30,13:30-17:00; Th 08:30-12:30; PH off; Dec 30-Jan 03 off",internal;gastroenterology;physiatry;radiology,,,高知県幡多郡黒潮町入野２０１６－１,JP,高知県,幡多郡,黒潮町,,,入野,,,,厚生労働省 医療情報ネットのオープンデータ (2026-06-01),,,,
3922395406230,39,33.110065,132.708039,原データ,doctors,doctor,四万十市奥屋内へき地出張診療所,四万十市奥屋内へき地出張診療所,奥屋内診療所,しまんとしおくやないへきちしゅっちょうしんりょうしょ,,,,internal,,,高知県四万十市西土佐奥屋内,JP,高知県,,四万十市,,,西土佐奥屋内,,,,厚生労働省 医療情報ネットのオープンデータ (2026-06-01),yes,opening_hours をタグ出力していない。元データに診療時間の記載が無い,,
3922395406360,39,33.095034,132.804262,原データ,doctors,doctor,四万十市口屋内出張診療所,四万十市国民健康保険口屋内出張診療所,口屋内診療所,,,,Tu 13:30-15:00; PH off; Dec 29-Jan 03 off,internal,,,高知県四万十市西土佐口屋内１０１－１,JP,高知県,,四万十市,,,西土佐口屋内,,,,厚生労働省 医療情報ネットのオープンデータ (2026-06-01),yes,営業曜日と時刻が食い違う曜日が1件。時刻を採用（営業日と異なる独自の時刻）,,
3922395407110,39,33.172544,132.794933,原データ,clinic,clinic,四万十市西土佐診療所,四万十市国民健康保険西土佐診療所,四万十市西土佐診療所,,,,"Mo,Tu,We,Fr 08:30-12:00,13:30-17:00; Th 08:30-12:00; PH off; Dec 29-Jan 03 off",internal;physiatry,,,高知県四万十市西土佐用井１１１０－２８,JP,高知県,,四万十市,,,西土佐用井,,,19,厚生労働省 医療情報ネットのオープンデータ (2026-06-01),,,,
3922395407400,39,32.907869,132.84664,原データ,clinic,clinic,三原村診療所,三原村国民健康保険診療所,三原診療所,,,,"Mo,Tu,We,Th,Fr 09:00-17:00; PH off; Dec 29-Jan 03 off",internal;gastroenterology,,,高知県幡多郡三原村来栖野４７９,JP,高知県,幡多郡,三原村,,,大字来栖野,,,6,厚生労働省 医療情報ネットのオープンデータ (2026-06-01),,,479,
3922395407660,39,33.136832,133.123569,原データ,doctors,doctor,黒潮町国保拳ノ川診療所,黒潮町国保拳ノ川診療所,拳ノ川診療所,くろしおちょうこくほこぶしのかわしんりょうしょ,,,"Mo,Tu,We,Fr 09:00-12:00,14:00-17:00; Th 09:30-12:00,13:00-14:30; PH off; Dec 29-Jan 03 off",internal,,,高知県幡多郡黒潮町拳ノ川３１番地１,JP,高知県,幡多郡,黒潮町,,,拳ノ川,,,,厚生労働省 医療情報ネットのオープンデータ (2026-06-01),,,,
3922395407790,39,32.937563,132.72068,原データ,doctors,doctor,伊与田眼科,伊与田眼科,伊与田眼科,いよたがんか,,,,ophthalmology,,,高知県宿毛市長田町３ー２２ー２,JP,高知県,,宿毛市,,,長田町,3,22,,厚生労働省 医療情報ネットのオープンデータ (2026-06-01),yes,opening_hours をタグ出力していない。営業日の月火水木金土日曜に時刻の記載が無い,2,番地の3要素目以降を確認: 2
3922395407820,39,32.991195,132.940242,原データ,doctors,doctor,佐々木整形外科医院,佐々木整形外科医院,佐々木整形外科,ささきせいけいげかいいん,,,"Mo,Tu,We,Th,Fr 08:30-12:30,14:30-17:00; Sa 08:30-12:00; Sa[3,5] off; PH off; Dec 31-Jan 03 off",surgery;orthopaedics;rheumatology;physiatry;radiology,,,高知県四万十市中村一条通５丁目７９ー２,JP,高知県,,四万十市,,,中村一条通五丁目,,,,厚生労働省 医療情報ネットのオープンデータ (2026-06-01),yes,地番のため addr:block_number と addr:housenumber をタグ出力していない,,
3922395408090,39,33.141102,132.750037,原データ,doctors,doctor,四万十市大宮出張診療所,四万十市国民健康保険大宮出張診療所,大宮診療所,,,,,internal,,,高知県四万十市西土佐大宮,JP,高知県,,四万十市,,,西土佐大宮,,,,厚生労働省 医療情報ネットのオープンデータ (2026-06-01),yes,opening_hours をタグ出力していない。元データに診療時間の記載が無い,,
3922395408410,39,32.990326,132.939701,原データ,doctors,doctor,中村クリニック,中村クリニック,中村クリニック,なかむらくりにっく,,Nakamura Clinic,"Mo,Tu,We,Fr 08:30-12:30,13:30-17:00; Th 08:30-12:30; Sa 08:30-12:30,13:30-15:00; PH off; Dec 30-Jan 03 off",internal;gastroenterology;physiatry;radiology,,,高知県四万十市中村大橋通７－１－１０,JP,高知県,,四万十市,,,中村大橋通七丁目,,,,厚生労働省 医療情報ネットのオープンデータ (2026-06-01),yes,地番のため addr:block_number と addr:housenumber をタグ出力していない,,
3922395408700,39,32.981754,132.941352,原データ,clinic,clinic,小原外科肛門科胃腸科,小原外科肛門科胃腸科,小原外科,おはらげかこうもんかいちょうか,,Ohara Surgical clinic,"Mo,Tu,We,Fr 08:30-18:00; Th,Sa 08:30-12:30; PH off; Dec 30-Jan 03 off",internal;gastroenterology;surgery;proctology;orthopaedics;plastic_surgery;dermatology;urology;physiatry;radiology,,http://oharageka.sakura.ne.jp/,高知県四万十市右山元町３丁目３番１５号,JP,高知県,,四万十市,,,右山元町三丁目,,,19,厚生労働省 医療情報ネットのオープンデータ (2026-06-01),yes,対応する住居表示レコードが無いため番地をタグ出力していない,,
3922395409260,39,32.983416,132.944179,原データ,clinic,clinic,こじま眼科,こじま眼科,こじま眼科,こじまがんか,,KOJIMA EYE CLINIC,"Mo,We,Th,Fr 09:00-12:30,14:00-17:30; Tu,Sa 09:00-12:30; PH off; Dec 29-Jan 04,Aug 10,Aug 12-Aug 13,Aug 15 off",ophthalmology,,https://kojimaec.or.jp/,高知県四万十市駅前町,JP,高知県,,四万十市,,,駅前町,,,7,厚生労働省 医療情報ネットのオープンデータ (2026-06-01),,,,
3922395409550,39,32.931286,132.713576,原データ,doctors,doctor,奥谷整形外科,奥谷整形外科,奥谷整形外科,おくたにせいけいげか,Okutani Seikeigeka,,"Mo,Tu,We,Fr 09:00-12:00,14:00-17:00; Th,Sa 09:00-12:00; PH off; Dec 31-Jan 03 off",internal;orthopaedics;physiatry,,,高知県宿毛市駅前町２ー７０３,JP,高知県,,宿毛市,,,駅前町二丁目,,,,厚生労働省 医療情報ネットのオープンデータ (2026-06-01),,,,
3922395409680,39,32.956762,132.791268,原データ,doctors,doctor,川村内科クリニック,川村内科クリニック,川村内科クリニック,かわむらないかくりにっく,,Kawamura Clinic,"Mo,Tu,We,Fr 09:00-12:00,14:00-17:00; Th,Sa 09:00-12:00; PH off; Dec 31-Jan 03 off",internal;cardiology;physiatry,,,高知県宿毛市平田町戸内１２５６,JP,高知県,,宿毛市,,,平田町戸内,,,,厚生労働省 医療情報ネットのオープンデータ (2026-06-01),,,1256,
3922395410530,39,33.553602,133.543564,原データ,doctors,doctor,梅ノ辻クリニック,医療法人防治会　梅ノ辻クリニック,梅ノ辻クリニック,,,Umenotsuji clinic,"Mo 09:00-12:30,13:30-18:00; Tu,Fr 09:00-12:30,13:30-17:00; We 09:00-12:30; Th 09:00-12:30,14:00-18:00; Sa 09:00-12:30,13:30-16:00; PH off; Dec 29-Jan 03 off",internal;neurosurgery;orthopaedics,,http://www.umenotsuji-cl.jp,高知県高知市梅ノ辻８－７,JP,高知県,,高知市,,,梅ノ辻,8,7,,厚生労働省 医療情報ネットのオープンデータ (2026-06-01),yes,休診日の記述「内科月木金午後水土整形外科毎週水曜木曜午後土曜第13以外脳神経外科毎週水曜午後午」を opening_hours に変換できていない,,
3922395410790,39,32.981199,132.904057,原データ,doctors,doctor,まあるいこころクリニック,まあるいこころクリニック,まあるいこころクリニック,まあるいこころ,,Maaruikokoro Clinic,"Mo,Tu,Th,Fr 09:00-12:30,14:00-19:00; We 09:00-12:30; Sa 09:00-12:30,14:00-17:00; Sa[4] off; PH off; Dec 31-Jan 03,Aug 13-Aug 15 off",psychiatry,,http://maarui.com,高知県四万十市具同６７７５－１,JP,高知県,,四万十市,,,具同,,,,厚生労働省 医療情報ネットのオープンデータ (2026-06-01),,,,
3922395411540,39,32.982152,132.954087,原データ,doctors,doctor,さくらクリニック,さくらクリニック,さくらクリニック,さくらくりにっく,Sakura Kurinikku,,"Mo,We,Fr 09:00-17:30; Tu,Th,Sa 09:00-12:30; PH off; Dec 29-Jan 03,Aug 13-Aug 15 off",internal;gastroenterology;surgery,,,高知県四万十市古津賀四丁目６３番地,JP,高知県,,四万十市,,,古津賀四丁目,,,,厚生労働省 医療情報ネットのオープンデータ (2026-06-01),,,,
3922395411670,39,32.939806,132.729429,原データ,doctors,doctor,いしはらクリニック,いしはらクリニック,いしはらクリニック,いしはらくりにっく,Ishiharakurinikku,,"Mo,Tu,We,Fr 09:00-11:30,14:00-17:00; Th,Sa 09:00-11:30; PH off",otolaryngology;dermatology;allergology,,http://ishiharaclinic.web.fc2.com/,高知県宿毛市宿毛５４９０,JP,高知県,,宿毛市,,,宿毛,,,,厚生労働省 医療情報ネットのオープンデータ (2026-06-01),yes,opening_hours から12件を除いた（開始と終了が同一。実質NULL）: 月 耳鼻いんこう科 00:00-00:00、火 耳鼻いんこう科 00:00-00:00 他10件,,
3922395411960,39,32.777454,132.954027,原データ,doctors,doctor,かずクリニック,かずクリニック,かずクリニック,かずくりにっく,,kazuclinic,"Mo,Tu,Th,Fr 09:00-12:00,14:00-18:00; We,Sa 09:00-12:00; PH off; Dec 29-Jan 03 off",internal;paediatrics,,,高知県土佐清水市本町１０ー３,JP,高知県,,土佐清水市,,,本町,,,,厚生労働省 医療情報ネットのオープンデータ (2026-06-01),yes,対応する住居表示レコードが無いため番地をタグ出力していない,,
3922395412000,39,32.990012,132.937013,原データ,doctors,doctor,こいけクリニック,こいけクリニック,こいけクリニック,こいけくりにっく,,koike clinic,"Mo,Tu,We,Th,Fr 09:00-11:30,14:00-18:00; Sa 09:00-12:00; PH off; Dec 30-Jan 04,Aug 15-Aug 17 off || off ""お盆は休診""",internal;paediatrics,,http://koike-clinic.hp.gogo.jp/pc/,高知県四万十市中村大橋通６丁目３－７,JP,高知県,,四万十市,,,中村大橋通六丁目,,,,厚生労働省 医療情報ネットのオープンデータ (2026-06-01),yes,対応する住居表示レコードが無いため番地をタグ出力していない,,
3922395412260,39,33.102852,132.962736,原データ,doctors,doctor,竹本病院附属富山診療所,竹本病院附属富山診療所,竹本病院附属富山診療所,たけもとびょういんふぞくとみやましんりょうしょ,,tomiyama clinic,"Th 14:00-17:00; PH off; Dec 29-Jan 03,Aug 13-Aug 15 off",internal,,,高知県四万十市大用３４８,JP,高知県,,四万十市,,,大用,,,,厚生労働省 医療情報ネットのオープンデータ (2026-06-01),yes,営業曜日と時刻が食い違う曜日が1件。時刻を採用（営業日と異なる独自の時刻）,,
3922395412420,39,32.984321,132.92082,原データ,doctors,doctor,まつもと耳鼻咽喉科,まつもと耳鼻咽喉科,まつもと耳鼻科,まつもとじびいんこうか,Matsumoto Jibika,,"Mo,Tu,Th,Fr 09:00-12:00,14:00-17:30; We,Sa 09:00-12:00; PH off; Dec 31-Jan 03 off",otolaryngology,,,高知県四万十市具同田黒２ー１５０,JP,高知県,,四万十市,,,具同田黒二丁目,,,,厚生労働省 医療情報ネットのオープンデータ (2026-06-01),yes,地番のため addr:block_number と addr:housenumber をタグ出力していない,,
3922395412680,39,32.985257,132.920473,原データ,doctors,doctor,たかはし皮フ科,たかはし皮フ科,たかはし皮フ科,たかはしひふか,,takahashi dermatological clinic,"Mo,Tu,Th,Fr 09:30-12:30,14:00-17:00; We 09:30-12:30,14:00-18:00; PH off",dermatology,,,高知県四万十市具同田黒２－１２－４９,JP,高知県,,四万十市,,,具同田黒二丁目,,,,厚生労働省 医療情報ネットのオープンデータ (2026-06-01),yes,対応する住居表示レコードが無いため番地をタグ出力していない,,
3922395413010,39,32.931759,132.711711,原データ,doctors,doctor,高見眼科,高見眼科,高見眼科,たかみがんか,,TAKAMI EYE CLINIC,"Mo,Tu,We,Fr 09:00-12:00,14:00-17:15; Th,Sa 09:00-12:00; PH off",ophthalmology,,,高知県宿毛市宿毛５４９５－１５,JP,高知県,,宿毛市,,,宿毛,,,,厚生労働省 医療情報ネットのオープンデータ (2026-06-01),,,,
3922395414600,39,32.980948,132.994566,原データ,doctors,doctor,出口クリニック,出口クリニック,出口クリニック,いでぐちくりにっく,,,"Tu,We,Th,Sa 09:00-12:00; Fr 09:00-12:30; Mo unknown; PH off; Dec 31-Jan 03 off",internal;orthopaedics;paediatrics;psychiatry;physiatry,,http://kotobuki-ideguchi.jp/,高知県幡多郡黒潮町出口２０７０番地,JP,高知県,幡多郡,黒潮町,,,出口,,,,厚生労働省 医療情報ネットのオープンデータ (2026-06-01),yes,営業日の月曜に時刻の記載が無いため opening_hours に unknown と書いた,,
3922395415610,39,32.780167,132.954279,原データ,doctors,doctor,あしずり岬診療所,あしずり岬診療所,あしずり岬診療所,あしずりみさきしんりょうしょ,,,"Mo,Tu,Th,Fr 09:00-15:00,16:00-18:00; We,Sa 09:00-14:00; PH off; Dec 31-Jan 03 off",internal;gastroenterology;surgery,,http://www.ashizurimisaki-clinic.jp/,高知県土佐清水市天神町１ー２６,JP,高知県,,土佐清水市,,,天神町,,,,厚生労働省 医療情報ネットのオープンデータ (2026-06-01),yes,番地が住居表示にも地番にも見つからないため addr:block_number と addr:housenumber をタグ出力していない,,
3922395419940,39,33.030309,132.853827,原データ,doctors,doctor,竹本病院附属大川筋診療所,竹本病院附属大川筋診療所,竹本病院附属大川筋診療所,たけもとびょういんふぞくおおかわすじしんりょうしょ,,ookawasuji clinic,"Tu 14:00-17:00; Tu[1,3,4,5] off; PH off",internal,,,高知県四万十市川登１１０６－４,JP,高知県,,四万十市,,,川登,,,,厚生労働省 医療情報ネットのオープンデータ (2026-06-01),,,,
3922395423530,39,32.780961,132.953469,原データ,clinic,clinic,土佐丹羽クリニック,医療法人　修命会　土佐丹羽クリニック,土佐丹羽クリニック,,,Tosa Niwa Clinic,"Mo,Tu,We,Fr,Sa,PH 09:00-12:00,14:00-17:00; Dec 29-Jan 03 off",internal;surgery;paediatrics;dermatology,,http://www.tosashimizu-hospital.com/,高知県土佐清水市幸町５番３号,JP,高知県,,土佐清水市,,,幸町,,,19,厚生労働省 医療情報ネットのオープンデータ (2026-06-01),yes,対応する住居表示レコードが無いため番地をタグ出力していない,,
3922395426430,39,32.9801,132.912343,原データ,doctors,doctor,温クリニック四万十,温クリニック四万十,温クリニック四万十,ぬくもりくりにっくしまんと,Nukumorikurinikku Shimanto,,"Mo,Tu,We,Fr 09:30-18:00; Th 09:00-11:00; Sa 09:30-17:15; Sa[5] off; PH off; Dec 30-Jan 03,May 06,Aug 12,Aug 14-Aug 15 off",internal;cardiology;physiatry,,https://nukumori.clinic/,高知県四万十市具同５３９０,JP,高知県,,四万十市,,,具同,,,,厚生労働省 医療情報ネットのオープンデータ (2026-06-01),,,,
3922395427280,39,32.984721,132.941685,原データ,clinic,clinic,幡多クリニック,医療法人島津会幡多クリニック,幡多クリニック,,,HataClinic,"Mo,We,Fr 09:00-18:00; Tu,Th 09:00-17:15; Sa 09:00-13:00; PH off; Dec 29-Jan 03 off",internal;dialysis;surgery;orthopaedics;radiology,,,高知県四万十市右山天神町１０－１２,JP,高知県,,四万十市,,,右山天神町,,,19,厚生労働省 医療情報ネットのオープンデータ (2026-06-01),yes,名称の先頭の「島津会」を運営主体とみなして name から除いた。official_name と short_name で確かめてください / 対応する住居表示レコードが無いため番地をタグ出力していない,,
3922395428320,39,32.934916,132.71916,原データ,doctors,doctor,かんぺ医,かんぺ医,,かんぺい,Kanpei,,"Mo 09:00-12:30,14:00-17:00; Th,Sa 14:00-17:00; Su 09:00-12:30; Fr unknown; PH off; Dec 29-Jan 03 off || off ""お盆は休診""",neurology;neurosurgery;anaesthetics,,https://sites.google.com/view/kanpei/home,高知県宿毛市長田町６－６,JP,高知県,,宿毛市,,,長田町,,,,厚生労働省 医療情報ネットのオープンデータ (2026-06-01),yes,website に https を補った: sites.google.com/view/kanpei/home / 営業日の金曜に時刻の記載が無いため opening_hours に unknown と書いた / 番地が住居表示にも地番にも見つからないため addr:block_number と addr:housenumber をタグ出力していない,,
3922395500880,39,33.580141,133.743167,原データ,doctors,doctor,山北内科リハビリクリニック,医療法人　魁　山北内科リハビリクリニック,山北クリニック,,,Yamakita Clinic,"Mo,We,Th,Fr 08:30-12:30,13:30-17:30; Sa 08:30-12:30; PH off; Dec 31-Jan 03 off",internal;physiatry,,http://yamakita.p-kit.com/,高知県香南市香我美町山北１３０４－１,JP,高知県,,香南市,,,香我美町山北,,,,厚生労働省 医療情報ネットのオープンデータ (2026-06-01),yes,名称の先頭の「魁」を運営主体とみなして name から除いた。official_name と short_name で確かめてください,,
3922395501210,39,33.604599,133.683562,原データ,doctors,doctor,宇賀歯科,医療法人楠会　宇賀歯科,宇賀歯科,,,,"Mo,Tu,Th,Fr 09:00-13:00,14:30-18:00; We 09:00-13:00; Sa 09:00-13:00,14:00-17:00; PH off; Dec 30-Jan 03,May 03-May 06,Aug 13-Aug 15 off || off ""GW・お盆は休診""",dermatology;dentistry;orthodontics;dental_oral_maxillo_facial_surgery,,http://www.uka-micro.jp/,高知県香美市土佐山田町西本町２ー３ー１,JP,高知県,,香美市,,,土佐山田町西本町二丁目,3,1,,厚生労働省 医療情報ネットのオープンデータ (2026-06-01),yes,opening_hours から12件を除いた（開始と終了が同一。実質NULL）: 月 皮膚科 00:00-00:00、火 皮膚科 00:00-00:00 他10件,,
3922395501500,39,33.606876,133.690886,原データ,doctors,doctor,坂本内科,医療法人祥和会坂本内科,医療法人祥和会坂本内科,,,,"Mo,Tu,We,Fr 08:30-12:00,14:00-17:30; Th,Sa 08:30-12:00; PH off; Dec 30-Jan 03 off",internal;cardiology;gastroenterology;dermatology;radiology,,,高知県香美市土佐山田町東本町４－１－３８,JP,高知県,,香美市,,,土佐山田町東本町四丁目,1,38,,厚生労働省 医療情報ネットのオープンデータ (2026-06-01),yes,名称の先頭の「祥和会」を運営主体とみなして name から除いた。official_name と short_name で確かめてください,,
3922395501630,39,33.606954,133.688633,原データ,doctors,doctor,佐野内科リハビリテーションクリニック,医療法人佐野会佐野内科リハビリテーションクリニック,佐野内科リハビリテーションクリニック,,,Sano Rehabilitation Clinic,"Mo,Tu,Th,Fr 09:00-12:30,13:30-17:30; We,Sa 09:00-12:30; PH off; Dec 29-Jan 03 off",internal;psychiatry;physiatry,,,高知県香美市土佐山田町東本町３丁目２番４１号,JP,高知県,,香美市,,,土佐山田町東本町三丁目,2,41,,厚生労働省 医療情報ネットのオープンデータ (2026-06-01),yes,名称の先頭の「佐野会」を運営主体とみなして name から除いた。official_name と short_name で確かめてください,,
3922395502190,39,33.604452,133.679707,原データ,doctors,doctor,八井田医院,八井田医院,八井田医院耳鼻咽喉科,やいだいいん,,,"Mo,Tu,We,Fr,Sa 09:00-12:00,14:00-18:30; PH off; Dec 30-Jan 03 off",otolaryngology,,,高知県香美市土佐山田町西本町５ー３―２１,JP,高知県,,香美市,,,土佐山田町西本町五丁目,3,21,,厚生労働省 医療情報ネットのオープンデータ (2026-06-01),,,,
3922395502800,39,33.56198,133.703489,原データ,clinic,clinic,藤田整形外科,医療法人　藤田整形外科,藤田整形,,,Fujita Orthopedic Clinic,"Mo,Tu,We,Th,Fr 09:00-12:00,14:00-18:00; Sa 09:00-12:00; PH off; Dec 31-Jan 03 off",internal;surgery;orthopaedics;dermatology;psychiatry;rheumatology;physiatry,,,高知県香南市野市町東野　１６９－１,JP,高知県,,香南市,,,野市町東野,,,19,厚生労働省 医療情報ネットのオープンデータ (2026-06-01),,,,
3922395503070,39,33.563779,133.700274,原データ,doctors,doctor,北村産婦人科,北村産婦人科,北村産婦人科,きたむら さんふじんか,Kitamura Sanhujinka,,"Mo,Tu,We,Th,Fr,Sa 09:00-12:30,14:30-17:30; PH off; Dec 29-Jan 03 off",internal;gynaecology,,,高知県香南市野市町西野５５１－３,JP,高知県,,香南市,,,野市町西野,,,,厚生労働省 医療情報ネットのオープンデータ (2026-06-01),,,,
3922395503100,39,33.562943,133.719545,原データ,doctors,doctor,近森医院,近森医院,近森医院,ちかもり いいん,Chikamori Iin,,"Mo,Tu,Fr 09:00-12:00,14:00-17:30; We 09:00-17:30; Th,Sa 09:00-12:00; PH off; Jan 01-Jan 03,Aug 15,Dec 29 off",internal;cardiology;gastroenterology;paediatrics,,,高知県香南市野市町東野４４６－３,JP,高知県,,香南市,,,野市町東野,,,,厚生労働省 医療情報ネットのオープンデータ (2026-06-01),yes,休診日の記述「PM」を opening_hours に変換できていない,,
3922395503230,39,33.563712,133.714065,原データ,doctors,doctor,鈴木内科,医療法人みどり会　鈴木内科,医療法人みどり会　鈴木内科,,,,"Mo,We 09:00-12:30,15:00-17:30; Tu,Th 09:00-12:30; Fr,Sa 09:00-12:30,14:00-17:30; PH off; Dec 31-Jan 03 off",internal;endocrinology;pulmonology;cardiology;gastroenterology;rheumatology,,,高知県香南市野市町みどり野１丁目６４,JP,高知県,,香南市,,,野市町みどり野一丁目,,,,厚生労働省 医療情報ネットのオープンデータ (2026-06-01),,,,
3922395503360,39,33.529762,133.756818,原データ,clinic,clinic,夜須診療所,夜須診療所,夜須診療所,やすしんりょうしょ,Yasu Shinryousho,,"Mo,Tu,Th,Fr 08:30-12:00,14:00-17:00; Sa 08:30-12:00; PH off; Dec 31-Jan 03,Aug 15 off",internal;cardiology;gastroenterology;paediatrics,,,高知県香南市夜須町手結２９８－３０,JP,高知県,,香南市,,,夜須町手結,,,18,厚生労働省 医療情報ネットのオープンデータ (2026-06-01),yes,opening_hours から24件を除いた（開始と終了が同一。実質NULL）: 月 内科 00:00-00:00、火 内科 00:00-00:00 他22件,,
3922395503490,39,33.53728,133.756489,原データ,doctors,doctor,寺田内科,医療法人茂志会寺田内科,寺田内科,,,,"Mo,Tu,We,Th,Fr 08:30-12:00,13:30-17:30; Sa 08:30-12:00; PH off; Dec 30-Jan 03 off",internal;pulmonology;cardiology;gastroenterology;paediatrics;radiology,,,高知県香南市夜須町坪井２３ー１,JP,高知県,,香南市,,,夜須町坪井,,,,厚生労働省 医療情報ネットのオープンデータ (2026-06-01),yes,名称の先頭の「茂志会」を運営主体とみなして name から除いた。official_name と short_name で確かめてください,,
3922395503650,39,33.647011,133.776612,原データ,clinic,clinic,前田メディカルクリニック,医療法人敬善会　前田メディカルクリニック,前田メディカルクリニック,,,Maeda Medical Clinic,"Mo,Tu,We,Fr 09:00-12:30,15:00-17:00; Th,Sa 09:00-12:30; PH off; Dec 30-Jan 03 off",internal;surgery;orthopaedics;plastic_surgery;paediatrics;physiatry,,http://www.maeda-mc.com,高知県香美市香北町美良布１５１６－３,JP,高知県,,香美市,,,香北町美良布,,,19,厚生労働省 医療情報ネットのオープンデータ (2026-06-01),,,,
3922395504370,39,33.560372,133.701323,原データ,doctors,doctor,疋田内科,疋田内科,疋田内科,ひきたないか,,Hikita Medical Office,"Mo,Tu,We,Fr 08:30-12:30,14:00-18:00; Th 08:30-12:30,15:00-18:00; Sa 08:30-12:30,13:30-15:00; PH off; Dec 31-Jan 03 off",internal;pulmonology;cardiology;gastroenterology;paediatrics;psychiatry;physiatry,,https://sites.google.com/hikitanaika.com/oshirase/%E3%83%9B%E3%83%BC%E3%83%A0,高知県香南市野市町西野２６３６－６,JP,高知県,,香南市,,,野市町西野,,,,厚生労働省 医療情報ネットのオープンデータ (2026-06-01),,,,
3922395504400,39,33.541705,133.723211,原データ,doctors,doctor,赤岡医院,赤岡医院,赤岡医院,あかおかいいん,Akaokaiinn,,"Mo,Tu,We,Th,Fr 09:00-12:00,15:00-17:00; PH off; Dec 30-Jan 04 off",internal;neurology;paediatrics;physiatry,,,高知県香南市赤岡町５６９,JP,高知県,,香南市,,,赤岡町,,,,厚生労働省 医療情報ネットのオープンデータ (2026-06-01),yes,opening_hours から19件を除いた（開始と終了が同一。実質NULL）: 月 内科 00:00-00:00、火 内科 00:00-00:00 他17件,569,
3922395504790,39,33.610862,133.708211,原データ,doctors,doctor,安岡クリニック,安岡クリニック,安岡クリニック,やすおかくりにっく,,Yasuoka Clinic,"Mo,We,Fr 08:30-11:50,14:00-17:30; Tu 08:30-12:00,14:00-17:30; Th,Sa 08:30-12:00; PH off; Dec 30-Jan 03 off",internal;gastroenterology,,,高知県香美市土佐山田町楠目１６３,JP,高知県,,香美市,,,土佐山田町楠目,,,,厚生労働省 医療情報ネットのオープンデータ (2026-06-01),,,163,
3922395505410,39,33.607178,133.693874,原データ,clinic,clinic,楠目循環器科内科・眼科,楠目循環器科内科・眼科,楠目眼科,くずめがんか,,,"Mo,We,Fr 09:00-12:30,14:00-17:30; Tu,Th,Sa 09:00-12:30; PH off; Dec 30-Jan 03 off",ophthalmology,,http://www.kuzume.or.jp/,高知県香美市土佐山田町百石町１丁目１１番２１号,JP,高知県,,香美市,,,土佐山田町百石町一丁目,11,21,19,厚生労働省 医療情報ネットのオープンデータ (2026-06-01),,,,
3922395505700,39,33.696879,133.874174,原データ,clinic,clinic,香美市立大栃診療所,香美市立大栃診療所,大栃診療所,かみしりつおおどちしんりょうしょ,,odoticlinic,"Mo,Tu,We,Fr 08:30-12:00,13:00-17:00; Th,Sa 08:30-12:00; PH off; Dec 29-Jan 03,Aug 12,Aug 14-Aug 16 off",internal;surgery;neurosurgery;orthopaedics;paediatrics,,,高知県香美市物部町大栃８９８ー１,JP,高知県,,香美市,,,物部町大栃,,,19,厚生労働省 医療情報ネットのオープンデータ (2026-06-01),yes,opening_hours から40件を除いた（開始と終了が同一。実質NULL）: 木 内科 00:00-00:00、土 内科 00:00-00:00 他38件,,
3922395505830,39,33.556983,133.699532,原データ,doctors,doctor,のいち耳鼻咽喉科医院,のいち耳鼻咽喉科医院,のいち耳鼻咽喉科,のいちじびいんこうかいいん,Noichi Jibiinkouka,,"Mo,Tu,We,Fr 09:00-12:30,15:00-18:30; Sa 09:00-12:30,15:00-17:00; PH off; Dec 31-Jan 03,Aug 15 off",otolaryngology,,,高知県香南市野市町西野２３４３,JP,高知県,,香南市,,,野市町西野,,,,厚生労働省 医療情報ネットのオープンデータ (2026-06-01),,,2343,
3922395505960,39,33.608928,133.697376,原データ,clinic,clinic,岩河整形外科,医療法人岩河会岩河整形外科,岩河整形外科,,,,"Mo,Tu,We,Th,Fr 08:30-12:00,13:30-17:30; Sa 08:30-12:00,13:30-15:30; PH off; Dec 31-Jan 03 off",surgery;orthopaedics;rheumatology;physiatry;anaesthetics,,https://www.iwagawakai.com,高知県香美市土佐山田町百石町２丁目４番２０号,JP,高知県,,香美市,,,土佐山田町百石町二丁目,4,20,19,厚生労働省 医療情報ネットのオープンデータ (2026-06-01),yes,名称の先頭の「岩河会」を運営主体とみなして name から除いた。official_name と short_name で確かめてください,,
3922395506000,39,33.603642,133.685712,原データ,clinic,clinic,たにむら産婦人科,医療法人速水会　たにむら産婦人科,たにむら産婦人科,,,Tanimura Ladys Clinic,"Mo,Tu,We,Th,Fr,Sa 09:00-12:00,14:00-18:00; PH off; Dec 31-Jan 03,Aug 14-Aug 16,Sep 18,Sep 23,Oct 09,Nov 23 off",internal;paediatrics;gynaecology,,http://www.kochikc.co.jp/tanimura-cl/,高知県香美市土佐山田町宝町１－３１－１,JP,高知県,,香美市,,,土佐山田町宝町一丁目,,,19,厚生労働省 医療情報ネットのオープンデータ (2026-06-01),yes,地番のため addr:block_number と addr:housenumber をタグ出力していない,,
3922395506130,39,33.608181,133.694319,原データ,doctors,doctor,小松内科,医療法人健仁会小松内科,小松内科,,,,"Mo,Tu,We,Fr 09:00-12:00,14:00-17:30; Sa 09:00-12:00; PH off; Dec 29-Jan 03 off",internal,,,高知県香美市土佐山田町百石町１－７－８,JP,高知県,,香美市,,,土佐山田町百石町一丁目,7,8,,厚生労働省 医療情報ネットのオープンデータ (2026-06-01),yes,名称の先頭の「健仁会」を運営主体とみなして name から除いた。official_name と short_name で確かめてください,,
3922395506260,39,33.558577,133.695328,原データ,doctors,doctor,藤川クリニック,藤川クリニック,藤川クリニック,ふじかわくりにっく,,Fujikawa Clinic,"Mo,Tu,We,Fr 09:00-12:00,14:00-18:00; Th,Sa 09:00-12:00; PH off; Dec 31-Jan 03 off",internal;gastroenterology;surgery;proctology;dermatology;physiatry,,,高知県香南市野市町西野２１９２－２,JP,高知県,,香南市,,,野市町西野,,,,厚生労働省 医療情報ネットのオープンデータ (2026-06-01),,,,
3922395506420,39,33.581604,133.69743,原データ,doctors,doctor,西山内科,医療法人良弥会西山内科,西山内科,,,Nishiyama Naika Clinic,"Mo,Tu,We,Fr 09:00-12:00,14:00-17:30; Th,Sa 09:00-12:00; PH off; Dec 30-Jan 03 off",internal;paediatrics,,,高知県香南市野市町西野５１－１,JP,高知県,,香南市,,,野市町西野,,,,厚生労働省 医療情報ネットのオープンデータ (2026-06-01),yes,名称の先頭の「良弥会」を運営主体とみなして name から除いた。official_name と short_name で確かめてください,,
3922395506550,39,33.608549,133.675607,原データ,doctors,doctor,とさやまだクリニック,とさやまだクリニック,とさやまだクリニック,とさやまだくりにっく,,Tosayamada Clinic,"We 09:00-12:00; We[1,2,3,5] off; PH off; Dec 30-Jan 03 off",internal,,,高知県香美市土佐山田町５４８,JP,高知県,,香美市,,,土佐山田町,,,,厚生労働省 医療情報ネットのオープンデータ (2026-06-01),yes,営業曜日と時刻が食い違う曜日が1件。時刻を採用（営業日と異なる独自の時刻）,,
3922395601240,39,33.193119,132.973011,原データ,clinic,clinic,四万十町大正診療所,四万十町国民健康保険大正診療所,大正診療所,,,,"Mo,Tu,We,Th,Fr 08:45-12:00,14:00-17:00; PH off; Dec 29-Jan 03 off",internal;physiatry,,,高知県高岡郡四万十町大正　４５９ー１,JP,高知県,高岡郡,四万十町,,,大正,,,19,厚生労働省 医療情報ネットのオープンデータ (2026-06-01),,,,
3922395601820,39,33.218394,132.89746,原データ,doctors,doctor,四万十町十和診療所,四万十町国民健康保険十和診療所,四万十町十和診療所,,,,"Mo,Tu,Fr 09:00-12:00,13:30-17:00; We 09:00-12:00,13:30-15:00; Th 09:00-12:00; PH off; Dec 29-Jan 03 off",internal,,,高知県高岡郡四万十町昭和４６８,JP,高知県,高岡郡,四万十町,,,昭和,,,,厚生労働省 医療情報ネットのオープンデータ (2026-06-01),yes,opening_hours から6件を除いた（開始と終了が同一。実質NULL）: 木 内科 00:00-00:00、月 内科 00:00-00:00 他4件,,
3922395602700,39,33.225341,133.146323,原データ,doctors,doctor,高橋内科・呼吸器科・消化器科,高橋内科・呼吸器科・消化器科,高橋内科,たかはしないかこきゅうきかしょうかきか,,,"Mo,Tu,We,Th,Fr 08:30-12:30,13:30-17:00; Sa 08:30-12:00; PH off; Dec 29-Jan 03,Aug 13-Aug 15 off",internal;pulmonology;cardiology;gastroenterology,,,高知県高岡郡四万十町東大奈路４８７番地５,JP,高知県,高岡郡,四万十町,,,東大奈路,,,,厚生労働省 医療情報ネットのオープンデータ (2026-06-01),,,,
3922395603000,39,33.21312,133.136601,原データ,doctors,doctor,ファミリークリニック四万十,医療法人和協会ファミリークリニック四万十,ファミリークリニック四万十,,,family clinic shimanto,"Mo,Tu,We,Th,Fr 08:30-12:00,13:30-17:00; Sa 08:30-12:30; PH off; Dec 29-Jan 03 off",internal;pulmonology;cardiology;gastroenterology;paediatrics;psychiatry,,,高知県高岡郡四万十町北琴平町２－３７,JP,高知県,高岡郡,四万十町,,,北琴平町,2,37,,厚生労働省 医療情報ネットのオープンデータ (2026-06-01),yes,名称の先頭の「和協会」を運営主体とみなして name から除いた。official_name と short_name で確かめてください,,
3922395603130,39,33.277222,132.889977,原データ,doctors,doctor,大道へき地診療所,大道へき地診療所,,おおどうへきちしんりょうしょ,,,"We 14:30-15:30; We[1,3,4,5] off; PH off",internal,,,高知県高岡郡四万十町奥大道１３５１番地９,JP,高知県,高岡郡,四万十町,,,,,,,厚生労働省 医療情報ネットのオープンデータ (2026-06-01),,,奥大道1351番地9,
3922395700130,39,33.608628,133.171594,原データ,doctors,doctor,酒井医院,酒井医院,酒井医院,さかい いいん,Sakai Iin,,"Mo,Tu,We,Th,Fr 08:30-12:00,13:30-17:00; Sa 08:30-12:00; PH off; Dec 30-Jan 03,Aug 13-Aug 15 off",internal,,,高知県吾川郡仁淀川町土居甲９４１,JP,高知県,吾川郡,仁淀川町,,,土居甲,,,,厚生労働省 医療情報ネットのオープンデータ (2026-06-01),,,941,
3922395700390,39,33.573076,133.171316,原データ,doctors,doctor,仁淀川町大崎診療所,仁淀川町国民健康保険大崎診療所,仁淀川町国保大崎診療所,,,,"Mo,Tu,We,Th,Fr 08:30-17:15; PH off; Dec 29-Jan 03 off",internal;dentistry,,,高知県吾川郡仁淀川町大崎３００番地,JP,高知県,吾川郡,仁淀川町,,,大崎,,,,厚生労働省 医療情報ネットのオープンデータ (2026-06-01),yes,opening_hours から15件を除いた（開始と終了が同一。実質NULL）: 月 内科 00:00-00:00、火 内科 00:00-00:00 他13件,,
3922395700840,39,33.475487,133.285257,原データ,doctors,doctor,西森医院,西森医院,西森医院,にしもりいいん,,Nishimori Clinic,"Mo,Tu,Th,Fr 08:30-12:00,13:30-17:00; We,Sa 08:30-12:00; PH off; Dec 31-Jan 03 off",internal;gastroenterology,,,高知県高岡郡佐川町中組４９－４,JP,高知県,高岡郡,佐川町,,,中組,,,,厚生労働省 医療情報ネットのオープンデータ (2026-06-01),,,,
3922395701270,39,33.530585,133.252696,原データ,clinic,clinic,のぞみ 岡本内科,医療法人のぞみ　岡本内科,岡本内科,,,,"Mo,Tu,We,Th,Fr 08:30-12:30,14:00-17:30; Sa 08:30-12:30; PH off; Dec 31-Jan 03 off",internal;paediatrics;dermatology;radiology,,,高知県高岡郡越知町越知甲１６７８,JP,高知県,高岡郡,越知町,,,越知,,,19,厚生労働省 医療情報ネットのオープンデータ (2026-06-01),,,甲1678,
3922395702280,39,33.508922,133.283805,原データ,doctors,doctor,藤井医院,藤井医院,藤井医院,ふじいいいん,Fujii Iin,,"Mo,Tu,We,Th,Fr,Sa 08:30-11:20; PH off; Dec 29-Jan 03 off",internal,,,高知県高岡郡佐川町乙１８６９,JP,高知県,高岡郡,佐川町,,,乙,,,,厚生労働省 医療情報ネットのオープンデータ (2026-06-01),,,1869,
3922395702860,39,33.542732,133.285336,原データ,doctors,doctor,佐川町立高北国民健康保険病院附属黒岩診療所,佐川町立高北国民健康保険病院附属黒岩診療所,佐川町立高北国民健康保険病院附属黒岩診療所,さかわちょうりつこうほくこくみんけんこうほけんびょういんふぞくくろいわしんりょうしょ,,,"Th 14:00-15:00; Th[2,3,4,5] off; PH off; Dec 29-Jan 03 off",internal,,http://www.town.sakawa.lg.jp/kouhoku_hospital/,高知県高岡郡佐川町黒原３３５７,JP,高知県,高岡郡,佐川町,,,黒原,,,,厚生労働省 医療情報ネットのオープンデータ (2026-06-01),yes,営業曜日と時刻が食い違う曜日が1件。時刻を採用（営業日と異なる独自の時刻）,3357,
3922395703450,39,33.500483,133.290607,原データ,doctors,doctor,わだ眼科皮膚科,わだ眼科皮膚科,わだ眼科皮膚科,わだがんかひふか,Wada Gannkahifuka,,"Mo,Tu,We,Fr 09:00-18:00; Th,Sa 09:00-12:00; PH off; Dec 30-Jan 03 off",ophthalmology;dermatology,,,高知県高岡郡佐川町甲１３５１ー１,JP,高知県,高岡郡,佐川町,,,甲,,,,厚生労働省 医療情報ネットのオープンデータ (2026-06-01),,,1351-1,
3922395703580,39,33.535587,133.374631,原データ,doctors,doctor,日高クリニック,日高クリニック,日高クリニック,ひだかくりにっく,Hidakakurinikku,,"Mo,Tu,Th,Fr,Sa 09:00-12:30,14:00-17:30; PH off; Dec 31-Jan 03 off",internal;orthopaedics;paediatrics;physiatry,,https://hidakaclinic.jinseikai.kochi.jp/,高知県高岡郡日高村本郷滝ノ前７,JP,高知県,高岡郡,日高村,,本郷,字瀧,,,,厚生労働省 医療情報ネットのオープンデータ (2026-06-01),,,ノ前7,
3922395703610,39,33.50045,133.291948,原データ,doctors,doctor,くぼたこどもクリニック,くぼたこどもクリニック,くぼたこどもクリニック,くぼたこどもくりにっく,Kubota Kodomo Kurinikku,,"Mo,Tu,We,Fr 09:00-12:30,14:30-18:30; Th 09:00-13:00; Sa 09:00-12:30,14:30-16:30; PH off; Dec 30-Jan 03 off || off ""GW・お盆は休診""",paediatrics,,https://www.kubota-childclinic.com,高知県高岡郡佐川町甲１０５０ー５,JP,高知県,高岡郡,佐川町,,,甲,,,,厚生労働省 医療情報ネットのオープンデータ (2026-06-01),,,1050-5,
3922395800450,39,33.791949,133.780146,原データ,doctors,doctor,高橋医院,高橋医院,高橋医院,たかはしいいん,Takahashi Iin,,"Tu,Fr 13:15-17:30; PH off; Dec 29-Jan 03 off",internal;paediatrics;physiatry,,,高知県長岡郡大豊町大滝４９８,JP,高知県,長岡郡,大豊町,,,大滝,,,,厚生労働省 医療情報ネットのオープンデータ (2026-06-01),yes,opening_hours から12件を除いた（開始と終了が同一。実質NULL）: 火 内科 00:00-00:00、金 内科 00:00-00:00 他10件,498,
3922395800900,39,33.74853,133.555306,原データ,clinic,clinic,田井医院,医療法人　田井医院,田井医院,,,,"Mo,Tu,We,Th,Fr,Sa 08:30-12:30,14:00-17:30; PH off; Dec 31-Jan 03 off",internal;cardiology;surgery;paediatrics;dermatology,,,高知県土佐郡土佐町田井１４５７,JP,高知県,土佐郡,土佐町,,,田井,,,19,厚生労働省 医療情報ネットのオープンデータ (2026-06-01),,,,
3922395801460,39,33.773076,133.34057,原データ,doctors,doctor,いの町立大橋出張診療所,いの町立国民健康保険大橋出張診療所,国保大橋出張診療所,,,,Mo 14:00-16:00; PH off; Dec 29-Jan 03 off,internal,,,高知県吾川郡いの町脇ノ山２６４−５,JP,高知県,吾川郡,いの町,,,脇ノ山,,,,厚生労働省 医療情報ネットのオープンデータ (2026-06-01),,,,
3922395801750,39,33.725048,133.307546,原データ,doctors,doctor,いの町立国民健康保険長沢診療所,いの町立国民健康保険長沢診療所,いの町立国民健康保険長沢診療所,いのちょうりつこくみんけんこうほけんながさわしんりょうしょ,Inochouritukokuminkenkouhoken Nagasawashinryosho,,"Mo,We 08:30-12:00,16:30-17:15; Tu,Fr 08:30-12:00,13:00-17:15; PH off; Dec 29-Jan 03 off",internal,,,高知県吾川郡いの町長沢２５４ー３,JP,高知県,吾川郡,いの町,,,長沢,,,,厚生労働省 医療情報ネットのオープンデータ (2026-06-01),,,,
3922395801880,39,33.728929,133.234957,原データ,doctors,doctor,いの町立越裏門出張診療所,いの町立国民健康保険越裏門出張診療所,国保越裏門出張診療所,,,,We 14:00-16:00; PH off; Dec 29-Jan 03 off,internal,,,高知県吾川郡いの町越裏門２４６−６,JP,高知県,吾川郡,いの町,,,越裏門,,,,厚生労働省 医療情報ネットのオープンデータ (2026-06-01),,,,
3922395802050,39,33.784546,133.465541,原データ,doctors,doctor,大川村小松診療所,大川村国民健康保険小松診療所,大川村国保小松診療所,,,,"Tu,We,Fr 09:30-12:00; PH off; Dec 27-Jan 04 off",internal,,,高知県土佐郡大川村小松,JP,高知県,土佐郡,大川村,,,小松,,,,厚生労働省 医療情報ネットのオープンデータ (2026-06-01),,,,
3922395802210,39,33.786109,133.553638,原データ,doctors,doctor,本山町立汗見川へき地診療所,本山町立汗見川へき地診療所,本山町立汗見川へき地診療所,もとやまちょうりつあせみかわへきちしんりょうしょ,Motoyamatyouritu Asemikawa Hekiti Shinryousho,,"Th 10:00-12:00; Th[2,4,5] off; PH off; Dec 29-Jan 03 off",internal;surgery;orthopaedics,,,高知県長岡郡本山町沢ケ内５２４番地１,JP,高知県,長岡郡,本山町,,,沢ヶ内,,,,厚生労働省 医療情報ネットのオープンデータ (2026-06-01),,,,
3922395802470,39,33.787108,133.723777,原データ,doctors,doctor,大田口医院,大田口医院,大田口医院,おおたぐちいいん,Ootaguchi Iin,,"Mo,We,Th 08:30-12:00,13:15-17:30; Tu,Fr,Sa 08:30-12:00; Sa[2] off; PH off; Dec 28-Jan 03 off",internal;paediatrics;physiatry,,,高知県長岡郡大豊町船戸６０－２,JP,高知県,長岡郡,大豊町,,,船戸,,,,厚生労働省 医療情報ネットのオープンデータ (2026-06-01),,,,
3922395901650,39,33.548066,134.297111,原データ,doctors,doctor,寿美医院,寿美医院,寿美医院,すみいいん,Sumiiin,,"Mo,Tu,We,Fr 08:30-12:00,14:00-17:30; Th,Sa 08:30-12:00; Sa[2] off; PH off; Dec 29-Jan 03,Aug 13-Aug 15 off",internal;gastroenterology,,,高知県安芸郡東洋町甲浦５４２,JP,高知県,安芸郡,東洋町,,,大字甲浦,,,,厚生労働省 医療情報ネットのオープンデータ (2026-06-01),,,,
3922395902240,39,33.505567,134.26578,原データ,doctors,doctor,野根診療所,野根診療所,野根診療所,のねしんりょうしょ,None Shinryosyo,,"Mo,Tu,Th,Fr 09:00-12:30,13:30-17:30; PH off; Dec 30-Jan 03,Jun 01,Aug 14-Aug 15 off",internal,,,高知県安芸郡東洋町野根丙,JP,高知県,安芸郡,東洋町,,,大字野根丙,,,,厚生労働省 医療情報ネットのオープンデータ (2026-06-01),,,,
3922395902530,39,33.330904,134.098724,原データ,doctors,doctor,松本医院,医療法人　裕香会　松本医院,松本医院,,,,"Mo,Tu,We,Fr 08:30-12:30,14:00-17:30; Th,Sa 08:30-12:30; PH off; Dec 30-Jan 03,Aug 15 off",internal;surgery,,,高知県室戸市吉良川町甲２２６３,JP,高知県,,室戸市,,,吉良川町甲,,,,厚生労働省 医療情報ネットのオープンデータ (2026-06-01),,,2263,
3922395902820,39,33.291748,134.153178,原データ,doctors,doctor,むろとぴあ医院,むろとぴあ医院,むろとぴあ医院,むろとぴあいいん,,MUROTOPIA CLINIC,"Mo,Tu,Th,Fr 09:00-12:00,13:30-17:00; We,Sa 09:00-12:00; PH off; Dec 30-Jan 03,Oct 11 off",internal;gastroenterology;surgery;orthopaedics;paediatrics;physiatry,,,高知県室戸市浮津,JP,高知県,,室戸市,,,浮津,,,,厚生労働省 医療情報ネットのオープンデータ (2026-06-01),,,,
3922396002990,39,33.557275,133.573449,原データ,doctors,doctor,こうせいこどもクリニック,こうせいこどもクリニック,こうせいこどもクリニック,こうせいこどもくりにっく,,Koseikodomo Clinic,"Mo,Tu,Th,Fr 09:00-12:30,14:00-18:00; Sa 09:00-12:30; PH off; Dec 30-Jan 03 off",paediatrics,,http://www.koseikodomoclinic.com,高知県高知市葛島２－６－３０,JP,高知県,,高知市,,,葛島二丁目,6,30,,厚生労働省 医療情報ネットのオープンデータ (2026-06-01),,,,
3922396100160,39,33.410322,133.288249,原データ,doctors,doctor,北川眼科 北川眼科,医療法人北川眼科　北川眼科,北川眼科,,,Kitagawa Eye Clinic,"Mo,Tu,We,Th,Fr 09:00-12:30,14:00-17:00; Sa 09:00-12:30; PH off; Dec 28-Jan 03 off",ophthalmology,,,高知県須崎市緑町,JP,高知県,,須崎市,,,緑町,,,,厚生労働省 医療情報ネットのオープンデータ (2026-06-01),,,,
3922396100320,39,33.38977,133.285475,原データ,clinic,clinic,島津クリニック,医療法人仁栄会島津クリニック,島津クリニック,,,Shimazu Clinic,"Mo,We,Fr 09:00-12:00,14:00-18:00; Tu,Th,Sa 09:00-12:00; PH off; Dec 29-Jan 03 off",internal;dialysis;surgery;urology,,http://www7.ocn.ne.jp/~shimazhp/shmzcli-top.htm,高知県須崎市西古市町３ー１５,JP,高知県,,須崎市,,,西古市町,3,15,19,厚生労働省 医療情報ネットのオープンデータ (2026-06-01),yes,名称の先頭の「仁栄会」を運営主体とみなして name から除いた。official_name と short_name で確かめてください,,
3922396100610,39,33.274072,133.246329,原データ,doctors,doctor,上ノ加江クリニック,上ノ加江クリニック,上ノ加江クリニック,かみのかえくりにっく,,kaminokae clinic,"Mo,Th,Fr 09:30-11:30,13:30-16:00; Tu 09:30-11:30; PH off; Dec 31-Jan 03 off",internal,,http://kadofukushikai.com/publics/index/23/,高知県高岡郡中土佐町上ノ加江２７７ー１０,JP,高知県,高岡郡,中土佐町,,,上ノ加江,,,,厚生労働省 医療情報ネットのオープンデータ (2026-06-01),yes,opening_hours から5件を除いた（開始と終了が同一。実質NULL）: 火 内科 00:00-00:00、月 内科 00:00-00:00 他3件,,
3922396100870,39,33.408775,133.28444,原データ,doctors,doctor,須崎医療クリニック,須崎医療クリニック,須崎医療クリニック,すさきいりょうくりにっく,Susakiiryoukurinikku,,"Mo,We,Th,Fr 08:45-12:00,14:30-17:00; Tu 08:45-12:00,14:30-17:30; Sa 08:45-12:00; PH off; Dec 31-Jan 03 off",internal;pulmonology;cardiology;gastroenterology;surgery;orthopaedics;dermatology,,http://www.susaki-medicalclinic.jp,高知県須崎市多ノ郷甲５７４８－１,JP,高知県,,須崎市,,,多ノ郷甲,,,,厚生労働省 医療情報ネットのオープンデータ (2026-06-01),yes,opening_hours から22件を除いた（開始と終了が同一。実質NULL）: 月 内科 00:00-00:00、火 内科 00:00-00:00 他20件,5748-1,
3922396200190,39,33.539107,133.732736,原データ,doctors,doctor,かがみ診療所,医療法人香美会かがみ診療所,かがみ診療所,,,KAGAMICLINIC,Tu 09:00-12:00; PH off; Dec 31-Jan 03 off,internal;pulmonology;cardiology;gastroenterology,,https://www.chisio-group.or.jp/ainosato/related_facilities.html,高知県香南市香我美町岸本３２８ー１７４,JP,高知県,,香南市,,,香我美町岸本,,,,厚生労働省 医療情報ネットのオープンデータ (2026-06-01),yes,名称の先頭の「香美会」を運営主体とみなして name から除いた。official_name と short_name で確かめてください / opening_hours から10件を除いた（開始と終了が同一。実質NULL）: 火 内科 00:00-00:00、火 内科 00:00-00:00 他8件,,
3922396200510,39,33.533538,133.609949,原データ,doctors,doctor,たかはし内科小児科,たかはし内科小児科,たかはし内科小児科,たかはしないかしょうにか,,Takahashi Naika-Shounika Clinic,"Mo,Tu,We,Fr 09:00-12:00,14:30-18:00; Th 14:30-18:00; Sa 09:00-12:00; PH off; Dec 29-Jan 03,Feb 24,May 06,May 24,Nov 24 off",internal;paediatrics,,,高知県南国市緑ケ丘２－１７１５,JP,高知県,,南国市,,,緑ケ丘二丁目,,,,厚生労働省 医療情報ネットのオープンデータ (2026-06-01),,,,
3922396200770,39,33.648292,133.779517,原データ,doctors,doctor,びらふ診療所,医療法人岩河会びらふ診療所,びらふ診療所,,,,"Mo,Tu,We,Th,Fr,Sa 09:00-11:50; PH off; Dec 31-Jan 03 off",internal;surgery;orthopaedics;rheumatology;physiatry;anaesthetics,,,高知県香美市香北町美良布１３１７番地,JP,高知県,,香美市,,,香北町美良布,,,,厚生労働省 医療情報ネットのオープンデータ (2026-06-01),yes,名称の先頭の「岩河会」を運営主体とみなして name から除いた。official_name と short_name で確かめてください,,
3922396200930,39,33.549634,133.72047,原データ,clinic,clinic,もえぎクリニツク,医療法人　久武会　もえぎクリニツク,もえぎクリニツク,,,Moegi clinic,"Mo,We,Th,Fr,Sa 09:00-12:30,14:30-17:00; Tu 09:00-12:30; PH off; Dec 31-Jan 03 off",internal;endocrinology;cardiology;gastroenterology;dialysis,,http://www.hisatakekai.com,高知県香南市赤岡町２０６６番地３,JP,高知県,,香南市,,,赤岡町,,,19,厚生労働省 医療情報ネットのオープンデータ (2026-06-01),yes,opening_hours から52件を除いた（開始と終了が同一。実質NULL）: 火 内科 00:00-00:00、月 内科 00:00-00:00 他50件,,
3922396201100,39,33.558648,133.665436,原データ,doctors,doctor,あけぼのクリニック,医療法人あけぼの会　あけぼのクリニック,あけぼのクリニック,,,Akebono Clinic,"Mo,Tu,We,Fr 09:00-12:30,14:00-18:00; Th 09:00-12:30,13:30-17:00; Sa 09:00-14:00; PH off; Dec 30-Jan 03 off",internal;neurosurgery;paediatrics;dermatology;psychiatry,,https://akebono-cl.com/,高知県南国市田村乙１９９２－１,JP,高知県,,南国市,,,田村乙,,,,厚生労働省 医療情報ネットのオープンデータ (2026-06-01),,,1992-1,
3922396201360,39,33.56354,133.698027,原データ,doctors,doctor,さとう循環器消化器科,さとう循環器消化器科,さとう循環器消化器科,さとうじゅんかんきしょうかきか,,Satou Clinic,"Mo,Tu,Th,Fr 09:00-12:30,14:00-18:00; We,Sa 09:00-12:30; PH off; Dec 30-Jan 03 off",cardiology;gastroenterology,,,高知県香南市野市町西野５８７－１５,JP,高知県,,香南市,,,野市町西野,,,,厚生労働省 医療情報ネットのオープンデータ (2026-06-01),,,,
3922396201650,39,33.599475,133.671825,原データ,doctors,doctor,村上内科循環器科,医療法人村上会　村上内科循環器科,村上内科循環器科,,,murakami clinic murakami naika junnkannkika,"Mo,Tu,We,Fr 09:00-12:00,14:00-18:00; Sa 09:00-12:00; PH off; Dec 28-Jan 03 off",internal;pulmonology;cardiology;gastroenterology,,,高知県香美市土佐山田町２２８９－６,JP,高知県,,香美市,,,土佐山田町,,,,厚生労働省 医療情報ネットのオープンデータ (2026-06-01),,,,
3922396201780,39,33.575113,133.651275,原データ,doctors,doctor,ごめん林眼科,医療法人　泊和会　ごめん林眼科,ごめん林眼科,,,GomenHayashi Eyeclinic,"Mo,Tu,Th,Fr 08:45-12:30,14:00-18:30; We,Sa 08:45-13:00; PH off; Dec 29-Jan 03 off",ophthalmology,,http://www.gomenhayashi.jp/,高知県南国市下野田,JP,高知県,,南国市,,,下野田,,,,厚生労働省 医療情報ネットのオープンデータ (2026-06-01),,,,
3922396201810,39,33.560978,133.69468,原データ,doctors,doctor,のいち眼科,医療法人一丸会　のいち眼科,のいち眼科,,,NOICHI EYE CLINIC,"Mo,Tu,Fr 09:00-12:30,14:00-18:00; We 09:00-12:30,14:00-19:00; Th 09:00-12:30; Sa 09:00-13:00; PH off; Dec 29-Jan 03 off",ophthalmology,,https://www.noichi-ganka.jp,高知県香南市野市町西野１９４５,JP,高知県,,香南市,,,野市町西野,,,,厚生労働省 医療情報ネットのオープンデータ (2026-06-01),,,1945,
3922396202820,39,33.567409,133.629812,原データ,doctors,doctor,きび診療所,きび診療所,きび診療所,きびしんりょうしょ,Kibi Sinryousyo,,"Mo,Tu,Th,Fr 08:00-12:30,13:45-17:00; We,Sa 08:00-12:30; PH off; Dec 29-Jan 03 off",internal;endocrinology;pulmonology;cardiology;gastroenterology;nephrology;allergology;clinical_pathology,,http://www.tosakibi.jp/,高知県南国市明見８００,JP,高知県,,南国市,,,明見,,,,厚生労働省 医療情報ネットのオープンデータ (2026-06-01),,,800,
3922396204550,39,33.571206,133.634943,原データ,doctors,doctor,まほろば眼科,医療法人相敬会　まほろば眼科,まほろば眼科,,,mahoroba eye clinic,"Mo,We,Th,Fr 09:00-12:30,14:00-17:30; Tu 09:00-12:00,13:30-17:30; Sa 09:00-12:30; PH off; Dec 29-Jan 03 off",ophthalmology,,http://www.mahoroba-eye.com,高知県南国市篠原１５３ー１,JP,高知県,,南国市,,,篠原,,,,厚生労働省 医療情報ネットのオープンデータ (2026-06-01),,,,
3922396205300,39,33.566162,133.696726,原データ,doctors,doctor,おひさま こどもクリニック,おひさま　こどもクリニック,おひさま　こどもクリニック,おひさま こどもくりにっく,,ohisama kodomo clinic,"Mo,Tu,We,Fr,Sa 08:30-12:30,14:00-17:30; PH off; Dec 30-Jan 03 off",paediatrics,,http://www.ohisama-kodomo-clinic.com/,高知県香南市野市町西野６５１−１,JP,高知県,,香南市,,,野市町西野,,,,厚生労働省 医療情報ネットのオープンデータ (2026-06-01),,,,
3922396205720,39,33.573885,133.643425,原データ,doctors,doctor,しばた整形外科,しばた整形外科,しばた整形外科,しばたせいけいげか,,shibata orthopaedic clinic,"Mo,Tu,We,Fr 09:00-12:30,14:00-18:00; Sa 09:00-12:30,14:00-16:00; PH off; Dec 30-Jan 03 off",orthopaedics,,,高知県南国市大そね甲２２５７番地４,JP,高知県,,南国市,,,,,,,厚生労働省 医療情報ネットのオープンデータ (2026-06-01),,,大そね甲2257番地4,
3922396206020,39,33.567028,133.695711,原データ,clinic,clinic,野市整形外科医院,野市整形外科医院,野市整形外科医院,のいちせいけいげかいいん,Noichiseikeigekaiin,,"Mo,Tu,We,Fr 08:30-12:30,13:30-17:30; Th,Sa 08:30-12:30; PH off; Dec 30-Jan 03 off",internal;orthopaedics;physiatry,,,高知県香南市野市町西野２２３５番地,JP,高知県,,香南市,,,野市町西野,,,19,厚生労働省 医療情報ネットのオープンデータ (2026-06-01),,,,
3922396206280,39,33.577074,133.637609,原データ,doctors,doctor,南国いのうえクリニック,南国いのうえクリニック,南国いのうえクリニック,なんこくいのうえくりにっく,,Nankoku Inoue Clinic,"Mo,Tu,We,Fr 09:00-13:00,14:30-17:00; Th,Sa 09:00-13:00; PH off; Dec 29-Jan 03,Aug 14-Aug 15 off",internal;endocrinology;nephrology,,http://nankoku-inoue-clinic.jp,高知県南国市篠原１８８７番地２,JP,高知県,,南国市,,,篠原,,,,厚生労働省 医療情報ネットのオープンデータ (2026-06-01),,,,
3922396207160,39,33.575744,133.644766,原データ,doctors,doctor,にしかわクリニック,にしかわクリニック,にしかわクリニック,にしかわくりにっく,,nishikawa clinic,"Mo,Tu,We,Fr 09:00-13:00,14:00-18:00; Sa 09:00-13:00,14:00-17:00; PH off",internal;nephrology;dermatology;urology,,,高知県南国市後免町１丁目８番１号,JP,高知県,,南国市,,,後免町一丁目,8,1,,厚生労働省 医療情報ネットのオープンデータ (2026-06-01),,,,
3922396210740,39,33.570461,133.635271,原データ,doctors,doctor,脳外科・内科 高知東クリニック,医療法人　信栄会　脳外科・内科　高知東クリニック,脳外科・内科　高知東クリニック,,,,"Mo,Tu,Th,Fr,Sa 09:00-12:30,14:00-17:30; We 09:00-12:30,14:00-16:30; PH off; Dec 27-Jan 04 off",internal;neurosurgery,,http://www.kochieast.jp/,高知県南国市篠原１６１－４,JP,高知県,,南国市,,,篠原,,,,厚生労働省 医療情報ネットのオープンデータ (2026-06-01),,,,
3922396211040,39,33.609651,133.690782,原データ,doctors,doctor,さくら香美クリニック,医療法人　一羽のすずめ会　さくら香美クリニック,さくら香美クリニック,,,Sakura-kami clinic,"Mo,Tu,Th,Fr 09:00-11:30; We 09:00-11:30,17:00-18:00; PH off; Dec 31-Jan 03 off",internal,,,高知県香美市土佐山田町１１７ー１３,JP,高知県,,香美市,,,土佐山田町,,,,厚生労働省 医療情報ネットのオープンデータ (2026-06-01),,,,
3922396211910,39,33.621855,133.640157,原データ,doctors,doctor,領石蛍が丘クリニック,医療法人清水会　領石蛍が丘クリニック,領石蛍が丘クリニック,,,RyosekiHotarugaoka Clinic,"Mo,Th,Fr 08:30-12:30,15:00-18:30; Tu 08:30-12:00,15:00-18:30; We 08:30-12:30; Sa 08:30-13:00; PH off; Dec 30-Jan 03,Aug 12-Aug 15 off",internal;cardiology;gastroenterology,,https://www.ryosekihotarugaoka-clinic.info/,高知県南国市領石１６－１,JP,高知県,,南国市,,,領石,,,,厚生労働省 医療情報ネットのオープンデータ (2026-06-01),,,,
3922396225340,39,33.589871,133.61777,原データ,doctors,doctor,かえるくりにっく,かえるくりにっく,,かえるくりにっく,,,"Mo,We,Th,Fr 08:30-12:30,13:30-17:30; Tu 08:30-12:30; PH off",internal;physiatry,,https://kaeruclinic.jp/info.html,高知県南国市岡豊町常通寺島３３５－３ケアハウスたんぽぽ,JP,高知県,,南国市,,,岡豊町常通寺島,,,,厚生労働省 医療情報ネットのオープンデータ (2026-06-01),yes,休診日の記述「12月30・31・1月1・2・3外来休診」を opening_hours に変換できていない,ケアハウスたんぽぽ,
3922396300020,39,33.577189,133.563288,原データ,doctors,doctor,きたむら心臓血管外科内科,きたむら心臓血管外科内科,きたむら心臓血管外科内科,きたむらしんぞうけっかんげかないか,,kitamura cardiovascular surgery&internal medicine,"Mo,Tu,We,Th 09:00-12:30,14:00-18:00; Fr,Sa 09:00-12:30; PH off; Dec 29-Jan 03 off",internal;cardiology;cardiothoracic_surgery,,,高知県高知市薊野南町２８－４５,JP,高知県,,高知市,,,薊野南町,28,45,,厚生労働省 医療情報ネットのオープンデータ (2026-06-01),yes,opening_hours から18件を除いた（開始と終了が同一。実質NULL）: 月 内科 00:00-00:00、火 内科 00:00-00:00 他16件,,
3922396300050,39,33.563644,133.528505,原データ,doctors,doctor,桑名皮フ科,医療法人　高知くわな会　桑名皮フ科,桑名皮フ科,,,Kuwana Dermatology Clinic,"Mo,Tu,Fr 09:00-12:00,14:30-17:30; We 09:00-12:00,14:30-19:30; Sa 09:00-15:00; PH off; Dec 30-Jan 03 off",dermatology,,http://www.kochi-web.com/hp1/kuwana/,高知県高知市小津町９－１３,JP,高知県,,高知市,,,小津町,9,13,,厚生労働省 医療情報ネットのオープンデータ (2026-06-01),,,,
3922396300090,39,32.929364,132.705497,原データ,doctors,doctor,いなげ胃腸科内科,いなげ胃腸科内科,いなげ胃腸科内科,いなげいちょうかないか,,Inage Clinic,"Mo,Tu,Th,Fr 09:00-12:00,13:30-17:00; We,Sa 09:00-12:00; PH off; Dec 30-Jan 03,Aug 13-Aug 15 off",internal;gastroenterology,,,高知県宿毛市高砂３３番地１７号,JP,高知県,,宿毛市,,,高砂,33,17,,厚生労働省 医療情報ネットのオープンデータ (2026-06-01),,,,
3922396300110,39,33.424981,134.019325,原データ,doctors,doctor,いちごクリニック,いちごクリニック,いちごクリニック,いちごくりにつく,,Ichigo Clinic,"Mo,Tu,We,Th,Fr 08:30-12:30,14:00-18:00; PH off; Dec 29-Jan 03 off",internal;surgery;orthopaedics,,,高知県安芸郡奈半利町乙１６２８番地１,JP,高知県,安芸郡,奈半利町,,,乙,,,,厚生労働省 医療情報ネットのオープンデータ (2026-06-01),yes,opening_hours から15件を除いた（開始と終了が同一。実質NULL）: 月 内科 00:00-00:00、火 内科 00:00-00:00 他13件,1628-1,
3922396300130,39,33.213988158,133.138234348,ジオコーディング,doctors,doctor,石川へルスクリニック,石川へルスクリニック,石川へルスクリニック,いしかわへるすくりにっく,Ishikawaherusukurinikku,,"Mo,Tu,Th,Fr 08:30-12:00,13:30-17:00; We,Sa 08:30-12:00; PH off; Dec 29-Jan 03 off",internal;gastroenterology;psychiatry;radiology,,,高知県高岡郡四万十町榊山町７ー２３,JP,高知県,高岡郡,四万十町,,,榊山町,7,23,,厚生労働省 医療情報ネットのオープンデータ (2026-06-01),,座標は住所から付与（位置レベル8）,,
3922396300540,39,33.445359,133.436378,原データ,doctors,doctor,なかの内科・胃腸科,なかの内科・胃腸科,なかの内科・胃腸科,なかの ないか いちょうか,Nakano Naika Ichoka,,"Mo,We,Sa 09:00-12:00; Tu,Th,Fr 09:00-12:00,15:00-17:00; PH off; Dec 29-Jan 03 off",internal;pulmonology;cardiology;gastroenterology,,,高知県土佐市宇佐町宇佐４５６－３,JP,高知県,,土佐市,,,宇佐町宇佐,,,,厚生労働省 医療情報ネットのオープンデータ (2026-06-01),,,456-3,
3922396301000,39,33.500461,133.290201,原データ,doctors,doctor,森耳鼻咽喉科,医療法人如是之会　森耳鼻咽喉科,森耳鼻咽喉科,,,Mori ENT Clinic,"Mo,Tu,We,Fr 09:00-12:30,14:00-18:00; Th,Sa 09:00-12:30; PH off; Dec 29-Jan 03 off",otolaryngology,,,高知県高岡郡佐川町甲１３６０番１,JP,高知県,高岡郡,佐川町,,,甲,,,,厚生労働省 医療情報ネットのオープンデータ (2026-06-01),,,1360-1,
3922396301260,39,33.547596,133.429528,原データ,doctors,doctor,やまおか眼科,やまおか眼科,やまおか眼科,やまおかがんか,,Yamaoka Eye Clinic,"Mo,We,Fr 09:00-12:30,14:00-17:30; Tu 09:00-12:30; Th 09:00-13:00; Sa 09:00-12:30,13:30-16:00; PH off; Dec 30-Jan 03 off",ophthalmology,,,高知県吾川郡いの町新町２０ー１,JP,高知県,吾川郡,いの町,,,新町,,,,厚生労働省 医療情報ネットのオープンデータ (2026-06-01),,,,
3922396301390,39,33.495035,133.416293,原データ,doctors,doctor,ひろせ整形外科リハビリテーションクリニック,ひろせ整形外科リハビリテーションクリニック,ひろせクリニック,ひろせせいけいげかりはびりてーしょんくりにっく,,Hirose Clinic,"Mo,Tu,Th,Fr,Sa 08:30-12:30,14:30-18:00; We 08:30-12:30; PH off; Dec 29-Jan 03 off",orthopaedics;rheumatology;physiatry,,http://www.hirose-clinic.or.jp,高知県土佐市蓮池１００４−１,JP,高知県,,土佐市,,,蓮池,,,,厚生労働省 医療情報ネットのオープンデータ (2026-06-01),yes,opening_hours から22件を除いた（開始と終了が同一。実質NULL）: 月 整形外科 00:00-00:00、火 整形外科 00:00-00:00 他20件,,
3922396301840,39,33.645812,133.341713,原データ,doctors,doctor,いの町立仁淀病院附属吾北診療所,いの町立国民健康保険仁淀病院附属吾北診療所,吾北診療所,,,,Tu 14:00-16:00; PH off; Dec 29-Jan 03 off,internal,,https://www.town.ino.kochi.jp/niyodo-hospital/gohoku.html,高知県吾川郡いの町上八川甲２０１０,JP,高知県,吾川郡,いの町,,,,,,,厚生労働省 医療情報ネットのオープンデータ (2026-06-01),,,上八川甲2010,
3922396301970,39,33.492595,133.413317,原データ,doctors,doctor,伊与木クリニック,伊与木クリニック,伊与木クリニック,いよきくりにっく,,Iryouhoujiniyokikai Iyoki clinick,"Mo,Tu,We,Fr 09:00-13:00,15:00-18:00; Th,Sa 09:00-13:00; PH off; Dec 31-Jan 03 off",internal;surgery;physiatry,,http://www.iyokicl.com/,高知県土佐市蓮池１２２７ー５,JP,高知県,,土佐市,,,蓮池,,,,厚生労働省 医療情報ネットのオープンデータ (2026-06-01),yes,休診日の記述「木土午後」を opening_hours に変換できていない,,
3922396302300,39,33.550667,133.442549,原データ,doctors,doctor,とんぼクリニック,とんぼクリニック,とんぼクリニック,とんぼくりにっく,Tonbokurinikku,,"Mo,Tu,We,Fr,Sa,PH 09:00-12:30,14:00-18:00; Th 09:00-12:30; Dec 30-Jan 03 off",internal;pulmonology;cardiology;gastroenterology;psychiatry,,http://wwb.jp/tonboclinic/,高知県吾川郡いの町２０５　サニーアクシスいの２Ｆ,JP,高知県,吾川郡,いの町,,,,,,,厚生労働省 医療情報ネットのオープンデータ (2026-06-01),,,205 サニーアクシスいの2F,
3922396302980,39,33.548003,133.430468,原データ,doctors,doctor,WESTほね関節クリニック,ＷＥＳＴほね関節クリニック,ＷＥＳＴほね関節クリニック,うえすとほねかんせつくりにっく,,WestHoneKansetuClinic,"Mo,Tu,We,Th,Fr 09:00-13:00,14:00-18:00; Sa 09:00-13:00; PH off; Dec 31-Jan 03 off",internal;orthopaedics;rheumatology;physiatry,,http://www.marine-hosp.jp/west/,高知県吾川郡いの町駅前町２２０番地３,JP,高知県,吾川郡,いの町,,,駅前町,,,,厚生労働省 医療情報ネットのオープンデータ (2026-06-01),,,,
3922396303280,39,33.496865,133.418631,原データ,doctors,doctor,土佐やまもと眼科,土佐やまもと眼科,土佐やまもと眼科,とさやまもとがんか,,Tosa Yamamoto Eye Clinic,"Mo,Tu,We,Fr 08:30-12:00,15:00-17:00; Th 08:30-12:00; Sa 08:30-13:00; PH off",ophthalmology,,http://www.tosaganka.com/,高知県土佐市高岡町乙５１番２,JP,高知県,,土佐市,,,高岡町乙,,,,厚生労働省 医療情報ネットのオープンデータ (2026-06-01),,,51-2,
3922396303990,39,33.495663,133.421639,原データ,doctors,doctor,はなさく耳鼻咽喉科・いびき睡眠クリニック,はなさく耳鼻咽喉科・いびき睡眠クリニック,はなさく耳鼻咽喉科,はなさくじびいんこうかいびきすいみんくりにっく,,,"Mo,Tu,We,Fr 09:00-12:00,14:30-18:00; Th 09:00-12:00; Sa 09:00-12:00,14:00-16:00; PH off; Dec 29-Jan 03,Aug 09-Aug 12 off",otolaryngology,,http://8739jibika.web.fc2.com/,高知県土佐市高岡町甲２１５４ー１２,JP,高知県,,土佐市,,,高岡町甲,,,,厚生労働省 医療情報ネットのオープンデータ (2026-06-01),,,2154-12,
3922396304030,39,33.497405,133.43506,原データ,doctors,doctor,杏クリニック,杏クリニック,杏クリニック,あんずくりにっく,,anzu clinic,"Mo,Tu,Th,Fr 09:00-18:00; We,Sa 09:00-13:00; PH off; Dec 29-Jan 03 off",internal;endocrinology;gastroenterology;traditional_chinese_medicine,,http://anzu-tosa.com/,高知県土佐市高岡町丙６４番地１,JP,高知県,,土佐市,,,高岡町丙,,,,厚生労働省 医療情報ネットのオープンデータ (2026-06-01),,,64-1,
3922396308940,39,33.54965,133.42193,原データ,doctors,doctor,大国町内科クリニック,大国町内科クリニック,大国町内科クリニック,だいこくまちないかくりにっく,,,"Mo,Tu,Th,Fr 09:00-12:00,15:00-18:00; Sa 09:00-12:00; PH off; Jan 01-Jan 03 off",internal;pulmonology;allergology,,,高知県吾川郡いの町大国町１０１,JP,高知県,吾川郡,いの町,,,大国町,,,,厚生労働省 医療情報ネットのオープンデータ (2026-06-01),,,,
3922396309660,39,33.535487,133.129649,原データ,doctors,doctor,仁淀川町仁淀診療所,仁淀川町国民健康保険仁淀診療所,仁淀川町国保仁淀診療所,,,,"Mo,Tu,We,Th,Fr 08:30-12:00,13:00-17:15; PH off; Dec 29-Jan 03 off",internal;orthopaedics;physiatry,,,高知県吾川郡仁淀川町森２５７７番地３,JP,高知県,吾川郡,仁淀川町,,,森,,,,厚生労働省 医療情報ネットのオープンデータ (2026-06-01),yes,休診日の記述「祭日休日」を opening_hours に変換できていない,,
3922396400280,39,33.503283,133.907808,原データ,clinic,clinic,EASTマリンクリニック,医療法人緑風会ＥＡＳＴマリンクリニック,ＥＡＳＴマリンクリニック,,,EAST MARIN CLINIC,"Mo,Tu,We,Th,Fr 09:00-13:00,14:00-18:00; Sa 09:00-13:00; PH off; Dec 31-Jan 03 off",internal;orthopaedics;rheumatology;physiatry,,https://www.marine-hosp.jp/east/,高知県安芸市矢ノ丸３丁目１－２５,JP,高知県,,安芸市,,,矢ノ丸三丁目,1,25,19,厚生労働省 医療情報ネットのオープンデータ (2026-06-01),yes,名称の先頭の「緑風会」を運営主体とみなして name から除いた。official_name と short_name で確かめてください,,
3922396400440,39,33.504157,133.906425,原データ,doctors,doctor,安芸えきまえ耳鼻科,医療法人鷲頭会　安芸えきまえ耳鼻科,安芸えきまえ耳鼻科,,,,"Mo,We,Fr 09:00-12:30,14:30-18:00; Tu,Th,Sa 09:00-13:00; PH off; Dec 31-Jan 03 off",otolaryngology,,,高知県安芸市矢ノ丸４－２－１２,JP,高知県,,安芸市,,,矢ノ丸四丁目,2,12,,厚生労働省 医療情報ネットのオープンデータ (2026-06-01),,,,
3922396400600,39,33.507529,133.912212,原データ,doctors,doctor,まつうら内科消化器科,まつうら内科消化器科,まつうら内科,まつうらないかしょうかきか,,Matsuura Clinic of internal medicine,"Mo,Tu,We,Fr 08:30-12:30,14:00-17:30; Th,Sa 08:30-12:30; Sa[2] off; PH off; Dec 30-Jan 03 off",internal;gastroenterology,,,高知県安芸市土居１９４９番地１,JP,高知県,,安芸市,,,土居,,,,厚生労働省 医療情報ネットのオープンデータ (2026-06-01),,,,
3922396400860,39,33.499633,133.905944,原データ,doctors,doctor,つつい脳神経外科,医療法人巧会　つつい脳神経外科,つつい脳神経外科,,,tsutsui nerosurgical clinic,"Mo,Tu,We,Fr,Sa 09:00-13:00,14:00-17:00; PH off; Dec 30-Jan 03 off",internal;neurology;neurosurgery;orthopaedics;physiatry,,,高知県安芸市本町２丁目２番１号,JP,高知県,,安芸市,,,本町二丁目,2,1,,厚生労働省 医療情報ネットのオープンデータ (2026-06-01),yes,opening_hours から25件を除いた（開始と終了が同一。実質NULL）: 月 内科 00:00-00:00、火 内科 00:00-00:00 他23件,,
3922396401290,39,33.522279,133.809061,原データ,clinic,clinic,芸西オルソクリニック,芸西オルソクリニック,芸西オルソクリニック,げいせいおるそくりにっく,,,"Mo,Tu,We,Th,Fr 09:00-12:00,14:00-18:00; Sa 09:00-12:00; PH off; Dec 29-Jan 03,Aug 14-Aug 15 off",internal;surgery;orthopaedics;physiatry,,,高知県安芸郡芸西村和食甲１４９５－１,JP,高知県,安芸郡,芸西村,,和食,甲,,,6,厚生労働省 医療情報ネットのオープンデータ (2026-06-01),,,1495-1,
3922396402910,39,33.269096,134.163983,原データ,doctors,doctor,室戸市立室戸岬診療所,室戸市立室戸岬診療所,室戸市立室戸岬診療所,むろとしりつむろとみさきしんりょうしょ,,,"Mo,Th 09:00-12:00,13:00-17:00; We 14:00-17:00; We[5] off; PH off; Dec 29-Jan 03 off",internal,,,高知県室戸市室戸岬町５３６８番地３,JP,高知県,,室戸市,,,室戸岬町,,,,厚生労働省 医療情報ネットのオープンデータ (2026-06-01),,,,
3922396407670,39,33.291554,134.157875,原データ,clinic,clinic,室戸市立室戸診療所,室戸市立室戸診療所,室戸診療所,むろとしりつむろとしんりょうしょ,,,"Mo,Tu,Th,Fr 09:00-12:00,14:00-17:00; We 09:00-12:00,13:00-17:00; PH off; Dec 30-Jan 03 off",internal;orthopaedics;ophthalmology;physiatry,,,高知県室戸市領家８５番地,JP,高知県,,室戸市,,,領家,,,19,厚生労働省 医療情報ネットのオープンデータ (2026-06-01),yes,営業曜日と時刻が食い違う曜日が1件。曜日フラグを採用（営業日と同一時刻のため一律入力とみなす）,,
