{"type": "FeatureCollection", "features": [{"type": "Feature", "geometry": {"type": "Point", "coordinates": [133.528072, 33.559916]}, "properties": {"amenity": "dentist", "healthcare": "dentist", "name": "高知県歯科医師会歯科保健センター", "official_name": "高知県歯科医師会歯科保健センター", "short_name": "高知県歯科医師会歯科保健センター", "name:ja-Hira": "こうちけんしかいしかいしかほけんせんたー", "name:ja-Latn": "Koutikennsikaisikai Sikahokennsennta-", "opening_hours": "Th 09:30-12:00,13:00-16:00; Sa 10:00-12:00,13:00-16:00; Su,PH 09:00-15:00; Th[5] off", "healthcare:speciality": "dentistry", "addr:full": "高知県高知市丸ノ内", "addr:country": "JP", "addr:province": "高知県", "addr:city": "高知市", "source": "厚生労働省 医療情報ネットのオープンデータ (2026-06-01)", "_id": "3933390000000", "_座標の出典": "原データ"}}, {"type": "Feature", "geometry": {"type": "Point", "coordinates": [133.539617, 33.56142]}, "properties": {"amenity": "dentist", "healthcare": "dentist", "name": "プランタン歯科", "official_name": "プランタン歯科", "short_name": "プランタン歯科", "name:ja-Hira": "ぷらんたんしか", "opening_hours": "Mo,Tu,We,Fr,Sa 09:00-12:30,14:00-18:00; PH off; Dec 29-Jan 03,Aug 09-Aug 11 off", "healthcare:speciality": "dentistry", "addr:full": "高知県高知市追手筋１－８－５プランタンビル１Ｆ", "addr:country": "JP", "addr:province": "高知県", "addr:city": "高知市", "addr:neighbourhood": "追手筋一丁目", "addr:block_number": "8", "addr:housenumber": "5", "source": "厚生労働省 医療情報ネットのオープンデータ (2026-06-01)", "_id": "3933393100430", "_座標の出典": "原データ"}}, {"type": "Feature", "geometry": {"type": "Point", "coordinates": [133.549657, 33.491359]}, "properties": {"amenity": "dentist", "healthcare": "dentist", "name": "平岡歯科医院", "official_name": "平岡歯科医院", "short_name": "平岡歯科医院", "name:ja-Hira": "ひらおかしかいいん", "name:ja-Latn": "Hiraoka Sikaiin", "opening_hours": "Mo,Tu,We,Fr 09:30-12:30,14:00-18:00; Sa 09:30-12:30,14:00-17:00; PH off; Dec 30-Jan 03,Dec 24 off", "healthcare:speciality": "dentistry", "addr:full": "高知県高知市長浜５７５５－２", "addr:country": "JP", "addr:province": "高知県", "addr:city": "高知市", "addr:neighbourhood": "長浜", "source": "厚生労働省 医療情報ネットのオープンデータ (2026-06-01)", "_id": "3933393100560", "_座標の出典": "原データ"}}, {"type": "Feature", "geometry": {"type": "Point", "coordinates": [133.534509, 33.557868]}, "properties": {"amenity": "dentist", "healthcare": "dentist", "name": "本町モリモト歯科", "official_name": "本町モリモト歯科", "short_name": "本町モリモト歯科", "name:ja-Hira": "ほんまちもりもとしか", "name:ja-Latn": "Honmatimorimotosiika", "opening_hours": "Mo,Tu,We,Fr 09:00-13:00,14:30-18:30; Sa 09:00-13:00,14:30-17:00; PH off; Dec 29-Jan 03,Dec 24 off", "healthcare:speciality": "dentistry", "addr:full": "高知県高知市本町３－３－３０", "addr:country": "JP", "addr:province": "高知県", "addr:city": "高知市", "addr:neighbourhood": "本町三丁目", "addr:block_number": "3", "addr:housenumber": "30", "source": "厚生労働省 医療情報ネットのオープンデータ (2026-06-01)", "_id": "3933393100690", "_座標の出典": "原データ"}}, {"type": "Feature", "geometry": {"type": "Point", "coordinates": [133.520049, 33.557104]}, "properties": {"amenity": "dentist", "healthcare": "dentist", "name": "みやもと歯科", "official_name": "みやもと歯科", "short_name": "みやもと歯科", "name:ja-Hira": "みやもとしか", "name:ja-Latn": "Miyamoto Sika", "opening_hours": "Mo,Tu,We,Fr 09:30-13:00,14:30-18:30; Th,Sa 09:30-12:30; PH off", "healthcare:speciality": "dentistry", "addr:full": "高知県高知市上町４丁目５番２２号", "addr:country": "JP", "addr:province": "高知県", "addr:city": "高知市", "addr:neighbourhood": "上町四丁目", "addr:block_number": "5", "addr:housenumber": "22", "source": "厚生労働省 医療情報ネットのオープンデータ (2026-06-01)", "_id": "3933393100980", "_座標の出典": "原データ"}}, {"type": "Feature", "geometry": {"type": "Point", "coordinates": [133.573065, 33.513034]}, "properties": {"amenity": "dentist", "healthcare": "dentist", "name": "みさと歯科", "official_name": "みさと歯科", "short_name": "みさと歯科", "name:ja-Hira": "みさとしか", "name:ja-Latn": "Misatosika", "opening_hours": "Mo,Tu,Th,Fr,Sa 09:00-13:00,14:30-18:30; We 09:00-12:30; We[1] off; PH off; Dec 30-Jan 03 off", "healthcare:speciality": "dentistry", "website": "https://misatoshika-kochi.com/", "addr:full": "高知県高知市仁井田１６２０－１２", "addr:country": "JP", "addr:province": "高知県", "addr:city": "高知市", "addr:neighbourhood": "仁井田", "source": "厚生労働省 医療情報ネットのオープンデータ (2026-06-01)", "_id": "3933393101020", "_座標の出典": "原データ"}}, {"type": "Feature", "geometry": {"type": "Point", "coordinates": [133.545799, 33.500436]}, "properties": {"amenity": "dentist", "healthcare": "dentist", "name": "三木歯科クリニック", "official_name": "三木歯科クリニック", "short_name": "三木歯科クリニック", "name:ja-Hira": "みきしかくりにっく", "opening_hours": "Mo,Tu,We,Fr,Sa 09:00-12:30,14:00-18:00; PH off; Jul 26-Jul 28,Jul 30-Aug 02 off", "healthcare:speciality": "dentistry", "addr:full": "高知県高知市長浜６３１－１", "addr:country": "JP", "addr:province": "高知県", "addr:city": "高知市", "addr:neighbourhood": "長浜", "source": "厚生労働省 医療情報ネットのオープンデータ (2026-06-01)", "_id": "3933393101150", "_座標の出典": "原データ"}}, {"type": "Feature", "geometry": {"type": "Point", "coordinates": [133.559023, 33.555833]}, "properties": {"amenity": "dentist", "healthcare": "dentist", "name": "にしむら歯科", "official_name": "にしむら歯科", "short_name": "にしむら歯科", "name:ja-Hira": "にしむらしか", "name:ja-Latn": "Nishimura Shika", "opening_hours": "Mo,Tu,We,Fr,Sa 09:00-13:00,14:00-18:00; Dec 30-Jan 03 off", "healthcare:speciality": "dentistry;orthodontics;paediatric_dentistry", "website": "http://www.nishimura-dental.com/", "addr:full": "高知県高知市稲荷町", "addr:country": "JP", "addr:province": "高知県", "addr:city": "高知市", "addr:neighbourhood": "稲荷町", "source": "厚生労働省 医療情報ネットのオープンデータ (2026-06-01)", "_id": "3933393101280", "_座標の出典": "原データ"}}, {"type": "Feature", "geometry": {"type": "Point", "coordinates": [133.57342, 33.518983]}, "properties": {"amenity": "dentist", "healthcare": "dentist", "name": "山田デンタルオフィス", "official_name": "山田デンタルオフィス", "short_name": "山田デンタルオフィス", "name:ja-Hira": "やまだでんたるおふぃす", "name:en": "Yamada Dental Office", "opening_hours": "Mo 09:30-18:00; Tu,We,Fr,Sa 09:00-18:00; PH off; Dec 29-Jan 04 off", "healthcare:speciality": "dentistry;dental_oral_maxillo_facial_surgery;paediatric_dentistry", "addr:full": "高知県高知市仁井田２２３６－１４", "addr:country": "JP", "addr:province": "高知県", "addr:city": "高知市", "addr:neighbourhood": "仁井田", "source": "厚生労働省 医療情報ネットのオープンデータ (2026-06-01)", "_id": "3933393101310", "_座標の出典": "原データ"}}, {"type": "Feature", "geometry": {"type": "Point", "coordinates": [133.538111, 33.561318]}, "properties": {"amenity": "dentist", "healthcare": "dentist", "name": "畠中歯科クリニック", "official_name": "畠中歯科クリニック", "short_name": "畠中歯科クリニック", "name:ja-Hira": "はたけなか しか くりにっく", "name:en": "Hatakenaka Dental clinic", "opening_hours": "Mo,Tu,Th,Fr,Sa 09:30-13:00,14:30-19:00; PH off; Dec 30-Jan 03,Aug 09-Aug 11,Dec 24 off", "healthcare:speciality": "dentistry", "addr:full": "高知県高知市追手筋１丁目９番２２号　高知メディカルプラザ３Ｆ", "addr:country": "JP", "addr:province": "高知県", "addr:city": "高知市", "addr:neighbourhood": "追手筋一丁目", "addr:block_number": "9", "addr:housenumber": "22", "source": "厚生労働省 医療情報ネットのオープンデータ (2026-06-01)", "_id": "3933393101440", "_座標の出典": "原データ"}}, {"type": "Feature", "geometry": {"type": "Point", "coordinates": [133.53547, 33.562956]}, "properties": {"amenity": "dentist", "healthcare": "dentist", "name": "川崎歯科", "official_name": "川崎歯科", "short_name": "川崎歯科", "name:ja-Hira": "かわさき しか", "name:ja-Latn": "Kawasaki Shika", "opening_hours": "Mo,Tu,We,Fr,Sa 09:00-13:00,14:00-18:00; PH off; Dec 30-Jan 03 off", "healthcare:speciality": "dentistry;orthodontics;dental_oral_maxillo_facial_surgery;paediatric_dentistry", "addr:full": "高知県高知市永国寺町１－１８上杉ビル１階", "addr:country": "JP", "addr:province": "高知県", "addr:city": "高知市", "addr:neighbourhood": "永国寺町", "addr:block_number": "1", "addr:housenumber": "18", "source": "厚生労働省 医療情報ネットのオープンデータ (2026-06-01)", "_id": "3933393101570", "_座標の出典": "原データ"}}, {"type": "Feature", "geometry": {"type": "Point", "coordinates": [133.542547, 33.542832]}, "properties": {"amenity": "dentist", "healthcare": "dentist", "name": "よしもと歯科", "official_name": "よしもと歯科", "short_name": "よしもと歯科", "name:ja-Hira": "よしもとしか", "name:en": "Yoshimoto Dental Clinic", "opening_hours": "Mo,Tu,We,Fr,Sa 09:00-12:30,14:00-18:00; PH off; Dec 31-Jan 03 off", "healthcare:speciality": "dentistry", "addr:full": "高知県高知市竹島町１３－１　うしおえメディカルビル・イーア３Ｆ", "addr:country": "JP", "addr:province": "高知県", "addr:city": "高知市", "addr:neighbourhood": "竹島町", "source": "厚生労働省 医療情報ネットのオープンデータ (2026-06-01)", "_id": "3933393101600", "_座標の出典": "原データ"}}, {"type": "Feature", "geometry": {"type": "Point", "coordinates": [133.514372, 33.547435]}, "properties": {"amenity": "dentist", "healthcare": "dentist", "name": "さかもと歯科", "official_name": "さかもと歯科", "short_name": "さかもと歯科", "name:ja-Hira": "さかもとしか", "name:ja-Latn": "Sakamoto Sika", "opening_hours": "Mo,Tu,We,Fr,Sa 09:00-18:00; Th unknown", "healthcare:speciality": "dentistry;paediatric_dentistry", "addr:full": "高知県高知市神田６２５－９", "addr:country": "JP", "addr:province": "高知県", "addr:city": "高知市", "addr:neighbourhood": "神田", "source": "厚生労働省 医療情報ネットのオープンデータ (2026-06-01)", "_id": "3933393101840", "_座標の出典": "原データ"}}, {"type": "Feature", "geometry": {"type": "Point", "coordinates": [133.565119, 33.57035]}, "properties": {"amenity": "dentist", "healthcare": "dentist", "name": "かしば歯科クリニック", "official_name": "かしば歯科クリニック", "short_name": "かしば歯科", "name:ja-Hira": "かしばしか くりにっく", "opening_hours": "Mo,Tu,We,Fr 09:00-12:00,14:00-18:00; Sa 09:00-12:00,14:00-17:00; PH off; Dec 29-Jan 04 off", "healthcare:speciality": "dentistry;orthodontics;dental_oral_maxillo_facial_surgery;paediatric_dentistry", "website": "http://8822818.com", "addr:full": "高知県高知市北久保５－１７", "addr:country": "JP", "addr:province": "高知県", "addr:city": "高知市", "addr:neighbourhood": "北久保", "addr:block_number": "5", "addr:housenumber": "17", "source": "厚生労働省 医療情報ネットのオープンデータ (2026-06-01)", "_id": "3933393101990", "_座標の出典": "原データ"}}, {"type": "Feature", "geometry": {"type": "Point", "coordinates": [133.483442, 33.548984]}, "properties": {"amenity": "dentist", "healthcare": "dentist", "name": "野田歯科医院", "official_name": "野田歯科医院", "short_name": "野田歯科", "name:ja-Hira": "のだ たくせい", "opening_hours": "Mo,Tu,We,Th,Fr 09:00-12:00,14:00-18:30; Sa 09:00-12:00,14:00-17:00; PH off; Dec 30-Jan 03 off", "healthcare:speciality": "dentistry;orthodontics;paediatric_dentistry", "addr:full": "高知県高知市朝倉丁３７の１", "addr:country": "JP", "addr:province": "高知県", "addr:city": "高知市", "addr:neighbourhood": "朝倉丁", "source": "厚生労働省 医療情報ネットのオープンデータ (2026-06-01)", "_id": "3933393102030", "_座標の出典": "原データ"}}, {"type": "Feature", "geometry": {"type": "Point", "coordinates": [133.563816, 33.580691]}, "properties": {"amenity": "dentist", "healthcare": "dentist", "name": "ひろこの歯科クリニック", "official_name": "ひろこの歯科クリニック", "short_name": "ひろこの歯科クリニック", "name:ja-Hira": "ひろこのしかくりにっく", "name:en": "Hirokono Sika Clinic", "opening_hours": "Mo,Tu,We,Fr 09:00-12:30,14:00-18:30; Sa 09:00-14:30; PH off; Dec 28-Jan 04 off", "healthcare:speciality": "dentistry", "website": "https://hirokono.ci-hp.jp/", "addr:full": "高知県高知市薊野東町５－４３", "addr:country": "JP", "addr:province": "高知県", "addr:city": "高知市", "addr:neighbourhood": "薊野東町", "addr:block_number": "5", "addr:housenumber": "43", "source": "厚生労働省 医療情報ネットのオープンデータ (2026-06-01)", "_id": "3933393102290", "_座標の出典": "原データ"}}, {"type": "Feature", "geometry": {"type": "Point", "coordinates": [133.542875, 33.561441]}, "properties": {"amenity": "dentist", "healthcare": "dentist", "name": "大塚矯正歯科", "official_name": "大塚矯正歯科", "short_name": "大塚矯正歯科", "name:ja-Hira": "おおつかきょうせいしか", "name:ja-Latn": "Ootsukakyouseishika", "healthcare:speciality": "orthodontics", "addr:full": "高知県高知市はりまや町２－１－２０　パシフィックビル３Ｆ", "addr:country": "JP", "addr:province": "高知県", "addr:city": "高知市", "addr:neighbourhood": "はりまや町二丁目", "addr:block_number": "1", "addr:housenumber": "20", "source": "厚生労働省 医療情報ネットのオープンデータ (2026-06-01)", "_id": "3933393102320", "_座標の出典": "原データ"}}, {"type": "Feature", "geometry": {"type": "Point", "coordinates": [133.554035, 33.55212]}, "properties": {"amenity": "dentist", "healthcare": "dentist", "name": "ひさのデンタルクリニック", "official_name": "ひさのデンタルクリニック", "short_name": "ひさのデンタルクリニック", "name:ja-Hira": "ひさのでんたるくりにっく", "name:en": "Hisano Dental Clinic", "opening_hours": "Tu,We,Th 09:00-12:30,14:00-18:00; Fr,Sa 09:00-18:00; PH off; Dec 29-Jan 03,Apr 29,May 03,Aug 13 off", "healthcare:speciality": "dentistry", "addr:full": "高知県高知市北新田町１９－１９", "addr:country": "JP", "addr:province": "高知県", "addr:city": "高知市", "addr:neighbourhood": "北新田町", "addr:block_number": "19", "addr:housenumber": "19", "source": "厚生労働省 医療情報ネットのオープンデータ (2026-06-01)", "_id": "3933393102580", "_座標の出典": "原データ"}}, {"type": "Feature", "geometry": {"type": "Point", "coordinates": [133.531801, 33.558321]}, "properties": {"amenity": "dentist", "healthcare": "dentist", "name": "松浦歯科医院", "official_name": "松浦歯科医院", "short_name": "松浦歯科医院", "name:ja-Hira": "まつうらしかいいん", "name:ja-Latn": "Matsuurashikaiin", "opening_hours": "Mo,Tu,We,Th,Fr 10:00-13:00,14:30-19:00; Sa 09:30-13:00; PH off; Dec 29-Jan 03 off", "healthcare:speciality": "dentistry;dental_oral_maxillo_facial_surgery;paediatric_dentistry", "addr:full": "高知県高知市本町５－１－２　県庁前ビル２Ｆ", "addr:country": "JP", "addr:province": "高知県", "addr:city": "高知市", "addr:neighbourhood": "本町五丁目", "addr:block_number": "1", "addr:housenumber": "2", "source": "厚生労働省 医療情報ネットのオープンデータ (2026-06-01)", "_id": "3933393102900", "_座標の出典": "原データ"}}, {"type": "Feature", "geometry": {"type": "Point", "coordinates": [133.531283, 33.57503]}, "properties": {"amenity": "dentist", "healthcare": "dentist", "name": "アーク歯科・矯正歯科クリニック", "official_name": "医療法人社団ティースアート　アーク歯科・矯正歯科クリニック", "short_name": "アーク歯科・矯正歯科クリニック", "name:en": "Ark Dental Clinic", "opening_hours": "Mo,Tu,Th,Fr,Sa 09:30-13:30,15:00-19:00; PH off; Dec 31-Jan 03 off", "healthcare:speciality": "dentistry;orthodontics;dental_oral_maxillo_facial_surgery;paediatric_dentistry", "website": "http://www.ark-dc.com/", "addr:full": "高知県高知市一ツ橋町１丁目１４５－３", "addr:country": "JP", "addr:province": "高知県", "addr:city": "高知市", "addr:neighbourhood": "一ツ橋町一丁目", "source": "厚生労働省 医療情報ネットのオープンデータ (2026-06-01)", "_id": "3933393103040", "_座標の出典": "原データ"}}, {"type": "Feature", "geometry": {"type": "Point", "coordinates": [133.531279, 33.567184]}, "properties": {"amenity": "dentist", "healthcare": "dentist", "name": "いりあけ歯科クリニック", "official_name": "いりあけ歯科クリニック", "short_name": "いりあけ歯科クリニック", "name:ja-Hira": "いりあけしかくりにっく", "opening_hours": "Mo,Tu,We,Fr,Sa 09:00-12:30,14:00-18:00; PH off", "healthcare:speciality": "dentistry;paediatric_dentistry", "addr:full": "高知県高知市入明町１３－１９", "addr:country": "JP", "addr:province": "高知県", "addr:city": "高知市", "addr:neighbourhood": "入明町", "addr:block_number": "13", "addr:housenumber": "19", "source": "厚生労働省 医療情報ネットのオープンデータ (2026-06-01)", "_id": "3933393103170", "_座標の出典": "原データ"}}, {"type": "Feature", "geometry": {"type": "Point", "coordinates": [133.51976, 33.568411]}, "properties": {"amenity": "dentist", "healthcare": "dentist", "name": "いとう歯科", "official_name": "いとう歯科", "short_name": "いとう歯科", "name:ja-Hira": "いとうしか", "name:ja-Latn": "Itoshika", "opening_hours": "Mo,Tu,We,Fr,Sa 09:00-12:30,14:00-18:00; PH off; Dec 29-Jan 03 off", "healthcare:speciality": "dentistry", "addr:full": "高知県高知市南万々２０－４０", "addr:country": "JP", "addr:province": "高知県", "addr:city": "高知市", "addr:neighbourhood": "南万々", "source": "厚生労働省 医療情報ネットのオープンデータ (2026-06-01)", "_id": "3933393103460", "_座標の出典": "原データ"}}, {"type": "Feature", "geometry": {"type": "Point", "coordinates": [133.594814, 33.559653]}, "properties": {"amenity": "dentist", "healthcare": "dentist", "name": "こまつ歯科クリニック", "official_name": "医療法人翠松会　こまつ歯科クリニック", "short_name": "こまつ歯科クリニック", "name:en": "Komatsu Dental Clinic", "opening_hours": "Mo,Tu,We,Fr,Sa 09:00-12:30,14:00-18:00; PH off; Dec 29-Jan 04,Aug 07-Aug 12 off", "healthcare:speciality": "dentistry;dental_oral_maxillo_facial_surgery;paediatric_dentistry", "website": "http://www.komatsu-dc.net", "addr:full": "高知県高知市介良乙１００４－２０", "addr:country": "JP", "addr:province": "高知県", "addr:city": "高知市", "addr:neighbourhood": "介良乙", "source": "厚生労働省 医療情報ネットのオープンデータ (2026-06-01)", "_id": "3933393103590", "_座標の出典": "原データ"}}, {"type": "Feature", "geometry": {"type": "Point", "coordinates": [133.500495, 33.544755]}, "properties": {"amenity": "dentist", "healthcare": "dentist", "name": "たにもと歯科・矯正歯科", "official_name": "医療法人　たにもと歯科・矯正歯科", "short_name": "たにもと歯科・矯正歯科", "name:en": "TANIMOTO Dental Clinic", "opening_hours": "Mo,Tu,We,Fr,Sa 09:00-12:30,14:00-18:00; PH off; Dec 30-Jan 03,Aug 13-Aug 15 off", "healthcare:speciality": "dentistry;orthodontics;paediatric_dentistry", "addr:full": "高知県高知市朝倉東町３０－１７　アーバンビレッジ３　１Ｆ", "addr:country": "JP", "addr:province": "高知県", "addr:city": "高知市", "addr:neighbourhood": "朝倉東町", "addr:block_number": "30", "addr:housenumber": "17", "source": "厚生労働省 医療情報ネットのオープンデータ (2026-06-01)", "_id": "3933393103880", "_座標の出典": "原データ"}}, {"type": "Feature", "geometry": {"type": "Point", "coordinates": [133.545988, 33.567684]}, "properties": {"amenity": "dentist", "healthcare": "dentist", "name": "おかざき矯正歯科クリニック", "official_name": "医療法人　おかざき矯正歯科クリニック", "short_name": "おかざき矯正歯科クリニック", "name:en": "Okazaki Orthodontic Clinic", "opening_hours": "Mo,Tu,We,Fr,Sa 09:00-12:00,14:00-18:00; PH off; Dec 29-Jan 03 off", "healthcare:speciality": "orthodontics", "addr:full": "高知県高知市栄田町３−８−７　ＯＳビル２Ｆ", "addr:country": "JP", "addr:province": "高知県", "addr:city": "高知市", "addr:neighbourhood": "栄田町三丁目", "addr:block_number": "8", "addr:housenumber": "7", "source": "厚生労働省 医療情報ネットのオープンデータ (2026-06-01)", "_id": "3933393104180", "_座標の出典": "原データ"}}, {"type": "Feature", "geometry": {"type": "Point", "coordinates": [133.554616301, 33.569322089]}, "properties": {"amenity": "dentist", "healthcare": "dentist", "name": "さたけ歯科クリニック", "official_name": "さたけ歯科クリニック", "short_name": "さたけ歯科クリニック", "name:ja-Hira": "さたけしかくりにっく", "name:en": "SatakeDentalClinic", "opening_hours": "Mo,Tu,Th,Fr,Sa 09:00-12:30,14:00-18:30; We 09:00-12:30; PH off; Dec 30-Jan 03 off", "healthcare:speciality": "dentistry;paediatric_dentistry", "website": "http://www.satakeshika.net", "addr:full": "高知県高知市杉井流５－７", "addr:country": "JP", "addr:province": "高知県", "addr:city": "高知市", "addr:neighbourhood": "杉井流", "addr:block_number": "5", "addr:housenumber": "7", "source": "厚生労働省 医療情報ネットのオープンデータ (2026-06-01)", "_id": "3933393104760", "_座標の出典": "ジオコーディング"}}, {"type": "Feature", "geometry": {"type": "Point", "coordinates": [133.549907673, 33.565984516]}, "properties": {"amenity": "dentist", "healthcare": "dentist", "name": "DENTAL OFFICE PEACE", "official_name": "ＤＥＮＴＡＬ　ＯＦＦＩＣＥ　ＰＥＡＣＥ", "short_name": "ｄｅｎｔａｌ　ｏｆｆｉｃｅ　ＰＥＡＣＥ", "name:ja-Hira": "でんたるおふぃすぴーす", "name:en": "dental office PEACE", "healthcare:speciality": "dentistry;orthodontics;dental_oral_maxillo_facial_surgery;paediatric_dentistry", "addr:full": "高知県高知市北本町３－１０－４７　２階", "addr:country": "JP", "addr:province": "高知県", "addr:city": "高知市", "addr:neighbourhood": "北本町三丁目", "addr:block_number": "10", "addr:housenumber": "47", "source": "厚生労働省 医療情報ネットのオープンデータ (2026-06-01)", "_id": "3933393104890", "_座標の出典": "ジオコーディング"}}, {"type": "Feature", "geometry": {"type": "Point", "coordinates": [133.618773, 33.564201]}, "properties": {"amenity": "dentist", "healthcare": "dentist", "name": "いちかわ歯科", "official_name": "いちかわ歯科", "short_name": "いちかわ歯科", "name:ja-Hira": "いちかわしか", "name:en": "Ichikawa Dental Clinic", "opening_hours": "Mo,Tu,We,Fr,Sa 09:00-11:30,14:00-18:30; PH off", "healthcare:speciality": "dentistry", "website": "https://ichikawashika.jp/", "addr:full": "高知県高知市介良甲１０９０－１", "addr:country": "JP", "addr:province": "高知県", "addr:city": "高知市", "addr:neighbourhood": "介良甲", "source": "厚生労働省 医療情報ネットのオープンデータ (2026-06-01)", "_id": "3933393104920", "_座標の出典": "原データ"}}, {"type": "Feature", "geometry": {"type": "Point", "coordinates": [133.508971, 33.568164]}, "properties": {"amenity": "dentist", "healthcare": "dentist", "name": "アポロニア歯科クリニック", "official_name": "アポロニア歯科クリニック", "short_name": "アポロニア歯科", "name:ja-Hira": "あぽろにあしかくりにっく", "opening_hours": "Mo,Tu,Fr,Sa 09:30-17:30; We 09:30-12:30,13:30-17:30; PH off; Dec 29-Jan 04 off", "healthcare:speciality": "dentistry;orthodontics;dental_oral_maxillo_facial_surgery;paediatric_dentistry", "website": "https://www.9238.jp", "addr:full": "高知県高知市福井扇町１１８２−１", "addr:country": "JP", "addr:province": "高知県", "addr:city": "高知市", "addr:neighbourhood": "福井扇町", "source": "厚生労働省 医療情報ネットのオープンデータ (2026-06-01)", "_id": "3933393105060", "_座標の出典": "原データ"}}, {"type": "Feature", "geometry": {"type": "Point", "coordinates": [133.545372, 33.571864]}, "properties": {"amenity": "dentist", "healthcare": "dentist", "name": "ほわいと歯科", "official_name": "ほわいと歯科", "short_name": "ほわいと歯科", "name:ja-Hira": "ほわいとしか", "name:ja-Latn": "Howaitosika", "opening_hours": "Mo,Tu,We,Fr 09:00-12:30,14:00-18:00; Th 09:00-12:30; Sa 09:00-12:30,14:00-17:00; PH off; Dec 31-Jan 03 off", "healthcare:speciality": "dentistry;dental_oral_maxillo_facial_surgery;paediatric_dentistry", "website": "https://kochi-white.com", "addr:full": "高知県高知市塩田町１５ー２１", "addr:country": "JP", "addr:province": "高知県", "addr:city": "高知市", "addr:neighbourhood": "塩田町", "addr:block_number": "15", "addr:housenumber": "21", "source": "厚生労働省 医療情報ネットのオープンデータ (2026-06-01)", "_id": "3933393105220", "_座標の出典": "原データ"}}, {"type": "Feature", "geometry": {"type": "Point", "coordinates": [133.526462, 33.556054]}, "properties": {"amenity": "dentist", "healthcare": "dentist", "name": "かねこ矯正歯科", "official_name": "かねこ矯正歯科", "short_name": "かねこ矯正歯科", "name:ja-Hira": "かねこきょうせいしか", "name:en": "Kaneko Orthodontic Clinic", "opening_hours": "Mo,Tu,We,Th,Fr,Sa 10:00-12:30,14:30-18:00; PH off; Dec 29-Jan 03,Aug 10-Aug 11 off", "healthcare:speciality": "dentistry;orthodontics", "website": "http://www.kaneko-orthodontic.net/", "addr:full": "高知県高知市上町１丁目８－１３", "addr:country": "JP", "addr:province": "高知県", "addr:city": "高知市", "addr:neighbourhood": "上町一丁目", "addr:block_number": "8", "addr:housenumber": "13", "source": "厚生労働省 医療情報ネットのオープンデータ (2026-06-01)", "_id": "3933393105350", "_座標の出典": "原データ"}}, {"type": "Feature", "geometry": {"type": "Point", "coordinates": [133.555034, 33.578225]}, "properties": {"amenity": "dentist", "healthcare": "dentist", "name": "うえた歯科医院", "official_name": "うえた歯科医院", "short_name": "うえた歯科", "name:ja-Hira": "うえたしかいいん", "name:en": "Ueta Dental Clinic", "opening_hours": "Tu,We,Th,Fr,Sa 09:30-13:30,15:00-19:00; PH off; Dec 29-Jan 04 off", "healthcare:speciality": "dentistry;dental_oral_maxillo_facial_surgery", "website": "https://www.ueta-shika.com", "addr:full": "高知県高知市薊野西町３丁目３１－１９", "addr:country": "JP", "addr:province": "高知県", "addr:city": "高知市", "addr:neighbourhood": "薊野西町三丁目", "addr:block_number": "31", "addr:housenumber": "19", "source": "厚生労働省 医療情報ネットのオープンデータ (2026-06-01)", "_id": "3933393105480", "_座標の出典": "原データ"}}, {"type": "Feature", "geometry": {"type": "Point", "coordinates": [133.541606074, 33.546716235]}, "properties": {"amenity": "dentist", "healthcare": "dentist", "name": "ひゃっこく歯科", "official_name": "ひゃっこく歯科", "short_name": "ひゃっこく歯科", "name:ja-Hira": "ひゃっこくしか", "name:en": "Hyakkoku Dental Clinic", "opening_hours": "Mo,Tu,We,Fr 09:00-12:30,14:30-18:00; Sa 09:00-12:30,14:00-16:30; PH off", "healthcare:speciality": "dentistry;dental_oral_maxillo_facial_surgery;paediatric_dentistry", "addr:full": "高知県高知市百石町２丁目２４番１５号", "addr:country": "JP", "addr:province": "高知県", "addr:city": "高知市", "addr:neighbourhood": "百石町二丁目", "addr:block_number": "24", "addr:housenumber": "15", "source": "厚生労働省 医療情報ネットのオープンデータ (2026-06-01)", "_id": "3933393105510", "_座標の出典": "ジオコーディング"}}, {"type": "Feature", "geometry": {"type": "Point", "coordinates": [133.504435321, 33.552350787]}, "properties": {"amenity": "dentist", "healthcare": "dentist", "name": "田岡歯科・矯正歯科クリニック", "official_name": "田岡歯科・矯正歯科クリニック", "short_name": "田岡歯科・矯正歯科クリニック", "name:ja-Hira": "たおかしかきょうせいしかくりにっく", "name:ja-Latn": "Taokashika Kyouseishika Kurinikku", "opening_hours": "Mo,Tu,We,Fr,Sa 08:30-12:00,13:30-17:00; PH off; Dec 28-Jan 04,May 03-May 07,Aug 09-Aug 13 off", "healthcare:speciality": "dentistry;orthodontics;dental_oral_maxillo_facial_surgery;paediatric_dentistry", "website": "https://taokadental.com/", "addr:full": "高知県高知市鴨部１丁目１０－３３", "addr:country": "JP", "addr:province": "高知県", "addr:city": "高知市", "addr:neighbourhood": "鴨部一丁目", "addr:block_number": "10", "addr:housenumber": "33", "source": "厚生労働省 医療情報ネットのオープンデータ (2026-06-01)", "_id": "3933393105770", "_座標の出典": "ジオコーディング"}}, {"type": "Feature", "geometry": {"type": "Point", "coordinates": [133.48378277, 33.540718485]}, "properties": {"amenity": "dentist", "healthcare": "dentist", "name": "うぐるす歯科医院", "official_name": "医療法人　静高会　うぐるす歯科医院", "short_name": "うぐるす歯科医院", "opening_hours": "Mo,Tu,We,Fr,Sa 09:00-13:00,14:00-18:00; Th 09:00-13:00; Th[1,2,3] off; PH off; Dec 30-Jan 03,May 03-May 05 off", "healthcare:speciality": "dentistry;dental_oral_maxillo_facial_surgery;paediatric_dentistry", "website": "http://www.ug-shika.com/", "addr:full": "高知県高知市鵜来巣　１１－３８－９", "addr:country": "JP", "addr:province": "高知県", "addr:city": "高知市", "addr:neighbourhood": "鵜来巣", "addr:block_number": "11", "addr:housenumber": "38-9", "source": "厚生労働省 医療情報ネットのオープンデータ (2026-06-01)", "_id": "3933393106070", "_座標の出典": "ジオコーディング"}}, {"type": "Feature", "geometry": {"type": "Point", "coordinates": [133.541953338, 33.567361509]}, "properties": {"amenity": "dentist", "healthcare": "dentist", "name": "高知駅つちもと歯科", "official_name": "高知駅つちもと歯科", "short_name": "高知駅つちもと歯科", "name:ja-Hira": "こうちえきつちもとしか", "opening_hours": "Mo,Tu,We,Fr 09:00-13:00,15:00-19:00; Sa 09:00-13:00,14:00-17:00; Dec 29-Jan 03 off", "healthcare:speciality": "dentistry;dental_oral_maxillo_facial_surgery;paediatric_dentistry", "addr:full": "高知県高知市栄田町１丁目２－２", "addr:country": "JP", "addr:province": "高知県", "addr:city": "高知市", "addr:neighbourhood": "栄田町一丁目", "addr:block_number": "2", "addr:housenumber": "2", "source": "厚生労働省 医療情報ネットのオープンデータ (2026-06-01)", "_id": "3933393106100", "_座標の出典": "ジオコーディング"}}, {"type": "Feature", "geometry": {"type": "Point", "coordinates": [133.522706, 33.561212]}, "properties": {"amenity": "dentist", "healthcare": "dentist", "name": "中村歯科診療所", "official_name": "中村歯科診療所", "short_name": "中村歯科診療所", "name:ja-Hira": "なかむらしかしんりょうしょ", "name:ja-Latn": "Makamurasikasinnryousyo", "opening_hours": "Mo,Tu,We,Th,Fr,Sa 09:00-12:30; PH off; Dec 30-Jan 03,May 06,Aug 12,Nov 04 off", "healthcare:speciality": "dentistry", "addr:full": "高知県高知市山ノ端町", "addr:country": "JP", "addr:province": "高知県", "addr:city": "高知市", "addr:neighbourhood": "山ノ端町", "source": "厚生労働省 医療情報ネットのオープンデータ (2026-06-01)", "_id": "3933393106360", "_座標の出典": "原データ"}}, {"type": "Feature", "geometry": {"type": "Point", "coordinates": [133.533143, 33.5773]}, "properties": {"amenity": "dentist", "healthcare": "dentist", "name": "えびす歯科・矯正歯科クリニック", "official_name": "えびす歯科・矯正歯科クリニック", "short_name": "えびす歯科・矯正歯科クリニック", "name:ja-Hira": "えびすしかきょうせいしかくりにっく", "name:en": "Ebisu Dental And Orthodontic Clinic", "opening_hours": "Mo,Tu,We,Fr,Sa 09:00-12:30,14:00-18:00; PH off", "healthcare:speciality": "dentistry;orthodontics;paediatric_dentistry", "website": "http://www.ebisudental.jp", "addr:full": "高知県高知市西秦泉寺８３－１", "addr:country": "JP", "addr:province": "高知県", "addr:city": "高知市", "addr:neighbourhood": "西秦泉寺", "source": "厚生労働省 医療情報ネットのオープンデータ (2026-06-01)", "_id": "3933393106520", "_座標の出典": "原データ"}}, {"type": "Feature", "geometry": {"type": "Point", "coordinates": [133.538175, 33.560013]}, "properties": {"amenity": "dentist", "healthcare": "dentist", "name": "じゅん歯科クリニック", "official_name": "じゅん歯科クリニック", "short_name": "じゅん歯科クリニック", "name:ja-Hira": "じゅんしかくりにっく", "name:en": "junshika clinic", "opening_hours": "Mo,Tu,We,Fr 09:30-13:30,15:00-18:30; Sa 09:30-13:30,15:00-17:00; PH off; Dec 28-Jan 03,Aug 09-Aug 12 off", "healthcare:speciality": "dentistry;dental_oral_maxillo_facial_surgery", "website": "http://www.jun-shika.com/index.htm", "addr:full": "高知県高知市帯屋町", "addr:country": "JP", "addr:province": "高知県", "addr:city": "高知市", "source": "厚生労働省 医療情報ネットのオープンデータ (2026-06-01)", "_id": "3933393106650", "_座標の出典": "原データ"}}, {"type": "Feature", "geometry": {"type": "Point", "coordinates": [133.545985, 33.568026]}, "properties": {"amenity": "dentist", "healthcare": "dentist", "name": "AAf橋本歯科医院", "official_name": "ＡＡｆ橋本歯科医院", "short_name": "ＡＡｆ橋本歯科医院", "name:ja-Hira": "えーえーえふはしもとしかいいん", "name:ja-Latn": "Aaf Hashimoto Shika Iin", "opening_hours": "Mo,Tu,Th,Fr,Sa 09:00-13:00,14:00-18:00; PH off; Dec 30-Jan 03 off", "healthcare:speciality": "dentistry;dental_oral_maxillo_facial_surgery;paediatric_dentistry", "website": "http://www.aaf-dent.jp/", "addr:full": "高知県高知市栄田町３丁目１２－１９　ポルテス１階西", "addr:country": "JP", "addr:province": "高知県", "addr:city": "高知市", "addr:neighbourhood": "栄田町三丁目", "addr:block_number": "12", "addr:housenumber": "19", "source": "厚生労働省 医療情報ネットのオープンデータ (2026-06-01)", "_id": "3933393106780", "_座標の出典": "原データ"}}, {"type": "Feature", "geometry": {"type": "Point", "coordinates": [133.558504065, 33.565621566]}, "properties": {"amenity": "dentist", "healthcare": "dentist", "name": "ソフィアデンタル", "official_name": "ソフィアデンタル", "short_name": "ソフィアデンタル", "name:ja-Hira": "そふぃあでんたる", "name:en": "sophiadental", "opening_hours": "Mo,Tu,We,Th 09:00-12:30,14:00-17:30; Fr 09:00-12:30,14:30-17:30; Sa 09:00-12:30,14:00-17:00; Th[1,3,5] off; Sa[2,4] off; PH off; Dec 29-Jan 03 off", "healthcare:speciality": "dentistry;orthodontics;dental_oral_maxillo_facial_surgery;paediatric_dentistry", "website": "http://www.sophiadental.or.jp", "addr:full": "高知県高知市北金田１１－２２", "addr:country": "JP", "addr:province": "高知県", "addr:city": "高知市", "addr:neighbourhood": "北金田", "addr:block_number": "11", "addr:housenumber": "22", "source": "厚生労働省 医療情報ネットのオープンデータ (2026-06-01)", "_id": "3933393107110", "_座標の出典": "ジオコーディング"}}, {"type": "Feature", "geometry": {"type": "Point", "coordinates": [133.493468674, 33.544339081]}, "properties": {"amenity": "dentist", "healthcare": "dentist", "name": "あさくら歯科・矯正歯科", "official_name": "あさくら歯科・矯正歯科", "short_name": "あさくら歯科・矯正歯科", "name:ja-Hira": "あさくらしかきょうせいしか", "name:ja-Latn": "Asakurashikakyouseishika", "opening_hours": "Mo,Tu,Th,Fr,Sa 09:00-13:00,14:30-18:30; We 09:00-13:00; PH off; Dec 31-Jan 03,Aug 13-Aug 15 off", "healthcare:speciality": "dentistry;orthodontics;dental_oral_maxillo_facial_surgery;paediatric_dentistry", "addr:full": "高知県高知市朝倉横町２３番７－６号", "addr:country": "JP", "addr:province": "高知県", "addr:city": "高知市", "addr:neighbourhood": "朝倉横町", "addr:block_number": "23", "addr:housenumber": "7-6", "source": "厚生労働省 医療情報ネットのオープンデータ (2026-06-01)", "_id": "3933393107240", "_座標の出典": "ジオコーディング"}}, {"type": "Feature", "geometry": {"type": "Point", "coordinates": [133.556582673, 33.57040762100001]}, "properties": {"amenity": "dentist", "healthcare": "dentist", "name": "広末歯科矯正", "official_name": "広末歯科矯正", "short_name": "広末歯科矯正", "name:ja-Hira": "ひろすえしかきょうせい", "opening_hours": "Tu,We,Th,Fr,Sa 09:30-18:30; PH off", "healthcare:speciality": "orthodontics", "addr:full": "高知県高知市杉井流１２番７号", "addr:country": "JP", "addr:province": "高知県", "addr:city": "高知市", "addr:neighbourhood": "杉井流", "addr:block_number": "12", "addr:housenumber": "7", "source": "厚生労働省 医療情報ネットのオープンデータ (2026-06-01)", "_id": "3933393107370", "_座標の出典": "ジオコーディング"}}, {"type": "Feature", "geometry": {"type": "Point", "coordinates": [133.566177, 33.569737]}, "properties": {"amenity": "dentist", "healthcare": "dentist", "name": "はみがき歯科クリニック", "official_name": "はみがき歯科クリニック", "short_name": "はみがき歯科クリニック", "name:ja-Hira": "はみがきしかくりにっく", "name:en": "Hamigaki Dental Clinic", "opening_hours": "Mo,Tu,We,Th,Fr,Sa 09:00-13:00,14:30-18:30; PH off", "healthcare:speciality": "dentistry", "addr:full": "高知県高知市北久保１８－１", "addr:country": "JP", "addr:province": "高知県", "addr:city": "高知市", "addr:neighbourhood": "北久保", "addr:block_number": "18", "addr:housenumber": "1", "source": "厚生労働省 医療情報ネットのオープンデータ (2026-06-01)", "_id": "3933393107400", "_座標の出典": "原データ"}}, {"type": "Feature", "geometry": {"type": "Point", "coordinates": [133.491025, 33.566165]}, "properties": {"amenity": "dentist", "healthcare": "dentist", "name": "アール・ヴェール歯科", "official_name": "アール・ヴェール歯科", "short_name": "アール・ヴェール歯科", "name:ja-Hira": "あーる・ゔぇーるしか", "opening_hours": "Mo,Tu,Sa 09:00-12:30,14:00-18:00; We,Fr 09:00-12:30,14:00-17:00; PH off", "healthcare:speciality": "dentistry;dental_oral_maxillo_facial_surgery;paediatric_dentistry", "addr:full": "高知県高知市西塚ノ原７９－６", "addr:country": "JP", "addr:province": "高知県", "addr:city": "高知市", "addr:neighbourhood": "西塚ノ原", "source": "厚生労働省 医療情報ネットのオープンデータ (2026-06-01)", "_id": "3933393107660", "_座標の出典": "原データ"}}, {"type": "Feature", "geometry": {"type": "Point", "coordinates": [133.557859, 33.570272]}, "properties": {"amenity": "dentist", "healthcare": "dentist", "name": "まつざわ歯科クリニック", "official_name": "まつざわ歯科クリニック", "short_name": "まつざわ歯科クリニック", "name:ja-Hira": "まつざわしかくりにっく", "name:en": "matsuzawa dental clinic", "opening_hours": "Mo,Tu,Th,Fr,Sa 08:30-18:15; PH off; Dec 29-Jan 03,Aug 13-Aug 15 off", "healthcare:speciality": "dentistry;dental_oral_maxillo_facial_surgery;paediatric_dentistry", "website": "https://www.matsuzawa-shika.com", "addr:full": "高知県高知市杉井流１４－２０", "addr:country": "JP", "addr:province": "高知県", "addr:city": "高知市", "addr:neighbourhood": "杉井流", "addr:block_number": "14", "addr:housenumber": "20", "source": "厚生労働省 医療情報ネットのオープンデータ (2026-06-01)", "_id": "3933393108540", "_座標の出典": "原データ"}}, {"type": "Feature", "geometry": {"type": "Point", "coordinates": [133.537053956, 33.568649553]}, "properties": {"amenity": "dentist", "healthcare": "dentist", "name": "あたご歯科", "official_name": "あたご歯科", "short_name": "あたご歯科", "name:ja-Hira": "あたごしか", "name:en": "Atago DentalCLINIC", "opening_hours": "Mo,Tu,We,Th,Fr,Sa 09:00-12:00,14:00-17:00; PH off; Dec 29-Jan 03,Aug 09-Aug 12,Dec 24 off", "healthcare:speciality": "dentistry;paediatric_dentistry", "website": "http://httbi.itp.he.jp/0888568214", "addr:full": "高知県高知市愛宕町２丁目２０番１０号", "addr:country": "JP", "addr:province": "高知県", "addr:city": "高知市", "addr:neighbourhood": "愛宕町二丁目", "addr:block_number": "20", "addr:housenumber": "10", "source": "厚生労働省 医療情報ネットのオープンデータ (2026-06-01)", "_id": "3933393108700", "_座標の出典": "ジオコーディング"}}, {"type": "Feature", "geometry": {"type": "Point", "coordinates": [133.508567, 33.557912]}, "properties": {"amenity": "dentist", "healthcare": "dentist", "name": "横田歯科クリニック", "official_name": "横田歯科クリニック", "short_name": "横田歯科", "name:ja-Hira": "よこたしかくりにっく", "name:en": "Yokota Dental Clinic", "opening_hours": "Mo,Tu,Th,Fr 09:00-12:30,14:00-18:00; Sa 09:00-12:30,14:00-17:00; PH off", "healthcare:speciality": "dentistry;dental_oral_maxillo_facial_surgery;paediatric_dentistry", "website": "http://www.yokotadental.jp", "addr:full": "高知県高知市旭駅前町３ー３", "addr:country": "JP", "addr:province": "高知県", "addr:city": "高知市", "addr:neighbourhood": "旭駅前町", "source": "厚生労働省 医療情報ネットのオープンデータ (2026-06-01)", "_id": "3933393108830", "_座標の出典": "原データ"}}, {"type": "Feature", "geometry": {"type": "Point", "coordinates": [133.522501431, 33.557985325]}, "properties": {"amenity": "dentist", "healthcare": "dentist", "name": "たかぎ歯科", "official_name": "たかぎ歯科", "short_name": "たかぎ歯科", "name:ja-Hira": "たかぎしか", "name:ja-Latn": "Takagi Shika", "opening_hours": "Mo,Tu,We,Th,Fr,Sa 09:00-14:00,15:00-18:30; PH off; Dec 28-Jan 04,Mar 15,Mar 28,Apr 30-May 05,May 18 off", "healthcare:speciality": "dentistry;orthodontics;paediatric_dentistry", "addr:full": "高知県高知市上町３丁目５－１１", "addr:country": "JP", "addr:province": "高知県", "addr:city": "高知市", "addr:neighbourhood": "上町三丁目", "addr:block_number": "5", "addr:housenumber": "11", "source": "厚生労働省 医療情報ネットのオープンデータ (2026-06-01)", "_id": "3933393108960", "_座標の出典": "ジオコーディング"}}, {"type": "Feature", "geometry": {"type": "Point", "coordinates": [133.558769034, 33.563069484]}, "properties": {"amenity": "dentist", "healthcare": "dentist", "name": "歯科 地球33番地", "official_name": "歯科　地球３３番地", "short_name": "歯科　地球３３番地", "name:ja-Hira": "しか ちきゅうさんじゅうさんばんち", "name:en": "SikaChikyuu33babbchi DenntalClinic", "opening_hours": "Mo,Tu,Th,Fr 09:00-12:30,14:00-18:30; Sa 09:00-12:30,14:00-18:00; PH off; Jan 03,Dec 30 off", "healthcare:speciality": "dentistry;dental_oral_maxillo_facial_surgery;paediatric_dentistry", "addr:full": "高知県高知市南金田１８－１０", "addr:country": "JP", "addr:province": "高知県", "addr:city": "高知市", "addr:neighbourhood": "南金田", "addr:block_number": "18", "addr:housenumber": "10", "source": "厚生労働省 医療情報ネットのオープンデータ (2026-06-01)", "_id": "3933393109000", "_座標の出典": "ジオコーディング"}}, {"type": "Feature", "geometry": {"type": "Point", "coordinates": [133.574209, 33.512192]}, "properties": {"amenity": "dentist", "healthcare": "dentist", "name": "すまいる歯科医院", "official_name": "すまいる歯科医院", "short_name": "すまいる歯科", "name:ja-Hira": "すまいるしかいいん", "name:ja-Latn": "Sumairu Shika", "opening_hours": "Mo,Tu,We,Fr,Sa 09:00-13:00,14:30-18:30; PH off; Aug 14-Aug 15,Dec 30-Dec 31 off", "healthcare:speciality": "dentistry;dental_oral_maxillo_facial_surgery;paediatric_dentistry", "website": "http://www.smiledentalclinickochi.com/", "addr:full": "高知県高知市仁井田６４３－６", "addr:country": "JP", "addr:province": "高知県", "addr:city": "高知市", "addr:neighbourhood": "仁井田", "source": "厚生労働省 医療情報ネットのオープンデータ (2026-06-01)", "_id": "3933393109710", "_座標の出典": "原データ"}}, {"type": "Feature", "geometry": {"type": "Point", "coordinates": [133.517158, 33.570866]}, "properties": {"amenity": "dentist", "healthcare": "dentist", "name": "スマイルプランみかづき歯科クリニック", "official_name": "医療法人スマイルプランみかづき歯科クリニック", "short_name": "医療法人スマイルプランみかづき歯科クリニック", "opening_hours": "Mo,Tu,Th,Fr 09:00-12:30,14:00-18:30; Sa 09:00-17:00; PH off", "healthcare:speciality": "dentistry;dental_oral_maxillo_facial_surgery;paediatric_dentistry", "addr:full": "高知県高知市中万々８１４番地４", "addr:country": "JP", "addr:province": "高知県", "addr:city": "高知市", "addr:neighbourhood": "中万々", "source": "厚生労働省 医療情報ネットのオープンデータ (2026-06-01)", "_id": "3933393109840", "_座標の出典": "原データ"}}, {"type": "Feature", "geometry": {"type": "Point", "coordinates": [133.591049073, 33.560258923]}, "properties": {"amenity": "dentist", "healthcare": "dentist", "name": "高須岡林歯科", "official_name": "高須岡林歯科", "short_name": "高須岡林歯科", "name:ja-Hira": "たかすおかばやししか", "name:ja-Latn": "Takasuokabayashishika", "opening_hours": "Mo,Tu,Th,Fr 09:00-19:00; Sa 09:00-18:00; Th[5] off; PH off", "healthcare:speciality": "dentistry;dental_oral_maxillo_facial_surgery;paediatric_dentistry", "addr:full": "高知県高知市高須３－５－２０", "addr:country": "JP", "addr:province": "高知県", "addr:city": "高知市", "addr:neighbourhood": "高須三丁目", "addr:block_number": "5", "addr:housenumber": "20", "source": "厚生労働省 医療情報ネットのオープンデータ (2026-06-01)", "_id": "3933393109970", "_座標の出典": "ジオコーディング"}}, {"type": "Feature", "geometry": {"type": "Point", "coordinates": [133.488284029, 33.543315982]}, "properties": {"amenity": "dentist", "healthcare": "dentist", "name": "木口歯科医院", "official_name": "木口歯科医院", "short_name": "木口歯科", "name:ja-Hira": "きぐちしかいいん", "name:en": "kiguchi dental clinic", "opening_hours": "Mo,Tu,We,Fr,Sa 09:00-12:30,14:00-18:30; PH off", "healthcare:speciality": "dentistry;dental_oral_maxillo_facial_surgery;paediatric_dentistry", "addr:full": "高知県高知市若草町９－１５", "addr:country": "JP", "addr:province": "高知県", "addr:city": "高知市", "addr:neighbourhood": "若草町", "addr:block_number": "9", "addr:housenumber": "15", "source": "厚生労働省 医療情報ネットのオープンデータ (2026-06-01)", "_id": "3933393110080", "_座標の出典": "ジオコーディング"}}, {"type": "Feature", "geometry": {"type": "Point", "coordinates": [133.543814, 33.559974]}, "properties": {"amenity": "dentist", "healthcare": "dentist", "name": "はりまや橋溝渕歯科クリニック", "official_name": "はりまや橋溝渕歯科クリニック", "short_name": "溝渕歯科クリニック", "name:ja-Hira": "はりまやばしみぞぶちしかくりにっく", "opening_hours": "Mo,We,Fr 09:00-13:00,14:30-19:00; Tu,Th,Sa 09:00-13:00,14:30-17:00", "healthcare:speciality": "dentistry", "website": "http://www.mizobuchi-shika.com/clinic/access.html", "addr:full": "高知県高知市はりまや町１－５－１２", "addr:country": "JP", "addr:province": "高知県", "addr:city": "高知市", "addr:neighbourhood": "はりまや町一丁目", "addr:block_number": "5", "addr:housenumber": "12", "source": "厚生労働省 医療情報ネットのオープンデータ (2026-06-01)", "_id": "3933393110110", "_座標の出典": "原データ"}}, {"type": "Feature", "geometry": {"type": "Point", "coordinates": [133.512544, 33.558207]}, "properties": {"amenity": "dentist", "healthcare": "dentist", "name": "あさひ歯科", "official_name": "あさひ歯科", "short_name": "あさひ歯科", "name:ja-Hira": "あさひしか", "name:en": "Asahi dental office", "opening_hours": "Mo,Tu,We,Fr,Sa 08:30-12:30,14:00-18:00; PH off; Dec 30-Jan 03 off", "healthcare:speciality": "dentistry;orthodontics;dental_oral_maxillo_facial_surgery;paediatric_dentistry", "addr:full": "高知県高知市中須賀町", "addr:country": "JP", "addr:province": "高知県", "addr:city": "高知市", "addr:neighbourhood": "中須賀町", "source": "厚生労働省 医療情報ネットのオープンデータ (2026-06-01)", "_id": "3933393110240", "_座標の出典": "原データ"}}, {"type": "Feature", "geometry": {"type": "Point", "coordinates": [133.550599, 33.56196]}, "properties": {"amenity": "dentist", "healthcare": "dentist", "name": "嶋本歯科クリニック", "official_name": "嶋本歯科クリニック", "short_name": "嶋本歯科クリニック", "name:ja-Hira": "しまもとしかくりにっく", "opening_hours": "Mo,Tu,We,Th,Fr 09:00-12:00,13:30-18:30; Sa 09:00-12:00,13:30-18:00; Su unknown", "healthcare:speciality": "dentistry;orthodontics;dental_oral_maxillo_facial_surgery;paediatric_dentistry", "website": "http://www.shimamotoshika.info/", "addr:full": "高知県高知市桜井町２丁目６番３８号", "addr:country": "JP", "addr:province": "高知県", "addr:city": "高知市", "addr:neighbourhood": "桜井町二丁目", "addr:block_number": "6", "addr:housenumber": "38", "source": "厚生労働省 医療情報ネットのオープンデータ (2026-06-01)", "_id": "3933393110370", "_座標の出典": "原データ"}}, {"type": "Feature", "geometry": {"type": "Point", "coordinates": [133.554471, 33.565948]}, "properties": {"amenity": "dentist", "healthcare": "dentist", "name": "さとみデンタルクリニック", "official_name": "さとみデンタルクリニック", "short_name": "さとみデンタルクリニック", "name:ja-Hira": "さとみでんたるくりにっく", "name:en": "Satomi Dental Clinic", "opening_hours": "Mo,Tu,We,Fr 09:30-13:00,14:30-18:30; Sa 09:30-13:00,14:30-17:30; Th unknown; PH off", "healthcare:speciality": "dentistry;orthodontics;dental_oral_maxillo_facial_surgery;paediatric_dentistry", "addr:full": "高知県高知市北本町４－５－３３－１Ｆ", "addr:country": "JP", "addr:province": "高知県", "addr:city": "高知市", "addr:neighbourhood": "北本町四丁目", "addr:block_number": "5", "addr:housenumber": "33", "source": "厚生労働省 医療情報ネットのオープンデータ (2026-06-01)", "_id": "3933393110400", "_座標の出典": "原データ"}}, {"type": "Feature", "geometry": {"type": "Point", "coordinates": [133.547269, 33.547808]}, "properties": {"amenity": "dentist", "healthcare": "dentist", "name": "かたた歯科クリニック", "official_name": "かたた歯科クリニック", "short_name": "かたた歯科クリニック", "name:ja-Hira": "かたたしかくりにっく", "opening_hours": "Mo,Tu,We,Fr 09:00-18:00; Sa 09:00-16:00; PH off; Dec 29-Jan 03 off", "healthcare:speciality": "dentistry;dental_oral_maxillo_facial_surgery", "website": "http://katata-dc.com", "addr:full": "高知県高知市桟橋通２－８－１８", "addr:country": "JP", "addr:province": "高知県", "addr:city": "高知市", "addr:neighbourhood": "桟橋通二丁目", "addr:block_number": "8", "addr:housenumber": "18", "source": "厚生労働省 医療情報ネットのオープンデータ (2026-06-01)", "_id": "3933393110950", "_座標の出典": "原データ"}}, {"type": "Feature", "geometry": {"type": "Point", "coordinates": [133.548354632, 33.557518681]}, "properties": {"amenity": "dentist", "healthcare": "dentist", "name": "はまだデンタルクリニック", "official_name": "はまだデンタルクリニック", "short_name": "はまだデンタルクリニック", "name:ja-Hira": "はまだでんたるくりにっく", "name:en": "hamadadentalclinic", "opening_hours": "Mo,Tu,Th,Fr,Sa 09:00-12:30,14:00-18:30; PH off; Dec 30-Jan 03,Aug 13-Aug 15 off", "healthcare:speciality": "dentistry;dental_oral_maxillo_facial_surgery;paediatric_dentistry", "addr:full": "高知県高知市九反田８－１７", "addr:country": "JP", "addr:province": "高知県", "addr:city": "高知市", "addr:neighbourhood": "九反田", "addr:block_number": "8", "addr:housenumber": "17", "source": "厚生労働省 医療情報ネットのオープンデータ (2026-06-01)", "_id": "3933393111120", "_座標の出典": "ジオコーディング"}}, {"type": "Feature", "geometry": {"type": "Point", "coordinates": [133.491299348, 33.54778656]}, "properties": {"amenity": "dentist", "healthcare": "dentist", "name": "いしもと歯科クリニック", "official_name": "医療法人緑智会　いしもと歯科クリニック", "short_name": "いしもと歯科クリニック", "opening_hours": "Mo,Tu,We,Fr,Sa 09:00-12:30,14:00-18:30; Th 09:00-12:30; PH off; Jan 02-Jan 03,May 04-May 06,Aug 12-Aug 15,Dec 30-Dec 31 off", "healthcare:speciality": "dentistry;dental_oral_maxillo_facial_surgery;paediatric_dentistry", "website": "https://ishimoto-d.jp", "addr:full": "高知県高知市朝倉本町１丁目９番４０号", "addr:country": "JP", "addr:province": "高知県", "addr:city": "高知市", "addr:neighbourhood": "朝倉本町一丁目", "addr:block_number": "9", "addr:housenumber": "40", "source": "厚生労働省 医療情報ネットのオープンデータ (2026-06-01)", "_id": "3933393111540", "_座標の出典": "ジオコーディング"}}, {"type": "Feature", "geometry": {"type": "Point", "coordinates": [133.549561, 33.562171]}, "properties": {"amenity": "dentist", "healthcare": "dentist", "name": "嶋本歯科", "official_name": "さえんば　嶋本歯科", "short_name": "さえんば嶋本歯科", "opening_hours": "Mo,We 09:00-18:30; Tu 09:00-17:30; Fr 08:30-17:30; Sa 08:30-17:00; PH off; Dec 29-Jan 03 off", "healthcare:speciality": "dentistry;paediatric_dentistry", "website": "https://saenba-shimamotoshika.jp", "addr:full": "高知県高知市桜井町１－９－３５", "addr:country": "JP", "addr:province": "高知県", "addr:city": "高知市", "addr:neighbourhood": "桜井町一丁目", "addr:block_number": "9", "addr:housenumber": "35", "source": "厚生労働省 医療情報ネットのオープンデータ (2026-06-01)", "_id": "3933393112260", "_座標の出典": "原データ"}}, {"type": "Feature", "geometry": {"type": "Point", "coordinates": [133.57451525700003, 33.588263482]}, "properties": {"amenity": "dentist", "healthcare": "dentist", "name": "島﨑歯科医院", "official_name": "島﨑歯科医院", "short_name": "島﨑歯科医院", "name:ja-Hira": "しまさきしかいいん", "name:ja-Latn": "Shimasakisikaiin", "opening_hours": "Mo,Tu,We,Fr 09:00-18:00; Sa 09:00-17:00; PH off", "healthcare:speciality": "dentistry;paediatric_dentistry", "website": "https://www.shimasaki-dental-clinic.com", "addr:full": "高知県高知市一宮中町３－１１－１７", "addr:country": "JP", "addr:province": "高知県", "addr:city": "高知市", "addr:neighbourhood": "一宮中町三丁目", "addr:block_number": "11", "addr:housenumber": "17", "source": "厚生労働省 医療情報ネットのオープンデータ (2026-06-01)", "_id": "3933393112550", "_座標の出典": "ジオコーディング"}}, {"type": "Feature", "geometry": {"type": "Point", "coordinates": [133.562331117, 33.567886174]}, "properties": {"amenity": "dentist", "healthcare": "dentist", "name": "やすおか歯科医院", "official_name": "やすおか歯科医院", "short_name": "やすおか歯科医院", "name:ja-Hira": "やすおかしかいいん", "name:en": "Yasuoka Dental Clinic", "healthcare:speciality": "dentistry;dental_oral_maxillo_facial_surgery;paediatric_dentistry", "website": "https://www.yasuokadc.com/", "addr:full": "高知県高知市北御座１１－２１", "addr:country": "JP", "addr:province": "高知県", "addr:city": "高知市", "addr:neighbourhood": "北御座", "addr:block_number": "11", "addr:housenumber": "21", "source": "厚生労働省 医療情報ネットのオープンデータ (2026-06-01)", "_id": "3933393112680", "_座標の出典": "ジオコーディング"}}, {"type": "Feature", "geometry": {"type": "Point", "coordinates": [133.536847, 33.556996]}, "properties": {"amenity": "dentist", "healthcare": "dentist", "name": "岡本歯科診療所", "official_name": "岡本歯科診療所", "short_name": "岡本歯科医院", "name:ja-Hira": "おかもとしかしんりょうしょ", "opening_hours": "Mo,Tu,We,Th,Fr 08:30-12:30,13:30-17:30; Sa 08:30-12:30; PH off; Dec 30-Jan 03 off", "healthcare:speciality": "dentistry", "addr:full": "高知県高知市鷹匠町１－１－１", "addr:country": "JP", "addr:province": "高知県", "addr:city": "高知市", "addr:neighbourhood": "鷹匠町一丁目", "addr:block_number": "1", "addr:housenumber": "1", "source": "厚生労働省 医療情報ネットのオープンデータ (2026-06-01)", "_id": "3933395100870", "_座標の出典": "原データ"}}, {"type": "Feature", "geometry": {"type": "Point", "coordinates": [133.552929, 33.558969]}, "properties": {"amenity": "dentist", "healthcare": "dentist", "name": "金子歯科クリニック", "official_name": "金子歯科クリニック", "short_name": "金子歯科", "name:ja-Hira": "かねこしかくりにっく", "opening_hours": "Mo,Tu,We,Fr,Sa 09:00-12:00,13:30-18:00; PH off; Dec 29-Jan 03,Aug 13-Aug 15 off", "healthcare:speciality": "dentistry;paediatric_dentistry", "addr:full": "高知県高知市中宝永町", "addr:country": "JP", "addr:province": "高知県", "addr:city": "高知市", "addr:neighbourhood": "中宝永町", "source": "厚生労働省 医療情報ネットのオープンデータ (2026-06-01)", "_id": "3933395101040", "_座標の出典": "原データ"}}, {"type": "Feature", "geometry": {"type": "Point", "coordinates": [133.537117, 33.571358]}, "properties": {"amenity": "dentist", "healthcare": "dentist", "name": "長野歯科", "official_name": "長野歯科", "short_name": "長野歯科", "name:ja-Hira": "ながのしか", "name:en": "Nagano Dental Clinic", "opening_hours": "Mo,Tu,We,Th,Fr 08:30-12:00,13:30-17:00; PH off; Dec 29-Jan 03 off", "healthcare:speciality": "dentistry", "addr:full": "高知県高知市愛宕町３－１２－３２", "addr:country": "JP", "addr:province": "高知県", "addr:city": "高知市", "addr:neighbourhood": "愛宕町三丁目", "addr:block_number": "12", "addr:housenumber": "32", "source": "厚生労働省 医療情報ネットのオープンデータ (2026-06-01)", "_id": "3933395103060", "_座標の出典": "原データ"}}, {"type": "Feature", "geometry": {"type": "Point", "coordinates": [133.543415, 33.513895]}, "properties": {"amenity": "dentist", "healthcare": "dentist", "name": "西岡歯科診療所", "official_name": "西岡歯科診療所", "short_name": "西岡歯科", "name:ja-Hira": "にしおか しかしんりょうじょ", "opening_hours": "Mo,Tu,We,Fr 09:00-12:00,13:30-18:00; Sa 09:00-12:00,13:30-17:00; PH off; Dec 29-Jan 03 off", "healthcare:speciality": "dentistry", "addr:full": "高知県高知市瀬戸西町２－１８８－２", "addr:country": "JP", "addr:province": "高知県", "addr:city": "高知市", "addr:neighbourhood": "瀬戸西町二丁目", "source": "厚生労働省 医療情報ネットのオープンデータ (2026-06-01)", "_id": "3933395103190", "_座標の出典": "原データ"}}, {"type": "Feature", "geometry": {"type": "Point", "coordinates": [133.55464, 33.558419]}, "properties": {"amenity": "dentist", "healthcare": "dentist", "name": "松岡歯科医院", "official_name": "松岡歯科医院", "short_name": "松岡歯科医院", "name:ja-Hira": "まつおかしかいいん", "name:en": "Matsuoka Dental Clinic", "opening_hours": "Mo,Tu,We,Th,Fr 09:00-18:00; Sa 09:00-13:00; PH off; Dec 29-Jan 03 off", "healthcare:speciality": "dentistry;paediatric_dentistry", "addr:full": "高知県高知市中宝永町１１番３号", "addr:country": "JP", "addr:province": "高知県", "addr:city": "高知市", "addr:neighbourhood": "中宝永町", "addr:block_number": "11", "addr:housenumber": "3", "source": "厚生労働省 医療情報ネットのオープンデータ (2026-06-01)", "_id": "3933395103640", "_座標の出典": "原データ"}}, {"type": "Feature", "geometry": {"type": "Point", "coordinates": [133.551057, 33.559144]}, "properties": {"amenity": "dentist", "healthcare": "dentist", "name": "山崎歯科診療所", "official_name": "山崎歯科診療所", "short_name": "山崎歯科", "name:ja-Hira": "やまさきしかしんりょうしょ", "name:en": "Yamasaki Dental Clinic", "opening_hours": "Mo,Tu,We,Fr 09:00-12:00,14:30-17:00; Sa 09:00-12:00; PH off; Dec 29-Jan 04 off", "healthcare:speciality": "dentistry", "addr:full": "高知県高知市城見町４－３３", "addr:country": "JP", "addr:province": "高知県", "addr:city": "高知市", "addr:neighbourhood": "城見町", "addr:block_number": "4", "addr:housenumber": "33", "source": "厚生労働省 医療情報ネットのオープンデータ (2026-06-01)", "_id": "3933395104070", "_座標の出典": "原データ"}}, {"type": "Feature", "geometry": {"type": "Point", "coordinates": [133.585139, 33.560906]}, "properties": {"amenity": "dentist", "healthcare": "dentist", "name": "吉岡歯科診療所", "official_name": "吉岡歯科診療所", "short_name": "吉岡歯科診療所", "name:ja-Hira": "よしおかしかしんりょうしょ", "name:ja-Latn": "Yoshioka Shika Shinryosho", "opening_hours": "Mo,Tu,We,Fr 09:00-12:30,14:00-18:00; Th 09:00-12:30,14:00-16:00; Sa 09:00-13:00; PH off; Dec 29-Jan 03 off", "healthcare:speciality": "dentistry;paediatric_dentistry;orthodontics", "addr:full": "高知県高知市高須２丁目１３－５７", "addr:country": "JP", "addr:province": "高知県", "addr:city": "高知市", "addr:neighbourhood": "高須二丁目", "addr:block_number": "13", "addr:housenumber": "57", "source": "厚生労働省 医療情報ネットのオープンデータ (2026-06-01)", "_id": "3933395104100", "_座標の出典": "原データ"}}, {"type": "Feature", "geometry": {"type": "Point", "coordinates": [133.524376, 33.557798]}, "properties": {"amenity": "dentist", "healthcare": "dentist", "name": "たおか歯科", "official_name": "たおか歯科", "short_name": "たおか歯科", "name:ja-Hira": "たおかしか", "name:ja-Latn": "Taoka Shika", "opening_hours": "Mo,Tu,We,Fr 09:00-20:00; Sa 09:00-17:00; PH off; Dec 30-Jan 03 off", "healthcare:speciality": "dentistry;orthodontics;paediatric_dentistry", "website": "http://www.taoka-shika.com/", "addr:full": "高知県高知市上町二丁目二番二十四号", "addr:country": "JP", "addr:province": "高知県", "addr:city": "高知市", "addr:neighbourhood": "上町二丁目", "addr:block_number": "2", "addr:housenumber": "24", "source": "厚生労働省 医療情報ネットのオープンデータ (2026-06-01)", "_id": "3933395104780", "_座標の出典": "原データ"}}, {"type": "Feature", "geometry": {"type": "Point", "coordinates": [133.53152, 33.564311]}, "properties": {"amenity": "dentist", "healthcare": "dentist", "name": "岸歯科診療所", "official_name": "岸歯科診療所", "short_name": "岸歯科", "name:ja-Hira": "きししかしんりょうしょ", "name:en": "Kishi Dental Clinic", "opening_hours": "Mo,Tu,We,Fr 08:50-12:30,13:50-17:00; Th 08:50-12:30; Sa 08:50-12:30,13:50-15:30; PH off; Dec 30-Jan 03 off", "healthcare:speciality": "dentistry", "addr:full": "高知県高知市大川筋２丁目５番３２号", "addr:country": "JP", "addr:province": "高知県", "addr:city": "高知市", "addr:neighbourhood": "大川筋二丁目", "addr:block_number": "5", "addr:housenumber": "32", "source": "厚生労働省 医療情報ネットのオープンデータ (2026-06-01)", "_id": "3933395105080", "_座標の出典": "原データ"}}, {"type": "Feature", "geometry": {"type": "Point", "coordinates": [133.538319, 33.565989]}, "properties": {"amenity": "dentist", "healthcare": "dentist", "name": "岡林歯科", "official_name": "医療法人　利重会　岡林歯科", "short_name": "岡林歯科", "opening_hours": "Mo,Tu,We,Th,Fr 09:00-12:00,14:00-18:00; PH off; Dec 29-Jan 03 off", "healthcare:speciality": "dentistry", "addr:full": "高知県高知市北本町", "addr:country": "JP", "addr:province": "高知県", "addr:city": "高知市", "source": "厚生労働省 医療情報ネットのオープンデータ (2026-06-01)", "_id": "3933395105240", "_座標の出典": "原データ"}}, {"type": "Feature", "geometry": {"type": "Point", "coordinates": [133.509339, 33.556142]}, "properties": {"amenity": "dentist", "healthcare": "dentist", "name": "小松歯科診療所", "official_name": "小松歯科診療所", "short_name": "小松歯科診療所", "name:ja-Hira": "こまつしかしんりょうじょ", "name:en": "Komatsu Dental Clinic", "opening_hours": "Mo,Tu,We,Fr,Sa 09:00-13:00,14:00-17:00; PH off", "healthcare:speciality": "dentistry;orthodontics", "addr:full": "高知県高知市旭駅前町１－５", "addr:country": "JP", "addr:province": "高知県", "addr:city": "高知市", "addr:neighbourhood": "旭駅前町", "source": "厚生労働省 医療情報ネットのオープンデータ (2026-06-01)", "_id": "3933395105370", "_座標の出典": "原データ"}}, {"type": "Feature", "geometry": {"type": "Point", "coordinates": [133.563497, 33.565171]}, "properties": {"amenity": "dentist", "healthcare": "dentist", "name": "土本歯科", "official_name": "土本歯科", "short_name": "土本歯科", "name:ja-Hira": "つちもとしか", "name:en": "Tsuchimoto Dental Clinic", "opening_hours": "Mo,Tu,We,Fr 09:00-18:30; Sa 09:00-17:00; PH off", "healthcare:speciality": "dentistry;dental_oral_maxillo_facial_surgery;paediatric_dentistry", "addr:full": "高知県高知市南御座３－１２", "addr:country": "JP", "addr:province": "高知県", "addr:city": "高知市", "addr:neighbourhood": "南御座", "addr:block_number": "3", "addr:housenumber": "12", "source": "厚生労働省 医療情報ネットのオープンデータ (2026-06-01)", "_id": "3933395105790", "_座標の出典": "原データ"}}, {"type": "Feature", "geometry": {"type": "Point", "coordinates": [133.548674, 33.558699]}, "properties": {"amenity": "dentist", "healthcare": "dentist", "name": "山本歯科診療所", "official_name": "山本歯科診療所", "short_name": "山本歯科", "name:ja-Hira": "やまもとしかしんりょうしょ", "name:en": "Yamamoto Dental Clinic", "opening_hours": "Mo,Tu,We,Th,Fr,Sa 09:00-12:30; PH off; Dec 30-Jan 04,Aug 13-Aug 15 off", "healthcare:speciality": "dentistry;paediatric_dentistry", "website": "http://saenbayama.wp.xdomain.jp", "addr:full": "高知県高知市菜園場町７－１８", "addr:country": "JP", "addr:province": "高知県", "addr:city": "高知市", "addr:neighbourhood": "菜園場町", "addr:block_number": "7", "addr:housenumber": "18", "source": "厚生労働省 医療情報ネットのオープンデータ (2026-06-01)", "_id": "3933395106670", "_座標の出典": "原データ"}}, {"type": "Feature", "geometry": {"type": "Point", "coordinates": [133.52376, 33.557068]}, "properties": {"amenity": "dentist", "healthcare": "dentist", "name": "楠瀬歯科クリニック", "official_name": "楠瀬歯科クリニック", "short_name": "楠瀬歯科クリニック", "name:ja-Hira": "くすのせしかくりにっく", "name:ja-Latn": "Kusunose Sikakurinikku", "opening_hours": "Mo,Tu,We,Fr,Sa 09:00-13:00,14:00-18:00; PH off; Dec 30-Jan 04,Jan 14,Feb 11,Mar 20,Apr 29,May 03,May 05-May 06,Jul 20,Aug 13-Aug 15,Sep 15,Sep 21-Sep 23,Oct 12,Nov 03,Nov 23,Dec 23 off", "healthcare:speciality": "dentistry;orthodontics;paediatric_dentistry", "addr:full": "高知県高知市上町２－５－２５", "addr:country": "JP", "addr:province": "高知県", "addr:city": "高知市", "addr:neighbourhood": "上町二丁目", "addr:block_number": "5", "addr:housenumber": "25", "source": "厚生労働省 医療情報ネットのオープンデータ (2026-06-01)", "_id": "3933395106830", "_座標の出典": "原データ"}}, {"type": "Feature", "geometry": {"type": "Point", "coordinates": [133.49061, 33.551009]}, "properties": {"amenity": "dentist", "healthcare": "dentist", "name": "西本歯科", "official_name": "西本歯科", "short_name": "西本歯科", "name:ja-Hira": "にしもとしか", "name:en": "Nishimoto Dental Clinic", "opening_hours": "Mo,Tu,We,Fr 09:00-18:00; Th 09:00-13:00; Sa 09:00-17:00; PH off; Dec 31-Jan 03,Dec 24 off", "healthcare:speciality": "dentistry;orthodontics;dental_oral_maxillo_facial_surgery;paediatric_dentistry", "addr:full": "高知県高知市曙町１丁目８番３４号", "addr:country": "JP", "addr:province": "高知県", "addr:city": "高知市", "addr:neighbourhood": "曙町一丁目", "addr:block_number": "8", "addr:housenumber": "34", "source": "厚生労働省 医療情報ネットのオープンデータ (2026-06-01)", "_id": "3933395107130", "_座標の出典": "原データ"}}, {"type": "Feature", "geometry": {"type": "Point", "coordinates": [133.544805, 33.557346]}, "properties": {"amenity": "dentist", "healthcare": "dentist", "name": "友永歯科", "official_name": "友永歯科", "short_name": "友永歯科", "name:ja-Hira": "ともながしか", "name:en": "Tomonaga Dental Clinic", "opening_hours": "Mo,Tu,We,Th,Fr 09:00-12:30,14:00-18:00; Sa 09:00-12:30; PH off; Dec 30-Jan 03,Dec 24 off", "healthcare:speciality": "dentistry;paediatric_dentistry", "website": "https://www.tomonaga-dental.com/", "addr:full": "高知県高知市南はりまや町２－８－９", "addr:country": "JP", "addr:province": "高知県", "addr:city": "高知市", "addr:neighbourhood": "南はりまや町二丁目", "addr:block_number": "8", "addr:housenumber": "9", "source": "厚生労働省 医療情報ネットのオープンデータ (2026-06-01)", "_id": "3933395107390", "_座標の出典": "原データ"}}, {"type": "Feature", "geometry": {"type": "Point", "coordinates": [133.543764, 33.56207]}, "properties": {"amenity": "dentist", "healthcare": "dentist", "name": "横山歯科診療所", "official_name": "横山歯科診療所", "short_name": "横山歯科診療所", "name:ja-Hira": "よこやましかしんりょうしょ", "name:en": "Yokoyama Dental Clinic Yokoyama Shika Shinryosho", "opening_hours": "Mo,Tu,We,Fr 08:30-12:30,14:00-18:00; Th 08:30-12:00,13:00-17:00; PH off; Dec 30-Jan 03 off", "healthcare:speciality": "dentistry", "addr:full": "高知県高知市はりまや町２－３－８", "addr:country": "JP", "addr:province": "高知県", "addr:city": "高知市", "addr:neighbourhood": "はりまや町二丁目", "addr:block_number": "3", "addr:housenumber": "8", "source": "厚生労働省 医療情報ネットのオープンデータ (2026-06-01)", "_id": "3933395107680", "_座標の出典": "原データ"}}, {"type": "Feature", "geometry": {"type": "Point", "coordinates": [133.519568, 33.569542]}, "properties": {"amenity": "dentist", "healthcare": "dentist", "name": "国藤歯科診療所", "official_name": "国藤歯科診療所", "short_name": "国藤歯科", "name:ja-Hira": "くにとうしか しんりょうしょ", "opening_hours": "Mo,Tu,Th,Fr 09:00-12:00,13:00-18:00; Sa 09:00-12:00,13:00-15:00; PH off", "healthcare:speciality": "dentistry", "addr:full": "高知県高知市中万々１－８　小谷ビル２Ｆ", "addr:country": "JP", "addr:province": "高知県", "addr:city": "高知市", "addr:neighbourhood": "中万々", "source": "厚生労働省 医療情報ネットのオープンデータ (2026-06-01)", "_id": "3933395108430", "_座標の出典": "原データ"}}, {"type": "Feature", "geometry": {"type": "Point", "coordinates": [133.574626, 33.524015]}, "properties": {"amenity": "dentist", "healthcare": "dentist", "name": "フカミ歯科診療所", "official_name": "フカミ歯科診療所", "short_name": "フカミ歯科", "name:ja-Hira": "ふかみしかしんりょうしょ", "name:en": "Fukami Dental Clinic", "opening_hours": "Mo,Tu,We,Th,Fr 09:00-12:30,14:00-18:30; Sa 09:00-13:00; PH off; Dec 30-Jan 03,Aug 15 off", "healthcare:speciality": "dentistry;paediatric_dentistry", "website": "https://www.fukamishika.com", "addr:full": "高知県高知市十津　３丁目６－２６－１", "addr:country": "JP", "addr:province": "高知県", "addr:city": "高知市", "addr:neighbourhood": "十津三丁目", "addr:block_number": "6", "addr:housenumber": "26", "source": "厚生労働省 医療情報ネットのオープンデータ (2026-06-01)", "_id": "3933395108560", "_座標の出典": "原データ"}}, {"type": "Feature", "geometry": {"type": "Point", "coordinates": [133.574599, 33.587942]}, "properties": {"amenity": "dentist", "healthcare": "dentist", "name": "島崎歯科医院", "official_name": "島崎歯科医院", "short_name": "島崎歯科医院", "name:ja-Hira": "しまさきしかいいん", "name:en": "Shimasaki Dental Clinic", "opening_hours": "Mo,Tu,We,Fr 09:00-13:00,14:00-17:30; Th,Sa 09:00-13:00; PH off; Dec 29-Jan 03,Dec 24 off", "healthcare:speciality": "dentistry", "addr:full": "高知県高知市一宮中町　３－１１－２７", "addr:country": "JP", "addr:province": "高知県", "addr:city": "高知市", "addr:neighbourhood": "一宮中町三丁目", "addr:block_number": "11", "addr:housenumber": "27", "source": "厚生労働省 医療情報ネットのオープンデータ (2026-06-01)", "_id": "3933395108980", "_座標の出典": "原データ"}}, {"type": "Feature", "geometry": {"type": "Point", "coordinates": [133.51713, 33.550227]}, "properties": {"amenity": "dentist", "healthcare": "dentist", "name": "山本歯科医院", "official_name": "山本歯科医院", "short_name": "山本歯科医院", "name:ja-Hira": "やまもとしかいいん", "opening_hours": "Mo,Tu,We,Th,Fr 09:00-12:30,13:45-17:30; Sa 09:00-12:30; PH off; Dec 30-Jan 03 off", "healthcare:speciality": "dentistry", "addr:full": "高知県高知市東城山町１００－１", "addr:country": "JP", "addr:province": "高知県", "addr:city": "高知市", "addr:neighbourhood": "東城山町", "source": "厚生労働省 医療情報ネットのオープンデータ (2026-06-01)", "_id": "3933395109020", "_座標の出典": "原データ"}}, {"type": "Feature", "geometry": {"type": "Point", "coordinates": [133.541677, 33.559441]}, "properties": {"amenity": "dentist", "healthcare": "dentist", "name": "窪歯科", "official_name": "窪歯科", "short_name": "窪歯科", "name:ja-Hira": "くぼしか", "name:ja-Latn": "Kubosika", "opening_hours": "Mo,Tu,Th,Fr 09:00-12:00,13:00-17:00; We,Sa 09:00-12:00; PH off; Dec 28-Jan 04,Aug 09-Aug 11 off", "healthcare:speciality": "dentistry;orthodontics", "addr:full": "高知県高知市堺町１－２１　ＪＴＢ高知ビル４Ｆ", "addr:country": "JP", "addr:province": "高知県", "addr:city": "高知市", "addr:neighbourhood": "堺町", "addr:block_number": "1", "addr:housenumber": "21", "source": "厚生労働省 医療情報ネットのオープンデータ (2026-06-01)", "_id": "3933395109150", "_座標の出典": "原データ"}}, {"type": "Feature", "geometry": {"type": "Point", "coordinates": [133.570986, 33.55728]}, "properties": {"amenity": "dentist", "healthcare": "dentist", "name": "前田歯科クリニック", "official_name": "前田歯科クリニック", "short_name": "前田歯科クリニック", "name:ja-Hira": "まえだしかくりにっく", "name:en": "Maeda Shika Clinic", "opening_hours": "Mo,Tu,We,Fr 09:00-12:30,14:00-18:30; Th,Sa 09:00-12:30; PH off; Dec 30-Jan 03,Aug 13-Aug 14 off", "healthcare:speciality": "dentistry;dental_oral_maxillo_facial_surgery", "addr:full": "高知県高知市葛島２丁目２番１５号", "addr:country": "JP", "addr:province": "高知県", "addr:city": "高知市", "addr:neighbourhood": "葛島二丁目", "addr:block_number": "2", "addr:housenumber": "15", "source": "厚生労働省 医療情報ネットのオープンデータ (2026-06-01)", "_id": "3933395109310", "_座標の出典": "原データ"}}, {"type": "Feature", "geometry": {"type": "Point", "coordinates": [133.53177, 33.570441]}, "properties": {"amenity": "dentist", "healthcare": "dentist", "name": "川島歯科診療所", "official_name": "川島歯科診療所", "short_name": "川島歯科診療所", "name:ja-Hira": "かわしましかしんりょうしょ", "opening_hours": "Mo,We,Sa 10:00-12:00,13:30-17:00; PH off; Dec 29-Jan 03 off", "healthcare:speciality": "dentistry;orthodontics", "website": "http://www.kawashima-dental.com", "addr:full": "高知県高知市伊勢崎町７－２０", "addr:country": "JP", "addr:province": "高知県", "addr:city": "高知市", "addr:neighbourhood": "伊勢崎町", "addr:block_number": "7", "addr:housenumber": "20", "source": "厚生労働省 医療情報ネットのオープンデータ (2026-06-01)", "_id": "3933395109440", "_座標の出典": "原データ"}}, {"type": "Feature", "geometry": {"type": "Point", "coordinates": [133.533662, 33.576691]}, "properties": {"amenity": "dentist", "healthcare": "dentist", "name": "青木歯科", "official_name": "青木歯科", "short_name": "青木歯科", "name:ja-Hira": "あおきしか", "name:en": "AOKI DENTAL OFFICE", "opening_hours": "Mo,Tu,We,Fr 09:00-12:30,14:00-18:30; Sa 09:00-12:30,14:00-17:00; PH off; Dec 29-Jan 03,Aug 09-Aug 11 off", "healthcare:speciality": "dentistry;orthodontics;dental_oral_maxillo_facial_surgery;paediatric_dentistry", "addr:full": "高知県高知市西秦泉寺", "addr:country": "JP", "addr:province": "高知県", "addr:city": "高知市", "addr:neighbourhood": "西秦泉寺", "source": "厚生労働省 医療情報ネットのオープンデータ (2026-06-01)", "_id": "3933395109860", "_座標の出典": "原データ"}}, {"type": "Feature", "geometry": {"type": "Point", "coordinates": [133.621551, 33.587531]}, "properties": {"amenity": "dentist", "healthcare": "dentist", "name": "川添歯科診療所", "official_name": "川添歯科診療所", "short_name": "川添歯科診療所", "name:ja-Hira": "かわぞえしかしんりょうしょ", "name:ja-Latn": "Kawazoe Shika Shinryousho", "opening_hours": "Mo,Tu,We,Fr 09:00-12:00,14:30-18:00; Th,Sa 09:00-12:00; PH off; Dec 29-Jan 03,Dec 24 off", "healthcare:speciality": "dentistry;orthodontics", "addr:full": "高知県南国市岡豊町常通寺島１４８", "addr:country": "JP", "addr:province": "高知県", "addr:city": "南国市", "addr:neighbourhood": "岡豊町常通寺島", "source": "厚生労働省 医療情報ネットのオープンデータ (2026-06-01)", "_id": "3933395110390", "_座標の出典": "原データ"}}, {"type": "Feature", "geometry": {"type": "Point", "coordinates": [133.646514, 33.577799]}, "properties": {"amenity": "dentist", "healthcare": "dentist", "name": "平和歯科診療所", "official_name": "平和歯科診療所", "short_name": "平和歯科診療所", "name:ja-Hira": "へいわしかしんりょうしょ", "name:ja-Latn": "Heiwasikasinryousyo", "opening_hours": "Mo,Tu,We,Fr,Sa 09:00-12:30,14:00-18:30; PH off; Dec 30-Jan 04 off", "healthcare:speciality": "dentistry;paediatric_dentistry", "addr:full": "高知県南国市駅前町２－６－２３", "addr:country": "JP", "addr:province": "高知県", "addr:city": "南国市", "addr:neighbourhood": "駅前町二丁目", "addr:block_number": "6", "addr:housenumber": "23", "source": "厚生労働省 医療情報ネットのオープンデータ (2026-06-01)", "_id": "3933395110680", "_座標の出典": "原データ"}}, {"type": "Feature", "geometry": {"type": "Point", "coordinates": [133.650362, 33.574533]}, "properties": {"amenity": "dentist", "healthcare": "dentist", "name": "泰和会森本歯科診療所", "official_name": "医療法人泰和会森本歯科診療所", "short_name": "森本歯科診療所", "name:en": "MORIMOTO DENTAL CLINIC", "opening_hours": "Mo,Tu,We,Fr,Sa 08:30-12:30,13:30-17:30; PH off; Dec 29-Jan 04,Aug 13,Aug 15 off", "healthcare:speciality": "dentistry;orthodontics", "addr:full": "高知県南国市大そね甲１２１８", "addr:country": "JP", "addr:province": "高知県", "addr:city": "南国市", "source": "厚生労働省 医療情報ネットのオープンデータ (2026-06-01)", "_id": "3933395110840", "_座標の出典": "原データ"}}, {"type": "Feature", "geometry": {"type": "Point", "coordinates": [133.676287, 33.554883]}, "properties": {"amenity": "dentist", "healthcare": "dentist", "name": "西川歯科診療所", "official_name": "西川歯科診療所", "short_name": "西川歯科", "name:ja-Hira": "にしがわしかしんりょうしょ", "opening_hours": "Mo,Tu,We,Fr 08:30-12:00,13:30-18:00; Th,Sa 08:30-12:00; PH off; Dec 29-Jan 03 off", "healthcare:speciality": "dentistry", "addr:full": "高知県南国市物部１５１２番地", "addr:country": "JP", "addr:province": "高知県", "addr:city": "南国市", "addr:neighbourhood": "物部", "source": "厚生労働省 医療情報ネットのオープンデータ (2026-06-01)", "_id": "3933395111300", "_座標の出典": "原データ"}}, {"type": "Feature", "geometry": {"type": "Point", "coordinates": [133.642581, 33.574523]}, "properties": {"amenity": "dentist", "healthcare": "dentist", "name": "高島歯科医院", "official_name": "高島歯科医院", "short_name": "高島歯科医院", "name:ja-Hira": "たかしましかいいん", "name:en": "Takashima Dental Clinic", "opening_hours": "Mo,Tu,We,Th,Fr 09:00-12:00,14:00-18:45; Sa 09:00-12:00; PH off; Dec 29-Jan 03,Aug 12-Aug 14 off", "healthcare:speciality": "dentistry;paediatric_dentistry", "website": "http://www.dentaka.net", "addr:full": "高知県南国市大そね甲２２８７", "addr:country": "JP", "addr:province": "高知県", "addr:city": "南国市", "source": "厚生労働省 医療情報ネットのオープンデータ (2026-06-01)", "_id": "3933395111430", "_座標の出典": "原データ"}}, {"type": "Feature", "geometry": {"type": "Point", "coordinates": [133.411721, 33.54681]}, "properties": {"amenity": "dentist", "healthcare": "dentist", "name": "西村歯科医院", "official_name": "西村歯科医院", "short_name": "西村歯科医院", "name:ja-Hira": "にしむらしかいいん", "name:en": "Nishimura Dental Clinic", "opening_hours": "Mo,Tu,We,Fr 08:30-10:30,13:30-15:30; Sa 08:30-10:30; PH off; Dec 28-Jan 04 off", "healthcare:speciality": "dentistry", "addr:full": "高知県吾川郡いの町波川５５４ー２", "addr:country": "JP", "addr:province": "高知県", "addr:county": "吾川郡", "addr:city": "いの町", "addr:neighbourhood": "波川", "source": "厚生労働省 医療情報ネットのオープンデータ (2026-06-01)", "_id": "3933395111850", "_座標の出典": "原データ"}}, {"type": "Feature", "geometry": {"type": "Point", "coordinates": [133.461005, 33.504363]}, "properties": {"amenity": "dentist", "healthcare": "dentist", "name": "別役歯科", "official_name": "別役歯科", "short_name": "別役歯科", "name:ja-Hira": "べっちゃく しか", "name:ja-Latn": "Bettyakushika", "opening_hours": "Mo,Tu,We,Th,Fr 09:00-12:00,14:00-17:00; Sa 09:00-12:00; PH off", "healthcare:speciality": "dentistry;paediatric_dentistry", "addr:full": "高知県高知市春野町弘岡上９１－１", "addr:country": "JP", "addr:province": "高知県", "addr:city": "高知市", "addr:neighbourhood": "春野町弘岡上", "source": "厚生労働省 医療情報ネットのオープンデータ (2026-06-01)", "_id": "3933395111980", "_座標の出典": "原データ"}}, {"type": "Feature", "geometry": {"type": "Point", "coordinates": [133.536800146, 33.558870883]}, "properties": {"amenity": "dentist", "healthcare": "dentist", "name": "健歯野村会野村歯科医院", "official_name": "医療法人健歯野村会野村歯科医院", "short_name": "野村歯科医院", "opening_hours": "Mo,Tu,We,Fr,Sa 08:30-12:30,14:00-18:00; Th 08:30-12:30; Th[2,4] off; PH off; Dec 30-Jan 04 off", "healthcare:speciality": "dentistry", "addr:full": "高知県高知市本町２－２－２７　３Ｆ", "addr:country": "JP", "addr:province": "高知県", "addr:city": "高知市", "addr:neighbourhood": "本町二丁目", "addr:block_number": "2", "addr:housenumber": "27", "source": "厚生労働省 医療情報ネットのオープンデータ (2026-06-01)", "_id": "3933395112310", "_座標の出典": "ジオコーディング"}}, {"type": "Feature", "geometry": {"type": "Point", "coordinates": [133.550861799, 33.561721556]}, "properties": {"amenity": "dentist", "healthcare": "dentist", "name": "嶋本歯科医院", "official_name": "嶋本歯科医院", "short_name": "嶋本歯科医院", "name:ja-Hira": "しまもとしかいいん", "name:en": "Shimamoto Dental Clinic", "opening_hours": "Mo,Tu,We,Th 08:00-12:00,13:00-17:00; Fr 10:00-12:00,13:00-19:00; Sa 08:00-12:00,13:00-15:00; PH off; Dec 29-Jan 03 off", "healthcare:speciality": "dentistry;orthodontics;dental_oral_maxillo_facial_surgery;paediatric_dentistry", "website": "https://www.shimamotoshika.net/home.html", "addr:full": "高知県高知市桜井町２－５－１３", "addr:country": "JP", "addr:province": "高知県", "addr:city": "高知市", "addr:neighbourhood": "桜井町二丁目", "addr:block_number": "5", "addr:housenumber": "13", "source": "厚生労働省 医療情報ネットのオープンデータ (2026-06-01)", "_id": "3933395112440", "_座標の出典": "ジオコーディング"}}, {"type": "Feature", "geometry": {"type": "Point", "coordinates": [133.600171, 33.570773]}, "properties": {"amenity": "dentist", "healthcare": "dentist", "name": "田村歯科医院", "official_name": "田村歯科医院", "short_name": "田村歯科医院", "name:ja-Hira": "たむら しかいいん", "name:en": "Tamura Dental Clinic", "opening_hours": "Mo,Tu,We,Fr,Sa 09:00-12:30,14:00-18:30; PH off; Dec 29-Jan 03 off", "healthcare:speciality": "dentistry;paediatric_dentistry", "addr:full": "高知県高知市大津乙１６１番地１７", "addr:country": "JP", "addr:province": "高知県", "addr:city": "高知市", "addr:neighbourhood": "大津乙", "source": "厚生労働省 医療情報ネットのオープンデータ (2026-06-01)", "_id": "3933395112570", "_座標の出典": "原データ"}}, {"type": "Feature", "geometry": {"type": "Point", "coordinates": [133.544775, 33.551844]}, "properties": {"amenity": "dentist", "healthcare": "dentist", "name": "須藤歯科医院", "official_name": "須藤歯科医院", "short_name": "須藤歯科医院", "name:ja-Hira": "すとうしかいいん", "name:ja-Latn": "Sutou Shika Iin", "opening_hours": "Mo,Tu,We,Th,Fr 09:00-18:30; Sa 09:00-13:00; PH off; Dec 29-Jan 03 off", "healthcare:speciality": "dentistry", "addr:full": "高知県高知市桟橋通り１－１３－２", "addr:country": "JP", "addr:province": "高知県", "addr:city": "高知市", "source": "厚生労働省 医療情報ネットのオープンデータ (2026-06-01)", "_id": "3933395112600", "_座標の出典": "原データ"}}, {"type": "Feature", "geometry": {"type": "Point", "coordinates": [133.543938, 33.509907]}, "properties": {"amenity": "dentist", "healthcare": "dentist", "name": "崎岡歯科医院", "official_name": "崎岡歯科医院", "short_name": "崎岡歯科", "name:ja-Hira": "さきおかしかいいん", "name:en": "Sakioka Dental Clinic", "opening_hours": "Mo,Tu,We,Fr,Sa 09:00-12:00,14:00-18:00; PH off; Dec 29-Jan 03 off", "healthcare:speciality": "dentistry;dental_oral_maxillo_facial_surgery;paediatric_dentistry", "addr:full": "高知県高知市瀬戸南町１－２－３", "addr:country": "JP", "addr:province": "高知県", "addr:city": "高知市", "addr:neighbourhood": "瀬戸南町一丁目", "addr:block_number": "2", "addr:housenumber": "3", "source": "厚生労働省 医療情報ネットのオープンデータ (2026-06-01)", "_id": "3933395112730", "_座標の出典": "原データ"}}, {"type": "Feature", "geometry": {"type": "Point", "coordinates": [133.536971, 33.567479]}, "properties": {"amenity": "dentist", "healthcare": "dentist", "name": "岡林歯科医院", "official_name": "医療法人茂見会　岡林歯科医院", "short_name": "岡林歯科医院", "name:en": "OKABAYASHI DentalClinic OKABAYASHI SHIKA", "opening_hours": "Mo,Tu,We,Fr,Sa 09:00-12:30,14:00-18:00; PH off; Dec 30-Jan 03 off", "healthcare:speciality": "dentistry;orthodontics;dental_oral_maxillo_facial_surgery;paediatric_dentistry", "website": "http://www.shigemikai.com/", "addr:full": "高知県高知市愛宕町２丁目１０番２３号", "addr:country": "JP", "addr:province": "高知県", "addr:city": "高知市", "addr:neighbourhood": "愛宕町二丁目", "addr:block_number": "10", "addr:housenumber": "23", "source": "厚生労働省 医療情報ネットのオープンデータ (2026-06-01)", "_id": "3933395113030", "_座標の出典": "原データ"}}, {"type": "Feature", "geometry": {"type": "Point", "coordinates": [133.4893, 33.549279]}, "properties": {"amenity": "dentist", "healthcare": "dentist", "name": "福井歯科医院", "official_name": "福井歯科医院", "short_name": "医療法人高義会福井歯科医院", "name:ja-Hira": "ふくいしかいいん", "name:en": "Medical Corporation Kougikai Fukui Dental Clinic", "opening_hours": "Mo,Tu,We,Fr 09:15-12:00,13:30-17:00; Sa 09:15-12:00; PH off; Dec 29-Jan 04 off", "healthcare:speciality": "dentistry", "addr:full": "高知県高知市朝倉本町１ー１３ー２１", "addr:country": "JP", "addr:province": "高知県", "addr:city": "高知市", "addr:neighbourhood": "朝倉本町一丁目", "addr:block_number": "13", "addr:housenumber": "21", "source": "厚生労働省 医療情報ネットのオープンデータ (2026-06-01)", "_id": "3933395113290", "_座標の出典": "原データ"}}, {"type": "Feature", "geometry": {"type": "Point", "coordinates": [133.527393, 33.557533]}, "properties": {"amenity": "dentist", "healthcare": "dentist", "name": "小松歯科", "official_name": "小松歯科", "short_name": "小松歯科", "name:ja-Hira": "こまつしか", "healthcare:speciality": "dentistry;orthodontics;paediatric_dentistry", "addr:full": "高知県高知市升形３－７　森崎ビル　２Ｆ", "addr:country": "JP", "addr:province": "高知県", "addr:city": "高知市", "addr:neighbourhood": "升形", "addr:block_number": "3", "addr:housenumber": "7", "source": "厚生労働省 医療情報ネットのオープンデータ (2026-06-01)", "_id": "3933395113450", "_座標の出典": "原データ"}}, {"type": "Feature", "geometry": {"type": "Point", "coordinates": [133.506415, 33.545952]}, "properties": {"amenity": "dentist", "healthcare": "dentist", "name": "山本歯科医院", "official_name": "医療法人山本歯科医院", "short_name": "山本歯科医院", "name:en": "Yamamoto Dental Clinic", "opening_hours": "Mo,Tu,Th,Fr 09:00-19:00; We,Sa 09:00-17:00; PH off; Dec 31-Jan 03 off", "healthcare:speciality": "dentistry", "addr:full": "高知県高知市鴨部１１４３－４", "addr:country": "JP", "addr:province": "高知県", "addr:city": "高知市", "addr:neighbourhood": "鴨部", "source": "厚生労働省 医療情報ネットのオープンデータ (2026-06-01)", "_id": "3933395113580", "_座標の出典": "原データ"}}, {"type": "Feature", "geometry": {"type": "Point", "coordinates": [133.545358, 33.553069]}, "properties": {"amenity": "dentist", "healthcare": "dentist", "name": "武井歯科医院", "official_name": "武井歯科医院", "short_name": "武井歯科", "name:ja-Hira": "たけいしかいいん", "name:en": "Takei Dentl Clinic", "opening_hours": "Mo,Tu,Fr,Sa 09:00-12:30,14:00-17:00; PH off; Dec 30-Jan 03 off", "healthcare:speciality": "dentistry", "website": "https://www.takei-shikaiin.net", "addr:full": "高知県高知市桟橋通", "addr:country": "JP", "addr:province": "高知県", "addr:city": "高知市", "source": "厚生労働省 医療情報ネットのオープンデータ (2026-06-01)", "_id": "3933395114200", "_座標の出典": "原データ"}}, {"type": "Feature", "geometry": {"type": "Point", "coordinates": [133.575613, 33.556041]}, "properties": {"amenity": "dentist", "healthcare": "dentist", "name": "高橋歯科医院", "official_name": "高橋歯科医院", "short_name": "高橋歯科医院", "name:ja-Hira": "たかはししかいいん", "name:en": "Takahashi Dental Clinic", "opening_hours": "Mo,Tu,Th,Fr 09:00-12:00,14:00-18:00; We 09:00-12:00; Sa 09:00-12:00,14:00-16:00; PH off; Dec 29-Jan 03 off", "healthcare:speciality": "dentistry", "addr:full": "高知県高知市高須新町３－１－５２", "addr:country": "JP", "addr:province": "高知県", "addr:city": "高知市", "addr:neighbourhood": "高須新町三丁目", "addr:block_number": "1", "addr:housenumber": "52", "source": "厚生労働省 医療情報ネットのオープンデータ (2026-06-01)", "_id": "3933395114330", "_座標の出典": "原データ"}}, {"type": "Feature", "geometry": {"type": "Point", "coordinates": [133.505075, 33.567433]}, "properties": {"amenity": "dentist", "healthcare": "dentist", "name": "竹中歯科診療所", "official_name": "竹中歯科診療所", "short_name": "竹中歯科", "name:ja-Hira": "たけなかしかしんりょうしょ", "name:en": "Takenaka Dental Clinic", "opening_hours": "Mo,Tu,We,Fr 09:00-12:30,14:30-18:30; Sa 09:00-12:30,14:00-18:00; PH off; Dec 31-Jan 03,Apr 28,May 03,Aug 09,Dec 29 off", "healthcare:speciality": "dentistry;orthodontics;dental_oral_maxillo_facial_surgery;paediatric_dentistry", "addr:full": "高知県高知市福井町１４２８－３０", "addr:country": "JP", "addr:province": "高知県", "addr:city": "高知市", "addr:neighbourhood": "福井町", "source": "厚生労働省 医療情報ネットのオープンデータ (2026-06-01)", "_id": "3933395114460", "_座標の出典": "原データ"}}, {"type": "Feature", "geometry": {"type": "Point", "coordinates": [133.528365, 33.557985]}, "properties": {"amenity": "dentist", "healthcare": "dentist", "name": "織田歯科医院", "official_name": "織田歯科医院", "short_name": "織田歯科医院", "name:ja-Hira": "おだしかいいん", "name:en": "Oda Dental Office", "opening_hours": "Mo,Tu,We,Th,Fr 09:00-13:30,14:30-17:30; Sa 09:00-12:00; PH off; Dec 30-Jan 04,Aug 09-Aug 13 off", "healthcare:speciality": "dentistry", "website": "https://oda-dental-office.jp", "addr:full": "高知県高知市升形４－１４", "addr:country": "JP", "addr:province": "高知県", "addr:city": "高知市", "addr:neighbourhood": "升形", "addr:block_number": "4", "addr:housenumber": "14", "source": "厚生労働省 医療情報ネットのオープンデータ (2026-06-01)", "_id": "3933395114590", "_座標の出典": "原データ"}}, {"type": "Feature", "geometry": {"type": "Point", "coordinates": [133.578071, 33.559189]}, "properties": {"amenity": "dentist", "healthcare": "dentist", "name": "高須歯科医院", "official_name": "高須歯科医院", "short_name": "高須歯科", "name:ja-Hira": "たかすしかいいん", "name:en": "Takasu Dental Clinic", "opening_hours": "Mo,Tu,We,Fr 09:00-19:00; Sa 09:00-17:30; PH off; Dec 29-Jan 03 off || off \"お盆は休診\"", "healthcare:speciality": "dentistry;paediatric_dentistry", "addr:full": "高知県高知市高須新町", "addr:country": "JP", "addr:province": "高知県", "addr:city": "高知市", "source": "厚生労働省 医療情報ネットのオープンデータ (2026-06-01)", "_id": "3933395114750", "_座標の出典": "原データ"}}, {"type": "Feature", "geometry": {"type": "Point", "coordinates": [133.494188, 33.551615]}, "properties": {"amenity": "dentist", "healthcare": "dentist", "name": "あけぼのちょう高橋歯科", "official_name": "あけぼのちょう高橋歯科", "short_name": "あけぼのちょう　高橋　歯科", "name:ja-Hira": "あけぼのちょうたかはし しか", "name:en": "Akebono-town Takahashi Dental Clinic", "opening_hours": "Mo,Tu,We,Fr,Sa 09:00-12:00,13:30-18:30; PH off; Dec 29-Jan 04,Aug 13-Aug 15 off", "healthcare:speciality": "dentistry;orthodontics;paediatric_dentistry", "website": "https://www.poncho-dc.com/", "addr:full": "高知県高知市曙町", "addr:country": "JP", "addr:province": "高知県", "addr:city": "高知市", "source": "厚生労働省 医療情報ネットのオープンデータ (2026-06-01)", "_id": "3933395114880", "_座標の出典": "原データ"}}, {"type": "Feature", "geometry": {"type": "Point", "coordinates": [133.543908, 33.565526]}, "properties": {"amenity": "dentist", "healthcare": "dentist", "name": "梅原歯科医院", "official_name": "梅原歯科医院", "short_name": "梅原歯科", "name:ja-Hira": "うめばらしかいいん", "name:ja-Latn": "Umebara Shika Iin", "opening_hours": "Mo,Th 09:00-20:00; Tu,Fr 11:00-20:00; Sa 09:00-16:00; PH off; Dec 29-Jan 03 off", "healthcare:speciality": "dentistry;orthodontics;dental_oral_maxillo_facial_surgery;paediatric_dentistry", "addr:full": "高知県高知市駅前町５－１　駅前観光ビル３Ｆ", "addr:country": "JP", "addr:province": "高知県", "addr:city": "高知市", "addr:neighbourhood": "駅前町", "addr:block_number": "5", "addr:housenumber": "1", "source": "厚生労働省 医療情報ネットのオープンデータ (2026-06-01)", "_id": "3933395114910", "_座標の出典": "原データ"}}, {"type": "Feature", "geometry": {"type": "Point", "coordinates": [133.542044, 33.561803]}, "properties": {"amenity": "dentist", "healthcare": "dentist", "name": "前田歯科医院", "official_name": "前田歯科医院", "short_name": "前田歯科", "name:ja-Hira": "まえだしかいいん", "name:en": "MaeDa Dental Clinic Maeda Shika", "opening_hours": "Mo,Tu,We,Fr,Sa 09:00-12:00,13:00-17:00; PH off; Dec 30-Jan 03 off", "healthcare:speciality": "dentistry", "addr:full": "高知県高知市追手筋１丁目１－８", "addr:country": "JP", "addr:province": "高知県", "addr:city": "高知市", "addr:neighbourhood": "追手筋一丁目", "addr:block_number": "1", "addr:housenumber": "8", "source": "厚生労働省 医療情報ネットのオープンデータ (2026-06-01)", "_id": "3933395115180", "_座標の出典": "原データ"}}, {"type": "Feature", "geometry": {"type": "Point", "coordinates": [133.548666, 33.547078]}, "properties": {"amenity": "dentist", "healthcare": "dentist", "name": "依岡歯科", "official_name": "依岡歯科", "short_name": "依岡歯科", "name:ja-Hira": "よりおかしか", "name:ja-Latn": "Yorioka Shika", "opening_hours": "Mo,Tu,We,Th,Fr,Sa 09:00-12:30,14:00-18:00; Th[1,3] off; Sa[2,4] off; PH off; Dec 30-Jan 03 off", "healthcare:speciality": "dentistry", "website": "https://www.yorioka-dc.com", "addr:full": "高知県高知市桟橋通３丁目１番２２号", "addr:country": "JP", "addr:province": "高知県", "addr:city": "高知市", "addr:neighbourhood": "桟橋通三丁目", "addr:block_number": "1", "addr:housenumber": "22", "source": "厚生労働省 医療情報ネットのオープンデータ (2026-06-01)", "_id": "3933395115210", "_座標の出典": "原データ"}}, {"type": "Feature", "geometry": {"type": "Point", "coordinates": [133.54885, 33.497045]}, "properties": {"amenity": "dentist", "healthcare": "dentist", "name": "オザカ歯科診療所", "official_name": "オザカ歯科診療所", "short_name": "オザカ歯科", "name:ja-Hira": "おざかしかしんりょうじょ", "name:en": "OZAKA Dental Clinic", "opening_hours": "Mo,Tu,We,Th,Fr 09:00-12:00,14:30-17:30; Sa 09:00-12:00; PH off; Dec 31-Jan 03 off", "healthcare:speciality": "dentistry;paediatric_dentistry", "addr:full": "高知県高知市長浜", "addr:country": "JP", "addr:province": "高知県", "addr:city": "高知市", "addr:neighbourhood": "長浜", "source": "厚生労働省 医療情報ネットのオープンデータ (2026-06-01)", "_id": "3933395115340", "_座標の出典": "原データ"}}, {"type": "Feature", "geometry": {"type": "Point", "coordinates": [133.521617, 33.513425]}, "properties": {"amenity": "dentist", "healthcare": "dentist", "name": "山崎歯科医院", "official_name": "山崎歯科医院", "short_name": "山崎歯科医院", "name:ja-Hira": "やまざきしかいいん", "name:en": "Yamazaki Dental Clinic", "opening_hours": "Mo,Tu,We,Fr 09:00-12:30,14:00-18:00; Sa 09:00-12:30,14:00-16:30; PH off; Dec 30-Jan 03 off", "healthcare:speciality": "dentistry;paediatric_dentistry", "addr:full": "高知県高知市春野町内ノ谷１３８７－２", "addr:country": "JP", "addr:province": "高知県", "addr:city": "高知市", "addr:neighbourhood": "春野町内ノ谷", "source": "厚生労働省 医療情報ネットのオープンデータ (2026-06-01)", "_id": "3933395115890", "_座標の出典": "原データ"}}, {"type": "Feature", "geometry": {"type": "Point", "coordinates": [133.540433, 33.559396]}, "properties": {"amenity": "dentist", "healthcare": "dentist", "name": "桑名歯科診療所", "official_name": "桑名歯科診療所", "short_name": "桑名歯科", "name:ja-Hira": "くわなしかしんりょうしょ", "name:en": "Kuwana Dental Clinic", "opening_hours": "Mo,Tu,We,Th,Fr,Sa 08:30-12:00,13:00-17:00; PH off; Dec 30-Jan 03 off", "healthcare:speciality": "dentistry", "website": "https://www.jda.or.jp/search/detail_13784.html", "addr:full": "高知県高知市堺町２－２０", "addr:country": "JP", "addr:province": "高知県", "addr:city": "高知市", "addr:neighbourhood": "堺町", "addr:block_number": "2", "addr:housenumber": "20", "source": "厚生労働省 医療情報ネットのオープンデータ (2026-06-01)", "_id": "3933395116220", "_座標の出典": "原データ"}}, {"type": "Feature", "geometry": {"type": "Point", "coordinates": [133.429111, 33.547921]}, "properties": {"amenity": "dentist", "healthcare": "dentist", "name": "臼歯会安岡診療所", "official_name": "臼歯会安岡診療所", "short_name": "安岡歯科", "name:ja-Hira": "きゅうしかいやすおかしんりょうしょ", "name:en": "YASUOKA DENTAL CLINIC", "opening_hours": "Mo,Tu,We,Fr 09:00-12:30,14:00-18:00; Th 09:00-12:30; Sa 09:00-12:00,13:00-17:00; PH off; Dec 30-Jan 03,Dec 24 off", "healthcare:speciality": "dentistry;dental_oral_maxillo_facial_surgery", "website": "http://hyddsukyulkiokvoe.p2.weblife.me/", "addr:full": "高知県吾川郡いの町新町３５番地", "addr:country": "JP", "addr:province": "高知県", "addr:county": "吾川郡", "addr:city": "いの町", "addr:neighbourhood": "新町", "source": "厚生労働省 医療情報ネットのオープンデータ (2026-06-01)", "_id": "3933395116510", "_座標の出典": "原データ"}}, {"type": "Feature", "geometry": {"type": "Point", "coordinates": [133.521744, 33.555173]}, "properties": {"amenity": "dentist", "healthcare": "dentist", "name": "西岡歯科", "official_name": "西岡歯科", "short_name": "西岡歯科", "name:ja-Hira": "にしおかしか", "name:en": "NISHIOKA DENTAL CLINIC", "opening_hours": "Th 09:00-01:00; Mo,Tu,We,Fr,Sa unknown; PH off; Dec 30-Jan 03,Aug 13-Aug 15 off", "healthcare:speciality": "dentistry", "addr:full": "高知県高知市上町", "addr:country": "JP", "addr:province": "高知県", "addr:city": "高知市", "source": "厚生労働省 医療情報ネットのオープンデータ (2026-06-01)", "_id": "3933395116770", "_座標の出典": "原データ"}}, {"type": "Feature", "geometry": {"type": "Point", "coordinates": [133.501824, 33.545487]}, "properties": {"amenity": "dentist", "healthcare": "dentist", "name": "橋村歯科診療所", "official_name": "橋村歯科診療所", "short_name": "橋村歯科診療所", "name:ja-Hira": "はしむらしかしんりょうしょ", "name:ja-Latn": "Hashimura Shika Shinryosho", "opening_hours": "Mo,Tu,We,Fr,Sa 09:00-12:00,14:00-18:00; PH off; Dec 29-Jan 03,Jul 18 off", "healthcare:speciality": "dentistry", "addr:full": "高知県高知市鴨部８９１－５　ＭＴビル２Ｆ", "addr:country": "JP", "addr:province": "高知県", "addr:city": "高知市", "addr:neighbourhood": "鴨部", "source": "厚生労働省 医療情報ネットのオープンデータ (2026-06-01)", "_id": "3933395116800", "_座標の出典": "原データ"}}, {"type": "Feature", "geometry": {"type": "Point", "coordinates": [133.597186, 33.571198]}, "properties": {"amenity": "dentist", "healthcare": "dentist", "name": "大津歯科医院", "official_name": "大津歯科医院", "short_name": "大津歯科", "name:ja-Hira": "おおつしかいいん", "name:ja-Latn": "Ootsu Sika", "opening_hours": "Mo,Tu,We,Fr,Sa 09:00-18:00; PH off; Dec 29-Jan 04,Aug 16 off", "healthcare:speciality": "dentistry;paediatric_dentistry", "addr:full": "高知県高知市大津乙", "addr:country": "JP", "addr:province": "高知県", "addr:city": "高知市", "addr:neighbourhood": "大津乙", "source": "厚生労働省 医療情報ネットのオープンデータ (2026-06-01)", "_id": "3933395117230", "_座標の出典": "原データ"}}, {"type": "Feature", "geometry": {"type": "Point", "coordinates": [133.552054, 33.550481]}, "properties": {"amenity": "dentist", "healthcare": "dentist", "name": "野本歯科診療所", "official_name": "野本歯科診療所", "short_name": "野本歯科診療所", "name:ja-Hira": "のもとしかしんりょうしょ", "name:ja-Latn": "Nomoto Shika Shinryosho", "opening_hours": "Mo,Tu,We,Fr,Sa 09:00-18:00; PH off; Dec 29-Jan 03 off", "healthcare:speciality": "dentistry", "addr:full": "高知県高知市潮新町２－１－２５　細川ビルＩＩ　２Ｆ", "addr:country": "JP", "addr:province": "高知県", "addr:city": "高知市", "addr:neighbourhood": "潮新町二丁目", "addr:block_number": "1", "addr:housenumber": "25", "source": "厚生労働省 医療情報ネットのオープンデータ (2026-06-01)", "_id": "3933395117520", "_座標の出典": "原データ"}}, {"type": "Feature", "geometry": {"type": "Point", "coordinates": [133.545248, 33.517698]}, "properties": {"amenity": "dentist", "healthcare": "dentist", "name": "池田歯科医院", "official_name": "池田歯科医院", "short_name": "池田歯科医院", "name:ja-Hira": "いけだしかいいん", "name:ja-Latn": "Ikeda Shika Iin", "opening_hours": "Mo,Tu,Th,Fr 09:00-12:00,14:00-18:00; We,Sa 09:00-12:00; PH off; Dec 29-Jan 04 off", "healthcare:speciality": "dentistry", "addr:full": "高知県高知市横浜東町１３－３９", "addr:country": "JP", "addr:province": "高知県", "addr:city": "高知市", "addr:neighbourhood": "横浜東町", "addr:block_number": "13", "addr:housenumber": "39", "source": "厚生労働省 医療情報ネットのオープンデータ (2026-06-01)", "_id": "3933395117940", "_座標の出典": "原データ"}}, {"type": "Feature", "geometry": {"type": "Point", "coordinates": [133.48545, 33.550604]}, "properties": {"amenity": "dentist", "healthcare": "dentist", "name": "上岡歯科医院", "official_name": "上岡歯科医院", "short_name": "上岡歯科医院", "name:ja-Hira": "かみおかしかいいん", "name:en": "Kamioka Dental Clinic", "opening_hours": "Mo,Tu,We,Fr,Sa 09:00-12:30,14:00-18:00; PH off; Dec 29-Jan 03 off", "healthcare:speciality": "dentistry;orthodontics;paediatric_dentistry", "addr:full": "高知県高知市曙町２丁目４番２５号", "addr:country": "JP", "addr:province": "高知県", "addr:city": "高知市", "addr:neighbourhood": "曙町二丁目", "addr:block_number": "4", "addr:housenumber": "25", "source": "厚生労働省 医療情報ネットのオープンデータ (2026-06-01)", "_id": "3933395118110", "_座標の出典": "原データ"}}, {"type": "Feature", "geometry": {"type": "Point", "coordinates": [133.560803, 33.563757]}, "properties": {"amenity": "dentist", "healthcare": "dentist", "name": "中山歯科医院", "official_name": "中山歯科医院", "short_name": "中山歯科医院", "name:ja-Hira": "なかやましかいいん", "name:en": "Nakayama Dental Clinic", "opening_hours": "Mo,Tu,Th,Fr 09:00-12:30,14:00-18:00; Sa 09:00-12:30,14:00-17:00; PH off; Dec 29-Jan 04,Aug 09-Aug 11 off", "healthcare:speciality": "dentistry;orthodontics;dental_oral_maxillo_facial_surgery;paediatric_dentistry", "addr:full": "高知県高知市札場１８番６号", "addr:country": "JP", "addr:province": "高知県", "addr:city": "高知市", "addr:neighbourhood": "札場", "addr:block_number": "18", "addr:housenumber": "6", "source": "厚生労働省 医療情報ネットのオープンデータ (2026-06-01)", "_id": "3933395118370", "_座標の出典": "原データ"}}, {"type": "Feature", "geometry": {"type": "Point", "coordinates": [133.545453, 33.549044]}, "properties": {"amenity": "dentist", "healthcare": "dentist", "name": "藤岡歯科医院", "official_name": "藤岡歯科医院", "short_name": "藤岡歯科", "name:ja-Hira": "ふじおかしかいいん", "name:en": "Fujioka Dental Clinic", "opening_hours": "Mo,Tu,We,Fr 09:00-12:00,14:00-19:00; Th,Sa 09:00-12:00; PH off; Dec 30-Jan 03 off", "healthcare:speciality": "dentistry", "addr:full": "高知県高知市百石町　２丁目９番６号", "addr:country": "JP", "addr:province": "高知県", "addr:city": "高知市", "addr:neighbourhood": "百石町二丁目", "addr:block_number": "9", "addr:housenumber": "6", "source": "厚生労働省 医療情報ネットのオープンデータ (2026-06-01)", "_id": "3933395118820", "_座標の出典": "原データ"}}, {"type": "Feature", "geometry": {"type": "Point", "coordinates": [133.522118, 33.564772]}, "properties": {"amenity": "dentist", "healthcare": "dentist", "name": "西内歯科医院", "official_name": "西内歯科医院", "short_name": "西内歯科", "name:ja-Hira": "にしうちしかいいん", "name:en": "Nishiuchi Dental Clinic", "opening_hours": "Mo,Tu,We,Fr 09:00-12:30,14:00-18:00; Sa 09:00-12:30,14:00-17:00; PH off; Jan 02-Jan 03,Dec 29-Dec 31 off", "healthcare:speciality": "dentistry;dental_oral_maxillo_facial_surgery;paediatric_dentistry", "website": "https://nishiuchi-dental-clinic.com/", "addr:full": "高知県高知市新屋敷１丁目８番７号", "addr:country": "JP", "addr:province": "高知県", "addr:city": "高知市", "addr:neighbourhood": "新屋敷一丁目", "addr:block_number": "8", "addr:housenumber": "7", "source": "厚生労働省 医療情報ネットのオープンデータ (2026-06-01)", "_id": "3933395119090", "_座標の出典": "原データ"}}, {"type": "Feature", "geometry": {"type": "Point", "coordinates": [133.558112, 33.558516]}, "properties": {"amenity": "dentist", "healthcare": "dentist", "name": "岸本歯科", "official_name": "岸本歯科", "short_name": "岸本歯科", "name:ja-Hira": "きしもとしか", "name:en": "kishimoto dental clinic", "opening_hours": "Mo,We,Fr,Sa 09:00-13:00,14:30-18:30; Tu 09:00-13:00,14:30-19:30; PH off; Dec 29-Jan 03,Aug 15-Aug 17 off", "healthcare:speciality": "dentistry;dental_oral_maxillo_facial_surgery;paediatric_dentistry", "website": "https://kishimotoshika.wixsite.com/kishimoto", "addr:full": "高知県高知市知寄町１の４の１７清涼ハイツ１階", "addr:country": "JP", "addr:province": "高知県", "addr:city": "高知市", "addr:neighbourhood": "知寄町一丁目", "addr:block_number": "4", "addr:housenumber": "17", "source": "厚生労働省 医療情報ネットのオープンデータ (2026-06-01)", "_id": "3933395119250", "_座標の出典": "原データ"}}, {"type": "Feature", "geometry": {"type": "Point", "coordinates": [133.537886, 33.566103]}, "properties": {"amenity": "dentist", "healthcare": "dentist", "name": "坂本歯科", "official_name": "坂本歯科", "short_name": "坂本歯科", "name:ja-Hira": "さかもと しか", "name:en": "Sakamoto Dental Clinic", "opening_hours": "Mo,Tu,We,Fr 09:00-12:30,14:00-18:00; Th 09:00-12:30; Sa 09:00-12:30,14:00-17:00; Th[1] off; Dec 29-Jan 03 off", "healthcare:speciality": "dentistry", "addr:full": "高知県高知市愛宕町１－５－８（２Ｆ）", "addr:country": "JP", "addr:province": "高知県", "addr:city": "高知市", "addr:neighbourhood": "愛宕町一丁目", "addr:block_number": "5", "addr:housenumber": "8", "source": "厚生労働省 医療情報ネットのオープンデータ (2026-06-01)", "_id": "3933395119540", "_座標の出典": "原データ"}}, {"type": "Feature", "geometry": {"type": "Point", "coordinates": [133.645412, 33.578829]}, "properties": {"amenity": "dentist", "healthcare": "dentist", "name": "西村歯科医院", "official_name": "西村歯科医院", "short_name": "西村歯科医院", "name:ja-Hira": "にしむらしかいいん", "name:en": "Nisimura Dental Clinic", "opening_hours": "Mo,Tu,We,Fr,Sa 09:00-12:30,14:00-18:30; PH off; Dec 29-Jan 03,Aug 14-Aug 15 off", "healthcare:speciality": "dentistry", "addr:full": "高知県南国市駅前町１丁目４番２０号", "addr:country": "JP", "addr:province": "高知県", "addr:city": "南国市", "addr:neighbourhood": "駅前町一丁目", "addr:block_number": "4", "addr:housenumber": "20", "source": "厚生労働省 医療情報ネットのオープンデータ (2026-06-01)", "_id": "3933395119700", "_座標の出典": "原データ"}}, {"type": "Feature", "geometry": {"type": "Point", "coordinates": [133.493013, 33.562855]}, "properties": {"amenity": "dentist", "healthcare": "dentist", "name": "岡本歯科医院", "official_name": "岡本歯科医院", "short_name": "岡本歯科医院", "name:ja-Hira": "おかもとしかいいん", "name:en": "Okamoto Dental Clinic", "opening_hours": "Mo,Tu,We,Fr 09:00-12:00,14:00-19:00; Sa 09:00-12:00,13:00-17:00; PH off; Dec 27-Jan 03 off", "healthcare:speciality": "dentistry;dental_oral_maxillo_facial_surgery;paediatric_dentistry", "addr:full": "高知県高知市塚ノ原９８－４", "addr:country": "JP", "addr:province": "高知県", "addr:city": "高知市", "addr:neighbourhood": "塚ノ原", "source": "厚生労働省 医療情報ネットのオープンデータ (2026-06-01)", "_id": "3933395119960", "_座標の出典": "原データ"}}, {"type": "Feature", "geometry": {"type": "Point", "coordinates": [133.541611, 33.539298]}, "properties": {"amenity": "dentist", "healthcare": "dentist", "name": "六泉寺歯科", "official_name": "六泉寺歯科", "short_name": "六泉寺歯科", "name:ja-Hira": "ろくせんじしか", "name:en": "Rokusenji Dental Clinic", "opening_hours": "Mo,We,Fr 09:00-12:30,14:00-18:00; Tu 09:00-12:30,14:00-17:30; Sa 09:00-12:30,14:00-17:00; PH off; Dec 29-Jan 03 off", "healthcare:speciality": "dentistry;paediatric_dentistry", "website": "https://rokusenji-shika.com/", "addr:full": "高知県高知市六泉寺町１５－１３", "addr:country": "JP", "addr:province": "高知県", "addr:city": "高知市", "addr:neighbourhood": "六泉寺町", "source": "厚生労働省 医療情報ネットのオープンデータ (2026-06-01)", "_id": "3933395120070", "_座標の出典": "原データ"}}, {"type": "Feature", "geometry": {"type": "Point", "coordinates": [133.572518, 33.558539]}, "properties": {"amenity": "dentist", "healthcare": "dentist", "name": "鬼谷歯科医院", "official_name": "鬼谷歯科医院", "short_name": "鬼谷歯科", "name:ja-Hira": "おにたにしかいいん", "name:en": "Onitani Dental Clinic", "opening_hours": "Mo,Tu,We,Fr 09:00-12:30,14:00-18:00; Sa 09:00-12:30,14:00-17:00; PH off; Dec 29-Jan 03,Dec 24 off", "healthcare:speciality": "dentistry;dental_oral_maxillo_facial_surgery", "addr:full": "高知県高知市葛島１－１０－７５ファミリープラザ２階", "addr:country": "JP", "addr:province": "高知県", "addr:city": "高知市", "addr:neighbourhood": "葛島一丁目", "addr:block_number": "10", "addr:housenumber": "75", "source": "厚生労働省 医療情報ネットのオープンデータ (2026-06-01)", "_id": "3933395120100", "_座標の出典": "原データ"}}, {"type": "Feature", "geometry": {"type": "Point", "coordinates": [133.647383, 33.569477]}, "properties": {"amenity": "dentist", "healthcare": "dentist", "name": "みもと歯科医院", "official_name": "みもと歯科医院", "short_name": "みもと歯科医院", "name:ja-Hira": "みもとしかいいん", "opening_hours": "Mo,Tu,We,Th,Fr 09:00-12:30,14:00-18:00; Sa 09:00-12:00", "healthcare:speciality": "dentistry;orthodontics;paediatric_dentistry", "addr:full": "高知県南国市大そね甲１５１５", "addr:country": "JP", "addr:province": "高知県", "addr:city": "南国市", "source": "厚生労働省 医療情報ネットのオープンデータ (2026-06-01)", "_id": "3933395120230", "_座標の出典": "原データ"}}, {"type": "Feature", "geometry": {"type": "Point", "coordinates": [133.543783, 33.5467]}, "properties": {"amenity": "dentist", "healthcare": "dentist", "name": "きよとお歯科", "official_name": "きよとお歯科", "short_name": "きよとお歯科", "name:ja-Hira": "きよとおしか", "name:en": "Kiyotoo Dental Clinic", "opening_hours": "Mo,Tu,We,Fr 09:00-18:00; Th,Sa 09:00-12:30; PH off; Dec 30-Jan 03 off", "healthcare:speciality": "dentistry", "addr:full": "高知県高知市百石町２丁目２９－１２", "addr:country": "JP", "addr:province": "高知県", "addr:city": "高知市", "addr:neighbourhood": "百石町二丁目", "addr:block_number": "29", "addr:housenumber": "12", "source": "厚生労働省 医療情報ネットのオープンデータ (2026-06-01)", "_id": "3933395120490", "_座標の出典": "原データ"}}, {"type": "Feature", "geometry": {"type": "Point", "coordinates": [133.553441, 33.547439]}, "properties": {"amenity": "dentist", "healthcare": "dentist", "name": "ありた歯科", "official_name": "ありた歯科", "short_name": "ありた歯科", "name:ja-Hira": "ありたしか", "name:ja-Latn": "Aritashika", "opening_hours": "Mo,Tu,Th,Fr,Sa 09:00-12:30,14:00-18:00; PH off; Dec 29-Jan 04 off", "healthcare:speciality": "dentistry", "website": "http://www.arita-dc.net", "addr:full": "高知県高知市潮新町２－１２－３４", "addr:country": "JP", "addr:province": "高知県", "addr:city": "高知市", "addr:neighbourhood": "潮新町二丁目", "addr:block_number": "12", "addr:housenumber": "34", "source": "厚生労働省 医療情報ネットのオープンデータ (2026-06-01)", "_id": "3933395120520", "_座標の出典": "原データ"}}, {"type": "Feature", "geometry": {"type": "Point", "coordinates": [133.510727, 33.543645]}, "properties": {"amenity": "dentist", "healthcare": "dentist", "name": "神田歯科クリニック", "official_name": "医療法人　吉野会　神田歯科クリニック", "short_name": "神田歯科クリニック", "name:en": "Koda Dental Clinic", "opening_hours": "Mo,Tu,We,Th,Fr 09:00-13:00,14:30-18:30; Sa 09:00-13:30,14:30-18:00; PH off; Dec 29-Jan 03 off", "healthcare:speciality": "dentistry;dental_oral_maxillo_facial_surgery", "website": "https://www.koda-dc.com", "addr:full": "高知県高知市神田", "addr:country": "JP", "addr:province": "高知県", "addr:city": "高知市", "addr:neighbourhood": "神田", "source": "厚生労働省 医療情報ネットのオープンデータ (2026-06-01)", "_id": "3933395120650", "_座標の出典": "原データ"}}, {"type": "Feature", "geometry": {"type": "Point", "coordinates": [133.524828, 33.572106]}, "properties": {"amenity": "dentist", "healthcare": "dentist", "name": "宮川歯科医院", "official_name": "宮川歯科医院", "short_name": "宮川歯科医院", "name:ja-Hira": "みやがわしかいいん", "name:ja-Latn": "Miyagawashikaiin", "opening_hours": "Mo,Tu,We,Fr,Sa 09:00-12:30,14:00-18:00; PH off; Dec 28-Jan 03 off", "healthcare:speciality": "dentistry", "website": "http://www.ne.jp/asahi/miyagawa/dentalclinic/", "addr:full": "高知県高知市中久万２２３－１", "addr:country": "JP", "addr:province": "高知県", "addr:city": "高知市", "addr:neighbourhood": "中久万", "source": "厚生労働省 医療情報ネットのオープンデータ (2026-06-01)", "_id": "3933395120780", "_座標の出典": "原データ"}}, {"type": "Feature", "geometry": {"type": "Point", "coordinates": [133.545828, 33.546881]}, "properties": {"amenity": "dentist", "healthcare": "dentist", "name": "森澤歯科医院", "official_name": "森澤歯科医院", "short_name": "森澤歯科医院", "name:ja-Hira": "もりさわしかいいん", "opening_hours": "Mo,Tu,We,Fr,Sa 09:30-12:30,14:00-18:30; Dec 29-Jan 03 off", "healthcare:speciality": "dentistry;orthodontics;paediatric_dentistry", "addr:full": "高知県高知市桟橋通２－１０－４", "addr:country": "JP", "addr:province": "高知県", "addr:city": "高知市", "addr:neighbourhood": "桟橋通二丁目", "addr:block_number": "10", "addr:housenumber": "4", "source": "厚生労働省 医療情報ネットのオープンデータ (2026-06-01)", "_id": "3933395121110", "_座標の出典": "原データ"}}, {"type": "Feature", "geometry": {"type": "Point", "coordinates": [133.515688, 33.551166]}, "properties": {"amenity": "dentist", "healthcare": "dentist", "name": "のむら歯科", "official_name": "のむら歯科", "short_name": "のむら歯科", "name:ja-Hira": "のむらしか", "name:en": "Nomura Dental Clinic", "opening_hours": "Mo,Tu,Th,Fr,Sa 09:30-18:30; PH off", "healthcare:speciality": "dentistry;paediatric_dentistry", "addr:full": "高知県高知市城山町１０－６", "addr:country": "JP", "addr:province": "高知県", "addr:city": "高知市", "addr:neighbourhood": "城山町", "source": "厚生労働省 医療情報ネットのオープンデータ (2026-06-01)", "_id": "3933395121370", "_座標の出典": "原データ"}}, {"type": "Feature", "geometry": {"type": "Point", "coordinates": [133.595897, 33.57169]}, "properties": {"amenity": "dentist", "healthcare": "dentist", "name": "オオニシ歯科", "official_name": "オオニシ歯科", "short_name": "オオニシ歯科", "name:ja-Hira": "おおにししか", "name:en": "OHNISHI Dental Clinic", "opening_hours": "Mo,Tu,We,Fr 09:00-12:00,13:30-18:00; Sa 08:30-13:00; PH off; Dec 29-Jan 03 off", "healthcare:speciality": "dentistry", "website": "http://www.866-0024.com/", "addr:full": "高知県高知市大津乙", "addr:country": "JP", "addr:province": "高知県", "addr:city": "高知市", "addr:neighbourhood": "大津乙", "source": "厚生労働省 医療情報ネットのオープンデータ (2026-06-01)", "_id": "3933395121400", "_座標の出典": "原データ"}}, {"type": "Feature", "geometry": {"type": "Point", "coordinates": [133.535308, 33.560666]}, "properties": {"amenity": "dentist", "healthcare": "dentist", "name": "たかはし矯正歯科", "official_name": "たかはし矯正歯科", "short_name": "たかはし矯正歯科", "name:ja-Hira": "たかはしきょうせいしか", "name:en": "Takahashi Orthodontic Clinic", "opening_hours": "Mo,Tu,We,Fr,Sa 09:30-12:30,14:00-18:00; PH off; Dec 29-Jan 03,Aug 10-Aug 12 off", "healthcare:speciality": "orthodontics", "website": "http://www.takahashi-kyosei.com/", "addr:full": "高知県高知市追手筋２丁目５番１１号", "addr:country": "JP", "addr:province": "高知県", "addr:city": "高知市", "addr:neighbourhood": "追手筋二丁目", "addr:block_number": "5", "addr:housenumber": "11", "source": "厚生労働省 医療情報ネットのオープンデータ (2026-06-01)", "_id": "3933395121530", "_座標の出典": "原データ"}}, {"type": "Feature", "geometry": {"type": "Point", "coordinates": [133.500781, 33.566302]}, "properties": {"amenity": "dentist", "healthcare": "dentist", "name": "ふじい小児・矯正歯科クリニック", "official_name": "ふじい小児・矯正歯科クリニック", "short_name": "ふじい歯科クリニック", "name:ja-Hira": "ふじいしょうにきょうせいしかくりにっく", "name:en": "Fujii Dental Clinic", "opening_hours": "We 09:30-12:30,14:30-18:30; Sa 09:30-12:30,14:00-18:00; PH off; Dec 29-Jan 03 off", "healthcare:speciality": "dentistry;orthodontics;paediatric_dentistry", "addr:full": "高知県高知市横内４５７－１", "addr:country": "JP", "addr:province": "高知県", "addr:city": "高知市", "addr:neighbourhood": "横内", "source": "厚生労働省 医療情報ネットのオープンデータ (2026-06-01)", "_id": "3933395121660", "_座標の出典": "原データ"}}, {"type": "Feature", "geometry": {"type": "Point", "coordinates": [133.49288, 33.540968]}, "properties": {"amenity": "dentist", "healthcare": "dentist", "name": "井上歯科医院", "official_name": "井上歯科医院", "short_name": "井上歯科", "name:ja-Hira": "いのうえしかいいん", "name:en": "INOUE Dental Clinic", "opening_hours": "Mo,Tu,We,Fr 09:30-13:30,15:00-18:00; Th 09:30-13:30; Sa 09:30-13:00,14:00-16:00; PH off; Dec 30-Jan 04,Aug 12-Aug 15,Dec 24 off", "healthcare:speciality": "dentistry;orthodontics;paediatric_dentistry", "addr:full": "高知県高知市朝倉甲藤原ビル２階", "addr:country": "JP", "addr:province": "高知県", "addr:city": "高知市", "addr:neighbourhood": "朝倉甲", "source": "厚生労働省 医療情報ネットのオープンデータ (2026-06-01)", "_id": "3933395121790", "_座標の出典": "原データ"}}, {"type": "Feature", "geometry": {"type": "Point", "coordinates": [133.536731, 33.57884]}, "properties": {"amenity": "dentist", "healthcare": "dentist", "name": "秦泉寺歯科医院", "official_name": "秦泉寺歯科医院", "short_name": "秦泉寺歯科", "name:ja-Hira": "じんぜんじしかいいん", "opening_hours": "Mo,Tu,We,Fr,Sa 09:00-12:30,14:00-18:00; PH off; Dec 30-Jan 03 off", "healthcare:speciality": "dentistry", "website": "http://www.jnznj-dc.com/", "addr:full": "高知県高知市中秦泉寺４５－２Ｆ", "addr:country": "JP", "addr:province": "高知県", "addr:city": "高知市", "addr:neighbourhood": "中秦泉寺", "source": "厚生労働省 医療情報ネットのオープンデータ (2026-06-01)", "_id": "3933395121820", "_座標の出典": "原データ"}}, {"type": "Feature", "geometry": {"type": "Point", "coordinates": [133.541027, 33.560477]}, "properties": {"amenity": "dentist", "healthcare": "dentist", "name": "藤崎歯科医院", "official_name": "藤崎歯科医院", "short_name": "藤崎歯科", "name:ja-Hira": "ふじさきしかいいん", "name:en": "Fujisaki Dental Clinic", "opening_hours": "Mo,Tu,Th,Fr,Sa 09:00-12:00,14:00-18:00; PH off; Dec 31-Jan 03 off", "healthcare:speciality": "dentistry", "addr:full": "高知県高知市帯屋町１丁目７番１８号", "addr:country": "JP", "addr:province": "高知県", "addr:city": "高知市", "addr:neighbourhood": "帯屋町一丁目", "addr:block_number": "7", "addr:housenumber": "18", "source": "厚生労働省 医療情報ネットのオープンデータ (2026-06-01)", "_id": "3933395121950", "_座標の出典": "原データ"}}, {"type": "Feature", "geometry": {"type": "Point", "coordinates": [133.518474, 33.556034]}, "properties": {"amenity": "dentist", "healthcare": "dentist", "name": "いのべ歯科医院", "official_name": "いのべ歯科医院", "short_name": "いのべ歯科医院", "name:ja-Hira": "いのべ しかいいん", "name:en": "Inobe Dental Office", "opening_hours": "Mo,Th,Fr 09:00-13:00,14:30-18:00; Tu 09:00-13:00,14:30-18:30; We 09:00-13:00,14:00-17:00; Sa 09:00-13:00,14:00-17:30; PH off; Jan 01-Jan 03,Dec 03,Dec 29-Dec 30 off", "healthcare:speciality": "dentistry", "addr:full": "高知県高知市上町５丁目６－７", "addr:country": "JP", "addr:province": "高知県", "addr:city": "高知市", "addr:neighbourhood": "上町五丁目", "addr:block_number": "6", "addr:housenumber": "7", "source": "厚生労働省 医療情報ネットのオープンデータ (2026-06-01)", "_id": "3933395122090", "_座標の出典": "原データ"}}, {"type": "Feature", "geometry": {"type": "Point", "coordinates": [133.542733, 33.553527]}, "properties": {"amenity": "dentist", "healthcare": "dentist", "name": "岩田歯科診療所", "official_name": "岩田歯科診療所", "short_name": "岩田歯科", "name:ja-Hira": "いわたしかしんりょうしょ", "name:en": "Iwata Dental Clinic(Iwata Shika)", "opening_hours": "Mo,Tu,Th,Fr 09:00-12:30,13:30-17:30; We 09:00-12:30,13:30-15:00; Sa 09:00-12:00; PH off; Jan 02,Feb 06,Aug 10,Dec 29-Dec 31 off", "healthcare:speciality": "dentistry", "addr:full": "高知県高知市梅ノ辻９－１８", "addr:country": "JP", "addr:province": "高知県", "addr:city": "高知市", "addr:neighbourhood": "梅ノ辻", "addr:block_number": "9", "addr:housenumber": "18", "source": "厚生労働省 医療情報ネットのオープンデータ (2026-06-01)", "_id": "3933395122120", "_座標の出典": "原データ"}}, {"type": "Feature", "geometry": {"type": "Point", "coordinates": [133.547307, 33.56894]}, "properties": {"amenity": "dentist", "healthcare": "dentist", "name": "津田歯科", "official_name": "津田歯科", "short_name": "津田歯科", "name:ja-Hira": "つだ しか", "name:en": "tsuda dental office", "healthcare:speciality": "dentistry", "addr:full": "高知県高知市新本町２丁目１３－４６", "addr:country": "JP", "addr:province": "高知県", "addr:city": "高知市", "addr:neighbourhood": "新本町二丁目", "addr:block_number": "13", "addr:housenumber": "46", "source": "厚生労働省 医療情報ネットのオープンデータ (2026-06-01)", "_id": "3933395122250", "_座標の出典": "原データ"}}, {"type": "Feature", "geometry": {"type": "Point", "coordinates": [133.52906, 33.569476]}, "properties": {"amenity": "dentist", "healthcare": "dentist", "name": "まえだ歯科", "official_name": "まえだ歯科", "short_name": "まえだ歯科", "name:ja-Hira": "まえだしか", "name:en": "Maeda Dental Clinic", "opening_hours": "Mo,Tu,We,Fr 09:00-12:30,14:00-18:30; Sa 09:00-12:30,14:00-17:30; PH off; Dec 30-Jan 03 off", "healthcare:speciality": "dentistry", "addr:full": "高知県高知市伊勢崎町１１－７", "addr:country": "JP", "addr:province": "高知県", "addr:city": "高知市", "addr:neighbourhood": "伊勢崎町", "addr:block_number": "11", "addr:housenumber": "7", "source": "厚生労働省 医療情報ネットのオープンデータ (2026-06-01)", "_id": "3933395122380", "_座標の出典": "原データ"}}, {"type": "Feature", "geometry": {"type": "Point", "coordinates": [133.447309, 33.530212]}, "properties": {"amenity": "dentist", "healthcare": "dentist", "name": "安光歯科", "official_name": "安光歯科", "short_name": "安光歯科", "name:ja-Hira": "やすみつしか", "name:en": "Yasumitsu Dental Clinic", "opening_hours": "Mo,Th,Fr 09:00-12:30,14:30-18:30; Tu,Sa 09:00-12:30,14:00-17:00; PH off; Dec 30-Jan 03 off", "healthcare:speciality": "dentistry;orthodontics;dental_oral_maxillo_facial_surgery;paediatric_dentistry", "addr:full": "高知県吾川郡いの町天王南２丁目１－１", "addr:country": "JP", "addr:province": "高知県", "addr:county": "吾川郡", "addr:city": "いの町", "addr:neighbourhood": "天王南二丁目", "source": "厚生労働省 医療情報ネットのオープンデータ (2026-06-01)", "_id": "3933395122670", "_座標の出典": "原データ"}}, {"type": "Feature", "geometry": {"type": "Point", "coordinates": [133.593053, 33.559964]}, "properties": {"amenity": "dentist", "healthcare": "dentist", "name": "森本歯科医院", "official_name": "森本歯科医院", "short_name": "森本歯科", "name:ja-Hira": "もりもとしかいいん", "name:en": "Morimoto Dental Clinic", "opening_hours": "Mo,Tu,Fr 09:00-12:30,14:00-18:30; We 09:00-12:30,14:00-17:00; Sa 09:00-12:30,14:00-16:30; PH off; Dec 29-Jan 03,Aug 13-Aug 15,Dec 24 off", "healthcare:speciality": "dentistry", "addr:full": "高知県高知市高須東町７－１５", "addr:country": "JP", "addr:province": "高知県", "addr:city": "高知市", "addr:neighbourhood": "高須東町", "addr:block_number": "7", "addr:housenumber": "15", "source": "厚生労働省 医療情報ネットのオープンデータ (2026-06-01)", "_id": "3933395122700", "_座標の出典": "原データ"}}, {"type": "Feature", "geometry": {"type": "Point", "coordinates": [133.555759, 33.561158]}, "properties": {"amenity": "dentist", "healthcare": "dentist", "name": "西山歯科", "official_name": "西山歯科", "short_name": "西山歯科", "name:ja-Hira": "にしやましか", "name:en": "nishiyama dental clinic", "opening_hours": "Mo,Tu,We,Fr 09:00-18:00; Sa 09:00-17:00; PH off; Dec 28-Jan 03 off", "healthcare:speciality": "dentistry", "addr:full": "高知県高知市日の出町４－１０", "addr:country": "JP", "addr:province": "高知県", "addr:city": "高知市", "addr:neighbourhood": "日の出町", "addr:block_number": "4", "addr:housenumber": "10", "source": "厚生労働省 医療情報ネットのオープンデータ (2026-06-01)", "_id": "3933395122960", "_座標の出典": "原データ"}}, {"type": "Feature", "geometry": {"type": "Point", "coordinates": [133.478634, 33.53749]}, "properties": {"amenity": "dentist", "healthcare": "dentist", "name": "前田歯科医院", "official_name": "前田歯科医院", "short_name": "前田歯科医院", "name:ja-Hira": "まえだしかいいん", "name:en": "Maeda Dental Clinic", "opening_hours": "Mo,Tu,We,Fr,Sa 09:00-12:30,14:00-18:00; PH off; Dec 29-Jan 03 off", "healthcare:speciality": "dentistry", "addr:full": "高知県高知市朝倉西町２丁目１６番１２号　アーネスト針木２１７号", "addr:country": "JP", "addr:province": "高知県", "addr:city": "高知市", "addr:neighbourhood": "朝倉西町二丁目", "addr:block_number": "16", "addr:housenumber": "12", "source": "厚生労働省 医療情報ネットのオープンデータ (2026-06-01)", "_id": "3933395123000", "_座標の出典": "原データ"}}, {"type": "Feature", "geometry": {"type": "Point", "coordinates": [133.427708, 33.548671]}, "properties": {"amenity": "dentist", "healthcare": "dentist", "name": "大原歯科医院", "official_name": "大原歯科医院", "short_name": "大原歯科", "name:ja-Hira": "おおはらしかいいん", "name:ja-Latn": "Ooharashikaiinn", "opening_hours": "Mo,Tu,We,Fr,Sa 08:30-12:00,13:30-18:00; PH off; Dec 30-Jan 03,Dec 24 off", "healthcare:speciality": "dentistry", "website": "https://ohara-dent.com", "addr:full": "高知県吾川郡いの町３６３０", "addr:country": "JP", "addr:province": "高知県", "addr:county": "吾川郡", "addr:city": "いの町", "source": "厚生労働省 医療情報ネットのオープンデータ (2026-06-01)", "_id": "3933395123130", "_座標の出典": "原データ"}}, {"type": "Feature", "geometry": {"type": "Point", "coordinates": [133.584611, 33.559477]}, "properties": {"amenity": "dentist", "healthcare": "dentist", "name": "あさぎ歯科医院", "official_name": "あさぎ歯科医院", "short_name": "あさぎ歯科医院", "name:ja-Hira": "あさぎしかいいん", "name:en": "Asagi Dental Clinic", "opening_hours": "Mo,Tu,We,Fr 09:30-12:30,14:00-18:00; Sa 09:30-12:30,14:00-16:00; PH off; Dec 31-Jan 03,Aug 15 off", "healthcare:speciality": "dentistry", "addr:full": "高知県高知市高須２－３－５０", "addr:country": "JP", "addr:province": "高知県", "addr:city": "高知市", "addr:neighbourhood": "高須二丁目", "addr:block_number": "3", "addr:housenumber": "50", "source": "厚生労働省 医療情報ネットのオープンデータ (2026-06-01)", "_id": "3933395123260", "_座標の出典": "原データ"}}, {"type": "Feature", "geometry": {"type": "Point", "coordinates": [133.498231, 33.543365]}, "properties": {"amenity": "dentist", "healthcare": "dentist", "name": "岡本歯科", "official_name": "岡本歯科", "short_name": "岡本歯科", "name:ja-Hira": "おかもとしか", "name:en": "Okamoto Dental Clinic", "opening_hours": "Mo,Tu,We,Th,Fr 09:00-13:00,14:30-18:30; PH off; Dec 29-Jan 03,Aug 12-Aug 15 off", "healthcare:speciality": "dentistry;orthodontics", "website": "https://dental-okamoto.com/", "addr:full": "高知県高知市朝倉甲８６−４", "addr:country": "JP", "addr:province": "高知県", "addr:city": "高知市", "addr:neighbourhood": "朝倉甲", "source": "厚生労働省 医療情報ネットのオープンデータ (2026-06-01)", "_id": "3933395123420", "_座標の出典": "原データ"}}, {"type": "Feature", "geometry": {"type": "Point", "coordinates": [133.543619, 33.550111]}, "properties": {"amenity": "dentist", "healthcare": "dentist", "name": "はまだ子ども歯科矯正歯科", "official_name": "はまだ子ども歯科矯正歯科", "short_name": "はまだ子ども歯科矯正歯科", "name:ja-Hira": "はまだこどもしかきょうせいしか", "name:en": "Hamada Dental Clinic For Children", "opening_hours": "Mo,We,Fr 10:30-13:00,14:30-19:00; Sa 09:00-13:00,14:30-19:00; Su 09:00-13:00,14:00-17:30; Su[3,5] off; Dec 30-Jan 03 off", "healthcare:speciality": "orthodontics;paediatric_dentistry", "website": "http://www.hamada-ddsc.jp/index.html", "addr:full": "高知県高知市百石町１－１５－１５", "addr:country": "JP", "addr:province": "高知県", "addr:city": "高知市", "addr:neighbourhood": "百石町一丁目", "addr:block_number": "15", "addr:housenumber": "15", "source": "厚生労働省 医療情報ネットのオープンデータ (2026-06-01)", "_id": "3933395123550", "_座標の出典": "原データ"}}, {"type": "Feature", "geometry": {"type": "Point", "coordinates": [133.53995, 33.558307]}, "properties": {"amenity": "dentist", "healthcare": "dentist", "name": "かっとう歯科", "official_name": "かっとう歯科", "short_name": "かっとう歯科", "name:ja-Hira": "かっとうしか", "name:en": "Katto Dental Office", "opening_hours": "Mo,Tu,We,Th,Fr 09:00-12:00,13:00-17:30; PH off; Dec 30-Jan 03 off", "healthcare:speciality": "dentistry", "addr:full": "高知県高知市本町１－７－１４", "addr:country": "JP", "addr:province": "高知県", "addr:city": "高知市", "addr:neighbourhood": "本町一丁目", "addr:block_number": "7", "addr:housenumber": "14", "source": "厚生労働省 医療情報ネットのオープンデータ (2026-06-01)", "_id": "3933395123680", "_座標の出典": "原データ"}}, {"type": "Feature", "geometry": {"type": "Point", "coordinates": [133.539905, 33.566181]}, "properties": {"amenity": "dentist", "healthcare": "dentist", "name": "吉川歯科医院", "official_name": "吉川歯科医院", "short_name": "吉川歯科医院", "name:ja-Hira": "よしかわしかいいん", "name:ja-Latn": "Yosikawasikaiin", "opening_hours": "Mo,Tu,We,Fr,Sa 09:00-17:00; PH off; Dec 29-Jan 03,Aug 11 off", "healthcare:speciality": "dentistry", "addr:full": "高知県高知市北本町１－７－１８", "addr:country": "JP", "addr:province": "高知県", "addr:city": "高知市", "addr:neighbourhood": "北本町一丁目", "addr:block_number": "7", "addr:housenumber": "18", "source": "厚生労働省 医療情報ネットのオープンデータ (2026-06-01)", "_id": "3933395123840", "_座標の出典": "原データ"}}, {"type": "Feature", "geometry": {"type": "Point", "coordinates": [133.534216, 33.518281]}, "properties": {"amenity": "dentist", "healthcare": "dentist", "name": "横浜ニュータウンくぼ歯科", "official_name": "横浜ニュータウンくぼ歯科", "short_name": "横浜ニュータウンくぼ歯科", "name:ja-Hira": "よこはまにゅーたうんくぼしか", "name:ja-Latn": "Yokohamanyu-taunkuboshika", "opening_hours": "Mo,Tu,We,Fr,Sa 09:00-12:30,14:00-18:00; PH off; Dec 30-Jan 03,Aug 13-Aug 14 off", "healthcare:speciality": "dentistry;paediatric_dentistry", "addr:full": "高知県高知市横浜新町３丁目１１８", "addr:country": "JP", "addr:province": "高知県", "addr:city": "高知市", "addr:neighbourhood": "横浜新町三丁目", "source": "厚生労働省 医療情報ネットのオープンデータ (2026-06-01)", "_id": "3933395123970", "_座標の出典": "原データ"}}, {"type": "Feature", "geometry": {"type": "Point", "coordinates": [133.538355, 33.57428]}, "properties": {"amenity": "dentist", "healthcare": "dentist", "name": "安田歯科", "official_name": "安田歯科", "short_name": "安田歯科", "name:ja-Hira": "やすだしか", "name:ja-Latn": "Yasuda Shika", "opening_hours": "Mo,Tu,We,Fr,Sa 09:00-18:00; PH off; Dec 30-Jan 04 off", "healthcare:speciality": "dentistry;paediatric_dentistry", "addr:full": "高知県高知市愛宕山南町３－９", "addr:country": "JP", "addr:province": "高知県", "addr:city": "高知市", "addr:neighbourhood": "愛宕山南町", "addr:block_number": "3", "addr:housenumber": "9", "source": "厚生労働省 医療情報ネットのオープンデータ (2026-06-01)", "_id": "3933395124010", "_座標の出典": "原データ"}}, {"type": "Feature", "geometry": {"type": "Point", "coordinates": [133.505023, 33.55534]}, "properties": {"amenity": "dentist", "healthcare": "dentist", "name": "大野歯科", "official_name": "医療法人　口誠会　大野歯科", "short_name": "大野歯科", "opening_hours": "Mo,Tu,We,Fr,Sa 09:00-13:00,14:00-19:00; PH off; Dec 30-Jan 03,Aug 10-Aug 11 off", "healthcare:speciality": "dentistry", "website": "http://www.ohno-dental.net/", "addr:full": "高知県高知市旭町３丁目６７番地１", "addr:country": "JP", "addr:province": "高知県", "addr:city": "高知市", "addr:neighbourhood": "旭町三丁目", "source": "厚生労働省 医療情報ネットのオープンデータ (2026-06-01)", "_id": "3933395124140", "_座標の出典": "原データ"}}, {"type": "Feature", "geometry": {"type": "Point", "coordinates": [133.483187, 33.535635]}, "properties": {"amenity": "dentist", "healthcare": "dentist", "name": "大西歯科", "official_name": "大西歯科", "short_name": "大西歯科", "name:ja-Hira": "おおにししか", "name:ja-Latn": "Onishi Shika", "opening_hours": "Mo,Tu,We,Fr 09:00-18:45; Sa 09:00-17:30; PH off; Dec 30-Jan 04,Aug 14-Aug 16 off", "healthcare:speciality": "dentistry", "addr:full": "高知県高知市槇山町１３番５号", "addr:country": "JP", "addr:province": "高知県", "addr:city": "高知市", "source": "厚生労働省 医療情報ネットのオープンデータ (2026-06-01)", "_id": "3933395124300", "_座標の出典": "原データ"}}, {"type": "Feature", "geometry": {"type": "Point", "coordinates": [133.516607, 33.504953]}, "properties": {"amenity": "dentist", "healthcare": "dentist", "name": "広田歯科医院", "official_name": "広田歯科医院", "short_name": "広田歯科医院", "name:ja-Hira": "ひろたしかいいん", "name:ja-Latn": "Hirotashikaiin", "opening_hours": "Mo,Tu,We,Fr,Sa 08:30-12:30,14:00-18:00; PH off; Dec 30-Jan 03 off", "healthcare:speciality": "dentistry;dental_oral_maxillo_facial_surgery;paediatric_dentistry", "website": "http://hirotashika.la.coocan.jp", "addr:full": "高知県高知市春野町芳原３４０１", "addr:country": "JP", "addr:province": "高知県", "addr:city": "高知市", "addr:neighbourhood": "春野町芳原", "source": "厚生労働省 医療情報ネットのオープンデータ (2026-06-01)", "_id": "3933395124560", "_座標の出典": "原データ"}}, {"type": "Feature", "geometry": {"type": "Point", "coordinates": [133.537494, 33.574758]}, "properties": {"amenity": "dentist", "healthcare": "dentist", "name": "松木歯科医院", "official_name": "松木歯科医院", "short_name": "松木歯科医院", "name:ja-Hira": "まつぎしかいいん", "name:en": "Matsugi DentalClinic", "opening_hours": "Mo,We,Fr 09:00-12:00,14:00-18:00; Tu 10:00-12:00,14:00-18:00; Sa 09:00-12:00,14:00-17:00; PH off; Dec 27-Jan 03 off", "healthcare:speciality": "dentistry", "addr:full": "高知県高知市愛宕町４－１３－４", "addr:country": "JP", "addr:province": "高知県", "addr:city": "高知市", "addr:neighbourhood": "愛宕町四丁目", "addr:block_number": "13", "addr:housenumber": "4", "source": "厚生労働省 医療情報ネットのオープンデータ (2026-06-01)", "_id": "3933395124690", "_座標の出典": "原データ"}}, {"type": "Feature", "geometry": {"type": "Point", "coordinates": [133.542075, 33.549572]}, "properties": {"amenity": "dentist", "healthcare": "dentist", "name": "潮江歯科クリニック", "official_name": "医療法人社団圭翔会　潮江歯科クリニック", "short_name": "潮江歯科クリニック", "name:en": "Ushioe Shika Clinic", "opening_hours": "Mo,Tu,Th,Fr 09:00-11:00,13:30-20:00; We 09:00-11:00,17:00-20:00; Sa,PH 09:00-12:00,14:30-16:30; Su 09:00-12:00,14:30-17:30; Jan 01-Jan 03 off", "healthcare:speciality": "dentistry", "addr:full": "高知県高知市塩屋崎町２－１－１", "addr:country": "JP", "addr:province": "高知県", "addr:city": "高知市", "addr:neighbourhood": "塩屋崎町二丁目", "addr:block_number": "1", "addr:housenumber": "1", "source": "厚生労働省 医療情報ネットのオープンデータ (2026-06-01)", "_id": "3933395124850", "_座標の出典": "原データ"}}, {"type": "Feature", "geometry": {"type": "Point", "coordinates": [133.560842, 33.558208]}, "properties": {"amenity": "dentist", "healthcare": "dentist", "name": "つつい歯科", "official_name": "つつい歯科", "short_name": "つつい歯科", "name:ja-Hira": "つついしか", "name:en": "TSUTSUI Dental Clinic TSUTSUI Shika", "opening_hours": "Mo,Tu,We,Fr,Sa 09:00-18:30; PH off; Dec 30-Jan 03 off", "healthcare:speciality": "dentistry;orthodontics;dental_oral_maxillo_facial_surgery;paediatric_dentistry", "addr:full": "高知県高知市知寄町２－２－４１知寄町マンション１Ｆ", "addr:country": "JP", "addr:province": "高知県", "addr:city": "高知市", "addr:neighbourhood": "知寄町二丁目", "addr:block_number": "2", "addr:housenumber": "41", "source": "厚生労働省 医療情報ネットのオープンデータ (2026-06-01)", "_id": "3933395125020", "_座標の出典": "原データ"}}, {"type": "Feature", "geometry": {"type": "Point", "coordinates": [133.511538, 33.566355]}, "properties": {"amenity": "dentist", "healthcare": "dentist", "name": "おおくぼ歯科", "official_name": "おおくぼ歯科", "short_name": "おおくぼ歯科", "name:ja-Hira": "おおくぼしか", "name:en": "Okubo Dental Clinic", "opening_hours": "Mo,Tu,Th,Fr 08:45-12:30,13:45-18:00; We 08:45-12:30; Sa 08:45-13:00; PH off", "healthcare:speciality": "dentistry", "website": "https://www.8230052.com", "addr:full": "高知県高知市福井町８０４ー１", "addr:country": "JP", "addr:province": "高知県", "addr:city": "高知市", "addr:neighbourhood": "福井町", "source": "厚生労働省 医療情報ネットのオープンデータ (2026-06-01)", "_id": "3933395125150", "_座標の出典": "原データ"}}, {"type": "Feature", "geometry": {"type": "Point", "coordinates": [133.505045, 33.557423]}, "properties": {"amenity": "dentist", "healthcare": "dentist", "name": "たけさき歯科", "official_name": "たけさき歯科", "short_name": "たけさき歯科", "name:ja-Hira": "たけさきしか", "name:ja-Latn": "Takesakisika", "opening_hours": "Mo,Tu,We,Fr 09:00-12:30,14:00-18:00; Th,Sa 09:00-12:30; PH off; Dec 29-Jan 03 off", "healthcare:speciality": "dentistry", "addr:full": "高知県高知市旭上町６番３号", "addr:country": "JP", "addr:province": "高知県", "addr:city": "高知市", "addr:neighbourhood": "旭上町", "source": "厚生労働省 医療情報ネットのオープンデータ (2026-06-01)", "_id": "3933395125310", "_座標の出典": "原データ"}}, {"type": "Feature", "geometry": {"type": "Point", "coordinates": [133.589909, 33.56072]}, "properties": {"amenity": "dentist", "healthcare": "dentist", "name": "志和デンタルオフィス", "official_name": "志和デンタルオフィス", "short_name": "志和デンタルオフィス", "name:ja-Hira": "しわでんたるおふぃす", "name:en": "Shiwa Dental Office", "opening_hours": "Mo,Tu,We,Fr,Sa 09:00-12:30,14:00-18:00; PH off; Dec 30-Jan 04 off", "healthcare:speciality": "dentistry", "addr:full": "高知県高知市高須３丁目４番５０号", "addr:country": "JP", "addr:province": "高知県", "addr:city": "高知市", "addr:neighbourhood": "高須三丁目", "addr:block_number": "4", "addr:housenumber": "50", "source": "厚生労働省 医療情報ネットのオープンデータ (2026-06-01)", "_id": "3933395125440", "_座標の出典": "原データ"}}, {"type": "Feature", "geometry": {"type": "Point", "coordinates": [133.492438, 33.54697]}, "properties": {"amenity": "dentist", "healthcare": "dentist", "name": "山﨑歯科診療所", "official_name": "山﨑歯科診療所", "short_name": "山﨑歯科", "name:ja-Hira": "やまさきしかしんりょうじょ", "opening_hours": "Mo,Tu,We,Fr,Sa 08:30-12:30; PH off; Dec 29-Jan 03 off", "healthcare:speciality": "dentistry;orthodontics;paediatric_dentistry", "addr:full": "高知県高知市朝倉本町", "addr:country": "JP", "addr:province": "高知県", "addr:city": "高知市", "source": "厚生労働省 医療情報ネットのオープンデータ (2026-06-01)", "_id": "3933395125570", "_座標の出典": "原データ"}}, {"type": "Feature", "geometry": {"type": "Point", "coordinates": [133.544566, 33.559085]}, "properties": {"amenity": "dentist", "healthcare": "dentist", "name": "小松歯科診療所", "official_name": "小松歯科診療所", "short_name": "小松歯科", "name:ja-Hira": "こまつしかしんりょうしょ", "opening_hours": "Mo,Tu,We,Th,Fr 09:00-19:00; Sa 09:00-16:00; PH off; Dec 29-Jan 04 off", "healthcare:speciality": "dentistry;orthodontics;paediatric_dentistry", "addr:full": "高知県高知市南はりまや町１－１７－８", "addr:country": "JP", "addr:province": "高知県", "addr:city": "高知市", "addr:neighbourhood": "南はりまや町一丁目", "addr:block_number": "17", "addr:housenumber": "8", "source": "厚生労働省 医療情報ネットのオープンデータ (2026-06-01)", "_id": "3933395125600", "_座標の出典": "原データ"}}, {"type": "Feature", "geometry": {"type": "Point", "coordinates": [133.524338, 33.558643]}, "properties": {"amenity": "dentist", "healthcare": "dentist", "name": "みやべ歯科", "official_name": "みやべ歯科", "short_name": "みやべ歯科", "name:ja-Hira": "みやべしか", "name:ja-Latn": "Miyabe Sika", "opening_hours": "Mo,Tu,We,Th,Fr,Sa 09:00-13:00,14:30-18:30; PH off; Dec 30-Jan 03 off", "healthcare:speciality": "dentistry;orthodontics;dental_oral_maxillo_facial_surgery;paediatric_dentistry", "website": "https://itp.ne.jp/info/399002395400000899/", "addr:full": "高知県高知市大膳町１－３６", "addr:country": "JP", "addr:province": "高知県", "addr:city": "高知市", "addr:neighbourhood": "大膳町", "addr:block_number": "1", "addr:housenumber": "36", "source": "厚生労働省 医療情報ネットのオープンデータ (2026-06-01)", "_id": "3933395125730", "_座標の出典": "原データ"}}, {"type": "Feature", "geometry": {"type": "Point", "coordinates": [133.528272, 33.563819]}, "properties": {"amenity": "dentist", "healthcare": "dentist", "name": "依岡歯科クリニック", "official_name": "依岡歯科クリニック", "short_name": "依岡歯科クリニック", "name:ja-Hira": "よりおかくりにっく", "name:en": "yorioka dental clinic", "opening_hours": "Mo,Tu,Fr 09:00-18:30; We,Sa 09:00-12:30; PH off; Dec 28-Jan 03 off", "healthcare:speciality": "dentistry", "website": "http://8203208.com", "addr:full": "高知県高知市小津町８－３", "addr:country": "JP", "addr:province": "高知県", "addr:city": "高知市", "addr:neighbourhood": "小津町", "addr:block_number": "8", "addr:housenumber": "3", "source": "厚生労働省 医療情報ネットのオープンデータ (2026-06-01)", "_id": "3933395125860", "_座標の出典": "原データ"}}, {"type": "Feature", "geometry": {"type": "Point", "coordinates": [133.54623, 33.577903]}, "properties": {"amenity": "dentist", "healthcare": "dentist", "name": "ほそかわ歯科医院", "official_name": "ほそかわ歯科医院", "short_name": "ほそかわ歯科医院", "name:ja-Hira": "ほそかわしかいいん", "name:ja-Latn": "Hosokawa Sikaiin", "opening_hours": "Mo,Tu,Th,Fr,Sa 09:00-12:30,14:00-18:00; Su 10:00-14:00; PH off; Dec 29-Jan 03 off", "healthcare:speciality": "dentistry;orthodontics;dental_oral_maxillo_facial_surgery;paediatric_dentistry", "addr:full": "高知県高知市東秦泉寺７６－１", "addr:country": "JP", "addr:province": "高知県", "addr:city": "高知市", "addr:neighbourhood": "東秦泉寺", "source": "厚生労働省 医療情報ネットのオープンデータ (2026-06-01)", "_id": "3933395125990", "_座標の出典": "原データ"}}, {"type": "Feature", "geometry": {"type": "Point", "coordinates": [133.428369, 33.495355]}, "properties": {"amenity": "dentist", "healthcare": "dentist", "name": "田原歯科診療所", "official_name": "田原歯科診療所", "short_name": "田原歯科診療所", "name:ja-Hira": "たはらしかしんりょうしょ", "name:ja-Latn": "Tahara Shika Shinryosho", "opening_hours": "Mo,Tu,We,Fr,Sa 09:00-12:00,14:00-18:00; PH off; Dec 29-Jan 03 off", "healthcare:speciality": "dentistry", "addr:full": "高知県土佐市高岡町甲１９６５番地１", "addr:country": "JP", "addr:province": "高知県", "addr:city": "土佐市", "addr:neighbourhood": "高岡町甲", "source": "厚生労働省 医療情報ネットのオープンデータ (2026-06-01)", "_id": "3933395126030", "_座標の出典": "原データ"}}, {"type": "Feature", "geometry": {"type": "Point", "coordinates": [133.447642, 33.551092]}, "properties": {"amenity": "dentist", "healthcare": "dentist", "name": "久万田歯科", "official_name": "久万田歯科", "short_name": "久万田歯科", "name:ja-Hira": "くまだしか", "name:en": "Kumada Dental Clinic", "opening_hours": "Mo,Tu,We,Fr 09:00-12:30,13:30-17:30; Sa 09:00-12:30,13:30-17:00; PH off; Dec 30-Jan 03 off", "healthcare:speciality": "dentistry", "addr:full": "高知県吾川郡いの町枝川２９９", "addr:country": "JP", "addr:province": "高知県", "addr:county": "吾川郡", "addr:city": "いの町", "addr:neighbourhood": "枝川", "source": "厚生労働省 医療情報ネットのオープンデータ (2026-06-01)", "_id": "3933395126160", "_座標の出典": "原データ"}}, {"type": "Feature", "geometry": {"type": "Point", "coordinates": [133.571001, 33.581697]}, "properties": {"amenity": "dentist", "healthcare": "dentist", "name": "ごとう歯科", "official_name": "ごとう歯科", "short_name": "ごとう歯科", "name:ja-Hira": "ごとうしか", "name:en": "Goto Dental Clinic", "opening_hours": "Mo,Tu,Th,Fr,Sa 09:00-11:30,14:00-17:30; PH off; Dec 29-Jan 03,Aug 09-Aug 13 off", "healthcare:speciality": "dentistry;paediatric_dentistry", "addr:full": "高知県高知市一宮中町１丁目１４番４０号　シルキーハイツ１階", "addr:country": "JP", "addr:province": "高知県", "addr:city": "高知市", "addr:neighbourhood": "一宮中町一丁目", "addr:block_number": "14", "addr:housenumber": "40", "source": "厚生労働省 医療情報ネットのオープンデータ (2026-06-01)", "_id": "3933395126320", "_座標の出典": "原データ"}}, {"type": "Feature", "geometry": {"type": "Point", "coordinates": [133.536144, 33.568251]}, "properties": {"amenity": "dentist", "healthcare": "dentist", "name": "公文歯科", "official_name": "公文歯科", "short_name": "公文歯科", "name:ja-Hira": "くもんしか", "name:ja-Latn": "Kumon Shika", "opening_hours": "Mo,Tu,We,Fr,Sa 08:30-12:00,13:30-18:00; PH off; Dec 30-Jan 03,Aug 10-Aug 11 off", "healthcare:speciality": "dentistry", "website": "http://www.kumon-shika.com/", "addr:full": "高知県高知市中水道７－１９", "addr:country": "JP", "addr:province": "高知県", "addr:city": "高知市", "addr:neighbourhood": "中水道", "addr:block_number": "7", "addr:housenumber": "19", "source": "厚生労働省 医療情報ネットのオープンデータ (2026-06-01)", "_id": "3933395126580", "_座標の出典": "原データ"}}, {"type": "Feature", "geometry": {"type": "Point", "coordinates": [133.502834, 33.557548]}, "properties": {"amenity": "dentist", "healthcare": "dentist", "name": "高橋歯科", "official_name": "高橋歯科", "short_name": "高橋歯科", "name:ja-Hira": "たかはししか", "name:en": "Takahashi Dental Clinic", "opening_hours": "Mo,Tu,We,Fr,Sa 09:00-12:30,14:30-19:00; PH off; Dec 29-Jan 04,Aug 13-Aug 15 off", "healthcare:speciality": "dentistry;paediatric_dentistry", "addr:full": "高知県高知市長尾山町８３", "addr:country": "JP", "addr:province": "高知県", "addr:city": "高知市", "addr:neighbourhood": "長尾山町", "source": "厚生労働省 医療情報ネットのオープンデータ (2026-06-01)", "_id": "3933395126610", "_座標の出典": "原データ"}}, {"type": "Feature", "geometry": {"type": "Point", "coordinates": [133.899374, 33.503291]}, "properties": {"amenity": "dentist", "healthcare": "dentist", "name": "岡崎歯科クリニック", "official_name": "岡崎歯科クリニック", "short_name": "岡崎歯科クリニック", "name:ja-Hira": "おかざきしかくりにっく", "name:en": "Okazaki Dentalclinic", "opening_hours": "Mo,Tu,We,Fr 09:00-12:30,14:00-18:30; Sa 09:00-12:00,13:00-15:00; PH off; Dec 29-Jan 03 off", "healthcare:speciality": "dentistry", "addr:full": "高知県安芸市庄之芝町９－４２", "addr:country": "JP", "addr:province": "高知県", "addr:city": "安芸市", "addr:neighbourhood": "庄之芝町", "addr:block_number": "9", "addr:housenumber": "42", "source": "厚生労働省 医療情報ネットのオープンデータ (2026-06-01)", "_id": "3933395200190", "_座標の出典": "原データ"}}, {"type": "Feature", "geometry": {"type": "Point", "coordinates": [133.906308, 33.499044]}, "properties": {"amenity": "dentist", "healthcare": "dentist", "name": "津田歯科医院", "official_name": "津田歯科医院", "short_name": "津田歯科", "name:ja-Hira": "つだしかいいん", "name:ja-Latn": "Tudasika", "opening_hours": "Mo,Tu,Th 09:00-12:00,13:00-17:00; Sa 09:00-12:00; PH off; Dec 29-Jan 03 off || off \"GW・お盆は休診\"", "healthcare:speciality": "dentistry", "addr:full": "高知県安芸市本町２丁目４－２９", "addr:country": "JP", "addr:province": "高知県", "addr:city": "安芸市", "addr:neighbourhood": "本町二丁目", "addr:block_number": "4", "addr:housenumber": "29", "source": "厚生労働省 医療情報ネットのオープンデータ (2026-06-01)", "_id": "3933395200350", "_座標の出典": "原データ"}}, {"type": "Feature", "geometry": {"type": "Point", "coordinates": [133.905888, 33.501]}, "properties": {"amenity": "dentist", "healthcare": "dentist", "name": "長野歯科", "official_name": "長野歯科", "short_name": "長野歯科", "name:ja-Hira": "ながのしか", "name:ja-Latn": "Naganosika", "opening_hours": "Mo,Tu,We,Th,Fr 09:00-18:00; Sa 09:00-13:00; PH off; Dec 29-Jan 03 off", "healthcare:speciality": "dentistry", "addr:full": "高知県安芸市久世町２－１", "addr:country": "JP", "addr:province": "高知県", "addr:city": "安芸市", "addr:neighbourhood": "久世町", "addr:block_number": "2", "addr:housenumber": "1", "source": "厚生労働省 医療情報ネットのオープンデータ (2026-06-01)", "_id": "3933395200510", "_座標の出典": "原データ"}}, {"type": "Feature", "geometry": {"type": "Point", "coordinates": [133.907366, 33.499889]}, "properties": {"amenity": "dentist", "healthcare": "dentist", "name": "松田歯科医院", "official_name": "松田歯科医院", "short_name": "松田歯科", "name:ja-Hira": "まつだしかいいん", "name:ja-Latn": "Matsuda Shika", "opening_hours": "Mo,Tu,We,Fr 09:00-12:00,13:30-17:30; Th,Sa 09:00-12:30; PH off; Dec 29-Jan 03 off", "healthcare:speciality": "dentistry", "addr:full": "高知県安芸市本町２－６－５", "addr:country": "JP", "addr:province": "高知県", "addr:city": "安芸市", "addr:neighbourhood": "本町二丁目", "addr:block_number": "6", "addr:housenumber": "5", "source": "厚生労働省 医療情報ネットのオープンデータ (2026-06-01)", "_id": "3933395200770", "_座標の出典": "原データ"}}, {"type": "Feature", "geometry": {"type": "Point", "coordinates": [134.00689, 33.4301]}, "properties": {"amenity": "dentist", "healthcare": "dentist", "name": "安岡歯科診療所", "official_name": "安岡歯科診療所", "short_name": "安岡歯科診療所", "name:ja-Hira": "やすおかしかしんりょうしょ", "name:en": "Yasuoka Dental Clinic", "opening_hours": "Mo,We,Th,Fr 09:00-11:30,14:00-16:00; Tu,Sa 09:00-11:30; PH off; Dec 29-Jan 04 off", "healthcare:speciality": "dentistry", "addr:full": "高知県安芸郡田野町１４４７－３", "addr:country": "JP", "addr:province": "高知県", "addr:county": "安芸郡", "addr:city": "田野町", "source": "厚生労働省 医療情報ネットのオープンデータ (2026-06-01)", "_id": "3933395201490", "_座標の出典": "原データ"}}, {"type": "Feature", "geometry": {"type": "Point", "coordinates": [134.009201, 33.426745]}, "properties": {"amenity": "dentist", "healthcare": "dentist", "name": "普光江歯科診療所", "official_name": "普光江歯科診療所", "short_name": "普光江歯科", "name:ja-Hira": "ふこうえ しか しんりょうしょ", "name:en": "FUKOE DENTAL CLINIC", "healthcare:speciality": "dentistry;orthodontics", "website": "http://fukoe-shika.com", "addr:full": "高知県安芸郡田野町２１４７−３", "addr:country": "JP", "addr:province": "高知県", "addr:county": "安芸郡", "addr:city": "田野町", "source": "厚生労働省 医療情報ネットのオープンデータ (2026-06-01)", "_id": "3933395201780", "_座標の出典": "原データ"}}, {"type": "Feature", "geometry": {"type": "Point", "coordinates": [134.020205, 33.426967]}, "properties": {"amenity": "dentist", "healthcare": "dentist", "name": "手島歯科", "official_name": "手島歯科", "short_name": "手島歯科", "name:ja-Hira": "てしましか", "name:ja-Latn": "Tesimasika", "opening_hours": "Mo,Tu,We,Fr 09:00-12:00,14:00-18:30; Sa 09:00-12:00,14:00-17:00; PH off; Jan 02-Jan 03,Jan 19,Dec 28-Dec 31 off", "healthcare:speciality": "dentistry", "addr:full": "高知県安芸郡奈半利町乙", "addr:country": "JP", "addr:province": "高知県", "addr:county": "安芸郡", "addr:city": "奈半利町", "addr:neighbourhood": "乙", "source": "厚生労働省 医療情報ネットのオープンデータ (2026-06-01)", "_id": "3933395201940", "_座標の出典": "原データ"}}, {"type": "Feature", "geometry": {"type": "Point", "coordinates": [133.90465, 33.499186]}, "properties": {"amenity": "dentist", "healthcare": "dentist", "name": "おぎ歯科医院", "official_name": "おぎ歯科医院", "short_name": "おぎ歯科", "name:ja-Hira": "おぎしかいいん", "opening_hours": "Mo,Tu,We,Fr,Sa 09:00-12:30,14:00-18:00; PH off; Dec 29-Jan 03,Dec 24 off", "healthcare:speciality": "dentistry;paediatric_dentistry", "addr:full": "高知県安芸市本町３丁目４－１６", "addr:country": "JP", "addr:province": "高知県", "addr:city": "安芸市", "addr:neighbourhood": "本町三丁目", "addr:block_number": "4", "addr:housenumber": "16", "source": "厚生労働省 医療情報ネットのオープンデータ (2026-06-01)", "_id": "3933395202240", "_座標の出典": "原データ"}}, {"type": "Feature", "geometry": {"type": "Point", "coordinates": [133.907188, 33.503676]}, "properties": {"amenity": "dentist", "healthcare": "dentist", "name": "せんとう歯科", "official_name": "せんとう歯科", "short_name": "せんとう歯科", "name:ja-Hira": "せんとうしか", "name:en": "SENTO Dental Clinic", "opening_hours": "Mo,Tu,We,Fr 09:00-13:00,14:30-18:00; Sa 09:00-13:00,14:30-17:00; PH off; Dec 29-Jan 03 off", "healthcare:speciality": "dentistry;dental_oral_maxillo_facial_surgery;paediatric_dentistry;orthodontics", "addr:full": "高知県安芸市矢ノ丸３丁目２番１９号", "addr:country": "JP", "addr:province": "高知県", "addr:city": "安芸市", "addr:neighbourhood": "矢ノ丸三丁目", "addr:block_number": "2", "addr:housenumber": "19", "source": "厚生労働省 医療情報ネットのオープンデータ (2026-06-01)", "_id": "3933395202370", "_座標の出典": "原データ"}}, {"type": "Feature", "geometry": {"type": "Point", "coordinates": [134.02103, 33.425267]}, "properties": {"amenity": "dentist", "healthcare": "dentist", "name": "小森歯科医院", "official_name": "小森歯科医院", "short_name": "小森歯科医院", "name:ja-Hira": "こもりしかいいん", "name:en": "Komori Sika Clinic", "opening_hours": "Mo,Tu,We,Fr,Sa 09:00-12:00,13:00-17:30; Th 09:00-13:00; PH off; Dec 28-Jan 03 off", "healthcare:speciality": "dentistry", "addr:full": "高知県安芸郡奈半利町乙１６７７ー１", "addr:country": "JP", "addr:province": "高知県", "addr:county": "安芸郡", "addr:city": "奈半利町", "addr:neighbourhood": "乙", "source": "厚生労働省 医療情報ネットのオープンデータ (2026-06-01)", "_id": "3933395202400", "_座標の出典": "原データ"}}, {"type": "Feature", "geometry": {"type": "Point", "coordinates": [133.80882, 33.526582]}, "properties": {"amenity": "dentist", "healthcare": "dentist", "name": "芸西歯科", "official_name": "芸西歯科", "short_name": "芸西歯科", "name:ja-Hira": "げいせいしか", "name:en": "Geisei Dental Clinic", "opening_hours": "Mo,Tu,Th,Fr 08:30-12:00,14:00-17:00; Sa 08:30-12:00; PH off; Dec 29-Jan 04,Aug 13-Aug 15 off", "healthcare:speciality": "dentistry", "addr:full": "高知県安芸郡芸西村和食甲１２９０", "addr:country": "JP", "addr:province": "高知県", "addr:county": "安芸郡", "addr:city": "芸西村", "addr:quarter": "和食", "addr:neighbourhood": "甲", "source": "厚生労働省 医療情報ネットのオープンデータ (2026-06-01)", "_id": "3933395202530", "_座標の出典": "原データ"}}, {"type": "Feature", "geometry": {"type": "Point", "coordinates": [133.983461, 33.435615]}, "properties": {"amenity": "dentist", "healthcare": "dentist", "name": "みやた歯科", "official_name": "みやた歯科", "short_name": "みやた歯科", "name:ja-Hira": "みやたしか", "name:ja-Latn": "Miyata Shika", "opening_hours": "Mo,Tu,We,Fr 09:00-12:30,14:00-18:00; Sa 09:00-12:30,14:00-17:00; PH off; Dec 29-Jan 03,Aug 13-Aug 15 off", "healthcare:speciality": "dentistry", "addr:full": "高知県安芸郡安田町安田１６５３", "addr:country": "JP", "addr:province": "高知県", "addr:county": "安芸郡", "addr:city": "安田町", "addr:neighbourhood": "大字安田", "source": "厚生労働省 医療情報ネットのオープンデータ (2026-06-01)", "_id": "3933395202790", "_座標の出典": "原データ"}}, {"type": "Feature", "geometry": {"type": "Point", "coordinates": [133.438489, 33.446598]}, "properties": {"amenity": "dentist", "healthcare": "dentist", "name": "河合歯科医院", "official_name": "河合歯科医院", "short_name": "河合歯科医院", "name:ja-Hira": "かわいしかいいん", "name:ja-Latn": "Kawaishikaiinn", "opening_hours": "Mo,Tu,We,Th,Fr 09:00-12:00,14:00-18:00; Sa 09:00-12:00; Su unknown; PH off; Dec 30-Jan 03 off", "healthcare:speciality": "dentistry;orthodontics;dental_oral_maxillo_facial_surgery;paediatric_dentistry", "website": "http://www.kawai-shika.jp", "addr:full": "高知県土佐市宇佐町宇佐", "addr:country": "JP", "addr:province": "高知県", "addr:city": "土佐市", "addr:neighbourhood": "宇佐町宇佐", "source": "厚生労働省 医療情報ネットのオープンデータ (2026-06-01)", "_id": "3933395300120", "_座標の出典": "原データ"}}, {"type": "Feature", "geometry": {"type": "Point", "coordinates": [133.422892, 33.497133]}, "properties": {"amenity": "dentist", "healthcare": "dentist", "name": "瀬戸歯科診療所", "official_name": "瀬戸歯科診療所", "short_name": "瀬戸歯科", "name:ja-Hira": "せとしかしんりょうしょ", "name:ja-Latn": "Seto Shika Sinryosho", "opening_hours": "Mo,Tu,We,Fr 09:00-12:00,13:30-18:00; Th,Sa 09:00-12:00; PH off; Dec 29-Jan 03 off", "healthcare:speciality": "dentistry;paediatric_dentistry", "addr:full": "高知県土佐市高岡町乙１５３", "addr:country": "JP", "addr:province": "高知県", "addr:city": "土佐市", "addr:neighbourhood": "高岡町乙", "source": "厚生労働省 医療情報ネットのオープンデータ (2026-06-01)", "_id": "3933395300410", "_座標の出典": "原データ"}}, {"type": "Feature", "geometry": {"type": "Point", "coordinates": [133.413239, 33.493093]}, "properties": {"amenity": "dentist", "healthcare": "dentist", "name": "福島歯科医院", "official_name": "福島歯科医院", "short_name": "福島歯科医院", "name:ja-Hira": "ふくしましかいいん", "name:ja-Latn": "Fukushima Shika Iin", "opening_hours": "Mo,Tu,We,Th,Fr 09:00-12:00,14:00-17:00; Sa 09:00-12:00; PH off; Dec 30-Jan 03 off", "healthcare:speciality": "dentistry", "addr:full": "高知県土佐市蓮池１２０６－２", "addr:country": "JP", "addr:province": "高知県", "addr:city": "土佐市", "addr:neighbourhood": "蓮池", "source": "厚生労働省 医療情報ネットのオープンデータ (2026-06-01)", "_id": "3933395300670", "_座標の出典": "原データ"}}, {"type": "Feature", "geometry": {"type": "Point", "coordinates": [133.426816, 33.498019]}, "properties": {"amenity": "dentist", "healthcare": "dentist", "name": "秋山歯科診療所", "official_name": "秋山歯科診療所", "short_name": "秋山歯科", "name:ja-Hira": "あきやましかしんりょうしょ", "name:ja-Latn": "Akiyama Shika Shinryoso", "opening_hours": "Mo,Tu,Th,Fr 09:00-12:00,13:30-18:00; Sa 09:00-12:00; PH off; Dec 30-Jan 04 off", "healthcare:speciality": "dentistry", "addr:full": "高知県土佐市高岡町乙３４７６－６", "addr:country": "JP", "addr:province": "高知県", "addr:city": "土佐市", "addr:neighbourhood": "高岡町乙", "source": "厚生労働省 医療情報ネットのオープンデータ (2026-06-01)", "_id": "3933395300830", "_座標の出典": "原データ"}}, {"type": "Feature", "geometry": {"type": "Point", "coordinates": [133.289988, 33.390727]}, "properties": {"amenity": "dentist", "healthcare": "dentist", "name": "福島歯科医院", "official_name": "福島歯科医院", "short_name": "福島歯科医院", "name:ja-Hira": "ふくしましかいいん", "name:en": "Fukushima dental clinic", "opening_hours": "Mo,Tu,We,Fr 09:00-12:00,14:00-17:00; Th,Sa 09:00-12:00", "healthcare:speciality": "dentistry", "addr:full": "高知県須崎市青木町６－５", "addr:country": "JP", "addr:province": "高知県", "addr:city": "須崎市", "addr:neighbourhood": "青木町", "addr:block_number": "6", "addr:housenumber": "5", "source": "厚生労働省 医療情報ネットのオープンデータ (2026-06-01)", "_id": "3933395301420", "_座標の出典": "原データ"}}, {"type": "Feature", "geometry": {"type": "Point", "coordinates": [133.289363, 33.391159]}, "properties": {"amenity": "dentist", "healthcare": "dentist", "name": "田村歯科診療所", "official_name": "田村歯科診療所", "short_name": "田村歯科", "name:ja-Hira": "たむらしかしんりょうしょ", "opening_hours": "Mo,Tu,We,Th,Fr 09:00-12:30,14:00-18:00; Sa 09:00-12:30; PH off; Dec 29-Jan 04 off", "healthcare:speciality": "dentistry;paediatric_dentistry", "website": "http://tamura-dent.cihp.jp/", "addr:full": "高知県須崎市鍛冶町６－３０", "addr:country": "JP", "addr:province": "高知県", "addr:city": "須崎市", "addr:neighbourhood": "鍛冶町", "source": "厚生労働省 医療情報ネットのオープンデータ (2026-06-01)", "_id": "3933395301550", "_座標の出典": "原データ"}}, {"type": "Feature", "geometry": {"type": "Point", "coordinates": [133.026224, 33.393681]}, "properties": {"amenity": "dentist", "healthcare": "dentist", "name": "高橋歯科診療所", "official_name": "高橋歯科診療所", "short_name": "高橋歯科診療所", "name:ja-Hira": "たかはししかしんりょうじょ", "name:ja-Latn": "Takahashi Shika Shinryosho", "opening_hours": "Mo,Tu,We,Th 09:00-12:00,14:00-17:30; Fr 09:00-12:00; PH off; Dec 30-Jan 04,Aug 14-Aug 16 off", "healthcare:speciality": "dentistry;paediatric_dentistry", "addr:full": "高知県高岡郡津野町力石２９０１番地２", "addr:country": "JP", "addr:province": "高知県", "addr:county": "高岡郡", "addr:city": "津野町", "addr:neighbourhood": "力石", "source": "厚生労働省 医療情報ネットのオープンデータ (2026-06-01)", "_id": "3933395301840", "_座標の出典": "原データ"}}, {"type": "Feature", "geometry": {"type": "Point", "coordinates": [132.924475, 33.392712]}, "properties": {"amenity": "dentist", "healthcare": "dentist", "name": "国民健康保険梼原歯科診療所", "official_name": "国民健康保険梼原歯科診療所", "short_name": "梼原歯科", "name:ja-Hira": "こくみんけんこうほけんゆすはらしかしんりょうじょ", "opening_hours": "Mo,Tu,Th,Fr 09:00-13:00,15:00-19:00; We,Sa 09:00-13:00; PH off; Jan 01-Jan 03,Aug 15 off", "healthcare:speciality": "dentistry", "addr:full": "高知県高岡郡檮原町川西路２３０３番地１", "addr:country": "JP", "addr:province": "高知県", "addr:county": "高岡郡", "addr:city": "檮原町", "addr:neighbourhood": "川西路", "source": "厚生労働省 医療情報ネットのオープンデータ (2026-06-01)", "_id": "3933395301970", "_座標の出典": "原データ"}}, {"type": "Feature", "geometry": {"type": "Point", "coordinates": [133.29258, 33.41217]}, "properties": {"amenity": "dentist", "healthcare": "dentist", "name": "野中歯科", "official_name": "野中歯科", "short_name": "野中歯科", "name:ja-Hira": "のなかしか", "name:ja-Latn": "Nonaka Sika", "opening_hours": "Mo,Th 09:00-13:00,14:30-18:00; Tu,Fr 09:00-13:00,14:30-20:00; Sa 09:00-13:00; We unknown; Sa[4] off; PH off; Dec 29-Jan 03 off", "healthcare:speciality": "dentistry;paediatric_dentistry", "addr:full": "高知県須崎市西崎町７－２６", "addr:country": "JP", "addr:province": "高知県", "addr:city": "須崎市", "addr:neighbourhood": "西崎町", "addr:block_number": "7", "addr:housenumber": "26", "source": "厚生労働省 医療情報ネットのオープンデータ (2026-06-01)", "_id": "3933395302010", "_座標の出典": "原データ"}}, {"type": "Feature", "geometry": {"type": "Point", "coordinates": [133.422661, 33.495894]}, "properties": {"amenity": "dentist", "healthcare": "dentist", "name": "矢野歯科医院", "official_name": "矢野歯科医院", "short_name": "矢野歯科", "name:ja-Hira": "やのしかいいん", "name:en": "YanoDentalOffice", "opening_hours": "Mo,Tu,We,Fr 09:00-12:30,14:00-18:00; Sa 09:00-12:30,14:00-17:30; PH off; Dec 30-Jan 03,Aug 13-Aug 16 off", "healthcare:speciality": "dentistry;paediatric_dentistry", "website": "https://yano-do.com", "addr:full": "高知県土佐市高岡町甲１８４１ー１", "addr:country": "JP", "addr:province": "高知県", "addr:city": "土佐市", "addr:neighbourhood": "高岡町甲", "source": "厚生労働省 医療情報ネットのオープンデータ (2026-06-01)", "_id": "3933395302690", "_座標の出典": "原データ"}}, {"type": "Feature", "geometry": {"type": "Point", "coordinates": [133.287602, 33.406928]}, "properties": {"amenity": "dentist", "healthcare": "dentist", "name": "たかはし歯科医院", "official_name": "たかはし歯科医院", "short_name": "たかはし歯科医院", "name:ja-Hira": "たかはししかいいん", "name:en": "Takahashi Dental Clinic", "opening_hours": "Mo,Tu,We,Th,Fr 09:00-12:30,14:00-18:00; Sa 09:00-12:30; PH off", "healthcare:speciality": "dentistry", "addr:full": "高知県須崎市大間東町１－７", "addr:country": "JP", "addr:province": "高知県", "addr:city": "須崎市", "addr:neighbourhood": "大間東町", "addr:block_number": "1", "addr:housenumber": "7", "source": "厚生労働省 医療情報ネットのオープンデータ (2026-06-01)", "_id": "3933395302720", "_座標の出典": "原データ"}}, {"type": "Feature", "geometry": {"type": "Point", "coordinates": [133.282964, 33.388891]}, "properties": {"amenity": "dentist", "healthcare": "dentist", "name": "高橋歯科医院", "official_name": "高橋歯科医院", "short_name": "高橋歯科医院", "name:ja-Hira": "たかはし しかいいん", "name:ja-Latn": "Takahashi Shika Iin", "opening_hours": "Mo,Tu,We,Fr 09:00-13:00,15:00-18:00; Sa 09:00-13:00; PH off; Dec 30-Jan 03 off", "healthcare:speciality": "dentistry", "addr:full": "高知県須崎市中町", "addr:country": "JP", "addr:province": "高知県", "addr:city": "須崎市", "source": "厚生労働省 医療情報ネットのオープンデータ (2026-06-01)", "_id": "3933395303600", "_座標の出典": "原データ"}}, {"type": "Feature", "geometry": {"type": "Point", "coordinates": [133.288076884, 33.390773358]}, "properties": {"amenity": "dentist", "healthcare": "dentist", "name": "山田歯科医院", "official_name": "山田歯科医院", "short_name": "山田歯科", "name:ja-Hira": "やまだしかいいん", "name:en": "Yamada Dental Clinic", "opening_hours": "Mo,Tu,Th,Fr 09:00-12:00; We 09:00-12:00,14:00-18:00; Sa unknown; PH off; Dec 30-Jan 03,Apr 29,May 03-May 05 off", "healthcare:speciality": "dentistry;paediatric_dentistry", "addr:full": "高知県須崎市東古市町１－３", "addr:country": "JP", "addr:province": "高知県", "addr:city": "須崎市", "addr:neighbourhood": "東古市町", "addr:block_number": "1", "addr:housenumber": "3", "source": "厚生労働省 医療情報ネットのオープンデータ (2026-06-01)", "_id": "3933395303860", "_座標の出典": "ジオコーディング"}}, {"type": "Feature", "geometry": {"type": "Point", "coordinates": [133.289551, 33.410125]}, "properties": {"amenity": "dentist", "healthcare": "dentist", "name": "吉野歯科", "official_name": "吉野歯科", "short_name": "吉野歯科", "name:ja-Hira": "よしのしか", "name:ja-Latn": "Yoshino Sika", "opening_hours": "Mo,Tu,We,Fr 09:00-12:30,14:00-18:00; Sa 09:00-12:30,14:00-16:00; PH off; Dec 30-Jan 03 off", "healthcare:speciality": "dentistry", "addr:full": "高知県須崎市大間東町１８８", "addr:country": "JP", "addr:province": "高知県", "addr:city": "須崎市", "addr:neighbourhood": "大間東町", "source": "厚生労働省 医療情報ネットのオープンデータ (2026-06-01)", "_id": "3933395303990", "_座標の出典": "原データ"}}, {"type": "Feature", "geometry": {"type": "Point", "coordinates": [133.279126, 33.387418]}, "properties": {"amenity": "dentist", "healthcare": "dentist", "name": "まるとみ歯科医院", "official_name": "まるとみ歯科医院", "short_name": "まるとみ歯科", "name:ja-Hira": "まるとみしかいいん", "name:ja-Latn": "Marutomi Shika", "opening_hours": "Mo,Tu,We,Fr 09:00-12:30,14:00-18:30; Sa 09:00-12:30,13:30-17:30; PH off; Dec 30-Jan 03 off", "healthcare:speciality": "dentistry;paediatric_dentistry", "addr:full": "高知県須崎市西町", "addr:country": "JP", "addr:province": "高知県", "addr:city": "須崎市", "source": "厚生労働省 医療情報ネットのオープンデータ (2026-06-01)", "_id": "3933395304160", "_座標の出典": "原データ"}}, {"type": "Feature", "geometry": {"type": "Point", "coordinates": [132.931952, 32.992234]}, "properties": {"amenity": "dentist", "healthcare": "dentist", "name": "町田歯科診療所", "official_name": "町田歯科診療所", "short_name": "町田歯科", "name:ja-Hira": "まちだしかしんりょうしょ", "name:en": "Machida Dental Clinic", "opening_hours": "Mo,Tu,We,Fr 08:40-12:00,13:30-17:30; Th 08:40-12:00; Sa 08:40-12:00,13:30-15:30; PH off; Dec 28-Jan 04,Aug 15 off", "healthcare:speciality": "dentistry", "addr:full": "高知県四万十市中村東下町２３番地", "addr:country": "JP", "addr:province": "高知県", "addr:city": "四万十市", "addr:neighbourhood": "中村東下町", "source": "厚生労働省 医療情報ネットのオープンデータ (2026-06-01)", "_id": "3933395400440", "_座標の出典": "原データ"}}, {"type": "Feature", "geometry": {"type": "Point", "coordinates": [132.93381, 32.993143]}, "properties": {"amenity": "dentist", "healthcare": "dentist", "name": "本田歯科", "official_name": "本田歯科", "short_name": "本田歯科", "name:ja-Hira": "ほんだしか", "name:ja-Latn": "Honda Shika", "opening_hours": "Mo,Tu,We,Fr,Sa 09:30-12:00,13:30-17:30; Th 09:30-12:00; PH off; Dec 31-Jan 03 off", "healthcare:speciality": "dentistry;orthodontics", "addr:full": "高知県四万十市中村本町１－４", "addr:country": "JP", "addr:province": "高知県", "addr:city": "四万十市", "addr:neighbourhood": "中村本町一丁目", "source": "厚生労働省 医療情報ネットのオープンデータ (2026-06-01)", "_id": "3933395400860", "_座標の出典": "原データ"}}, {"type": "Feature", "geometry": {"type": "Point", "coordinates": [132.93874, 32.988479]}, "properties": {"amenity": "dentist", "healthcare": "dentist", "name": "宮定歯科医院", "official_name": "宮定歯科医院", "short_name": "宮定歯科医院", "name:ja-Hira": "みやさだしかいいん", "name:en": "Miyasada Dental Clinic", "opening_hours": "Mo,Tu,We,Fr 08:30-12:30,14:00-18:00; Sa 08:30-12:30,14:00-17:00; PH off; Dec 30-Jan 03,Aug 13-Aug 15 off", "healthcare:speciality": "dentistry", "addr:full": "高知県四万十市右山五月町３番２０号", "addr:country": "JP", "addr:province": "高知県", "addr:city": "四万十市", "addr:neighbourhood": "右山五月町", "source": "厚生労働省 医療情報ネットのオープンデータ (2026-06-01)", "_id": "3933395401160", "_座標の出典": "原データ"}}, {"type": "Feature", "geometry": {"type": "Point", "coordinates": [132.921826, 32.984246]}, "properties": {"amenity": "dentist", "healthcare": "dentist", "name": "山本歯科医院", "official_name": "山本歯科医院", "short_name": "山本歯科", "name:ja-Hira": "やまもとしかいいん", "name:en": "Yamamoto Dental Clinic", "opening_hours": "Mo,Tu,We,Fr,Sa 09:00-12:00,14:00-17:00; Th 09:00-12:00; PH off; Dec 30-Jan 04,Aug 13-Aug 15 off", "healthcare:speciality": "dentistry", "addr:full": "高知県四万十市具同田黒２－１６－５", "addr:country": "JP", "addr:province": "高知県", "addr:city": "四万十市", "addr:neighbourhood": "具同田黒二丁目", "source": "厚生労働省 医療情報ネットのオープンデータ (2026-06-01)", "_id": "3933395401320", "_座標の出典": "原データ"}}, {"type": "Feature", "geometry": {"type": "Point", "coordinates": [132.936074, 32.993696]}, "properties": {"amenity": "dentist", "healthcare": "dentist", "name": "朝日歯科", "official_name": "医療法人　紀親会　朝日歯科", "short_name": "朝日歯科", "opening_hours": "Mo,We,Fr 09:00-12:00,14:00-18:00; Tu,Th 09:00-12:00; Sa 09:00-13:00; PH off; Dec 29-Jan 03,Aug 13-Aug 15 off", "healthcare:speciality": "dentistry;orthodontics;dental_oral_maxillo_facial_surgery;paediatric_dentistry", "addr:full": "高知県四万十市中村於東町２６", "addr:country": "JP", "addr:province": "高知県", "addr:city": "四万十市", "addr:neighbourhood": "中村於東町", "source": "厚生労働省 医療情報ネットのオープンデータ (2026-06-01)", "_id": "3933395401450", "_座標の出典": "原データ"}}, {"type": "Feature", "geometry": {"type": "Point", "coordinates": [132.932952, 32.994187]}, "properties": {"amenity": "dentist", "healthcare": "dentist", "name": "田中歯科医院", "official_name": "田中歯科医院", "short_name": "田中歯科医院", "name:ja-Hira": "たなかしかいいん", "name:ja-Latn": "Tanaka Shika Iin", "opening_hours": "Mo,Tu,We,Fr,Sa 09:00-12:00,13:30-17:00; PH off; Jan 02-Jan 03,Aug 13-Aug 15,Dec 29-Dec 31 off", "healthcare:speciality": "dentistry", "website": "https://kyujin-tanakadc.jp", "addr:full": "高知県四万十市中村小姓町４９", "addr:country": "JP", "addr:province": "高知県", "addr:city": "四万十市", "addr:neighbourhood": "中村小姓町", "source": "厚生労働省 医療情報ネットのオープンデータ (2026-06-01)", "_id": "3933395401610", "_座標の出典": "原データ"}}, {"type": "Feature", "geometry": {"type": "Point", "coordinates": [132.725261, 32.938419]}, "properties": {"amenity": "dentist", "healthcare": "dentist", "name": "前田歯科矯正歯科", "official_name": "前田歯科矯正歯科", "short_name": "前田歯科", "name:ja-Hira": "まえだ しかきょうせいしか", "name:en": "Maeda Dental Clinic", "opening_hours": "Mo,Tu,We,Fr,Sa 09:00-12:00,14:00-18:00; PH off; Dec 29-Jan 03,Aug 13-Aug 15 off", "healthcare:speciality": "dentistry;orthodontics;paediatric_dentistry", "addr:full": "高知県宿毛市萩原１番３１号", "addr:country": "JP", "addr:province": "高知県", "addr:city": "宿毛市", "addr:neighbourhood": "萩原", "addr:block_number": "1", "addr:housenumber": "31", "source": "厚生労働省 医療情報ネットのオープンデータ (2026-06-01)", "_id": "3933395401900", "_座標の出典": "原データ"}}, {"type": "Feature", "geometry": {"type": "Point", "coordinates": [133.014413, 33.031169]}, "properties": {"amenity": "dentist", "healthcare": "dentist", "name": "芝﨑歯科医院", "official_name": "芝﨑歯科医院", "short_name": "芝崎歯科", "name:ja-Hira": "しばさきしかいいん", "opening_hours": "Mo,Tu,We,Fr,Sa 09:00-12:00,13:30-17:00; PH off; Dec 29-Jan 03 off || off \"GW・お盆は休診\"", "healthcare:speciality": "dentistry", "addr:full": "高知県幡多郡黒潮町入野２９４０－１", "addr:country": "JP", "addr:province": "高知県", "addr:county": "幡多郡", "addr:city": "黒潮町", "addr:neighbourhood": "入野", "source": "厚生労働省 医療情報ネットのオープンデータ (2026-06-01)", "_id": "3933395402620", "_座標の出典": "原データ"}}, {"type": "Feature", "geometry": {"type": "Point", "coordinates": [133.055783, 33.041751]}, "properties": {"amenity": "dentist", "healthcare": "dentist", "name": "小谷歯科診療所", "official_name": "小谷歯科診療所", "short_name": "小谷歯科", "name:ja-Hira": "おだにしかしんりょうしょ", "name:en": "Odani Dental Clinic", "opening_hours": "Mo,Tu,We,Fr,Sa 12:00-17:00; PH off; Dec 30-Jan 03 off", "healthcare:speciality": "dentistry", "addr:full": "高知県幡多郡黒潮町上川口８７７", "addr:country": "JP", "addr:province": "高知県", "addr:county": "幡多郡", "addr:city": "黒潮町", "addr:neighbourhood": "上川口", "source": "厚生労働省 医療情報ネットのオープンデータ (2026-06-01)", "_id": "3933395402880", "_座標の出典": "原データ"}}, {"type": "Feature", "geometry": {"type": "Point", "coordinates": [132.797218, 32.952657]}, "properties": {"amenity": "dentist", "healthcare": "dentist", "name": "二神歯科医院", "official_name": "二神歯科医院", "short_name": "二神歯科医院", "name:ja-Hira": "ふたがみしかいいん", "name:ja-Latn": "Hutagami Shika Iin", "opening_hours": "Mo,Tu,We,Fr 09:00-12:00,13:30-18:00; Th 09:00-12:00; Sa 09:00-12:00,13:30-15:00; PH off; Dec 30-Jan 03 off", "healthcare:speciality": "dentistry", "addr:full": "高知県宿毛市平田町戸内４３００－１", "addr:country": "JP", "addr:province": "高知県", "addr:city": "宿毛市", "addr:neighbourhood": "平田町戸内", "source": "厚生労働省 医療情報ネットのオープンデータ (2026-06-01)", "_id": "3933395404350", "_座標の出典": "原データ"}}, {"type": "Feature", "geometry": {"type": "Point", "coordinates": [132.941387, 32.987346]}, "properties": {"amenity": "dentist", "healthcare": "dentist", "name": "池本歯科医院", "official_name": "池本歯科医院", "short_name": "池本歯科医院", "name:ja-Hira": "いけもとしかいいん", "name:en": "Ikemoto Dental Clinic", "opening_hours": "Mo,Tu,We,Fr 09:00-17:30; Sa 09:00-16:00; PH off; Dec 29-Jan 03 off", "healthcare:speciality": "dentistry;dental_oral_maxillo_facial_surgery;paediatric_dentistry", "addr:full": "高知県四万十市右山五月町１０－１４", "addr:country": "JP", "addr:province": "高知県", "addr:city": "四万十市", "addr:neighbourhood": "右山五月町", "source": "厚生労働省 医療情報ネットのオープンデータ (2026-06-01)", "_id": "3933395404510", "_座標の出典": "原データ"}}, {"type": "Feature", "geometry": {"type": "Point", "coordinates": [132.724663, 32.937636]}, "properties": {"amenity": "dentist", "healthcare": "dentist", "name": "竹松歯科", "official_name": "竹松歯科", "short_name": "竹松歯科", "name:ja-Hira": "たけまつしか", "name:en": "Takematsu Dental Clinic", "opening_hours": "Mo,Tu,We,Fr 09:00-12:30,14:00-18:00; Th 09:00-12:30; Sa 09:00-12:30,14:00-17:00; PH off; Dec 30-Jan 03,Aug 14-Aug 15 off", "healthcare:speciality": "dentistry", "addr:full": "高知県宿毛市中央１－６－３５", "addr:country": "JP", "addr:province": "高知県", "addr:city": "宿毛市", "addr:neighbourhood": "中央一丁目", "addr:block_number": "6", "addr:housenumber": "35", "source": "厚生労働省 医療情報ネットのオープンデータ (2026-06-01)", "_id": "3933395404640", "_座標の出典": "原データ"}}, {"type": "Feature", "geometry": {"type": "Point", "coordinates": [132.722771, 32.935828]}, "properties": {"amenity": "dentist", "healthcare": "dentist", "name": "坂本歯科医院", "official_name": "坂本歯科医院", "short_name": "坂本歯科医院", "name:ja-Hira": "さかもとしかいいん", "name:en": "Sakamoto Dental Clinic", "opening_hours": "Mo,Tu,We,Fr 09:00-12:00,14:00-17:00; Sa 09:00-12:00; PH off; Dec 29-Jan 03,Aug 13-Aug 15 off", "healthcare:speciality": "dentistry", "addr:full": "高知県宿毛市幸町２－１８", "addr:country": "JP", "addr:province": "高知県", "addr:city": "宿毛市", "addr:neighbourhood": "幸町", "addr:block_number": "2", "addr:housenumber": "18", "source": "厚生労働省 医療情報ネットのオープンデータ (2026-06-01)", "_id": "3933395404800", "_座標の出典": "原データ"}}, {"type": "Feature", "geometry": {"type": "Point", "coordinates": [132.701591, 32.927159]}, "properties": {"amenity": "dentist", "healthcare": "dentist", "name": "平井歯科医院", "official_name": "平井歯科医院", "short_name": "平井歯科", "name:ja-Hira": "ひらいしかいいん", "name:ja-Latn": "Hirai Shika Iin", "opening_hours": "Mo,Tu,We,Fr 09:00-12:00,14:00-18:30; Th 09:00-12:00; Sa 09:00-12:00,14:00-17:30; PH off; Dec 30-Jan 03,Aug 13-Aug 15,Dec 24 off", "healthcare:speciality": "dentistry", "addr:full": "高知県宿毛市高砂２２－１１", "addr:country": "JP", "addr:province": "高知県", "addr:city": "宿毛市", "addr:neighbourhood": "高砂", "addr:block_number": "22", "addr:housenumber": "11", "source": "厚生労働省 医療情報ネットのオープンデータ (2026-06-01)", "_id": "3933395404930", "_座標の出典": "原データ"}}, {"type": "Feature", "geometry": {"type": "Point", "coordinates": [132.920606, 32.982154]}, "properties": {"amenity": "dentist", "healthcare": "dentist", "name": "にいや歯科医院", "official_name": "にいや歯科医院", "short_name": "にいや歯科医院", "name:ja-Hira": "にいやしかいいん", "name:en": "Niiya Dental Clinic", "opening_hours": "Mo,Tu,We,Fr 09:00-12:00,13:30-18:00; Sa 09:00-12:00,13:30-17:00; PH off; Dec 29-Jan 03,Aug 13-Aug 14 off", "healthcare:speciality": "dentistry", "addr:full": "高知県四万十市具同２２４１－５", "addr:country": "JP", "addr:province": "高知県", "addr:city": "四万十市", "addr:neighbourhood": "具同", "source": "厚生労働省 医療情報ネットのオープンデータ (2026-06-01)", "_id": "3933395405070", "_座標の出典": "原データ"}}, {"type": "Feature", "geometry": {"type": "Point", "coordinates": [132.932344, 32.993137]}, "properties": {"amenity": "dentist", "healthcare": "dentist", "name": "北代歯科", "official_name": "北代歯科", "short_name": "北代歯科", "name:ja-Hira": "きただいしか", "name:en": "KITADAI Dental Clinic", "opening_hours": "Mo,Tu,We,Fr,Sa 09:00-12:00,14:00-17:00; PH off; Dec 29-Jan 03,Aug 13-Aug 15 off", "healthcare:speciality": "dentistry;dental_oral_maxillo_facial_surgery", "addr:full": "高知県四万十市中村小姓町６番地", "addr:country": "JP", "addr:province": "高知県", "addr:city": "四万十市", "addr:neighbourhood": "中村小姓町", "source": "厚生労働省 医療情報ネットのオープンデータ (2026-06-01)", "_id": "3933395405230", "_座標の出典": "原データ"}}, {"type": "Feature", "geometry": {"type": "Point", "coordinates": [132.936799, 32.991212]}, "properties": {"amenity": "dentist", "healthcare": "dentist", "name": "幸徳歯科", "official_name": "幸徳歯科", "short_name": "幸徳歯科", "name:ja-Hira": "こうとくしか", "name:ja-Latn": "Koutoku Shika", "opening_hours": "Mo 08:30-12:00,14:00-17:00; Tu,Sa 08:30-12:00,14:00-16:00; We,Fr 08:30-12:00,14:00-18:00; PH off; Dec 26-Jan 03,Aug 13-Aug 15 off", "healthcare:speciality": "dentistry", "addr:full": "高知県四万十市中村大橋通６丁目１番２４号", "addr:country": "JP", "addr:province": "高知県", "addr:city": "四万十市", "addr:neighbourhood": "中村大橋通六丁目", "source": "厚生労働省 医療情報ネットのオープンデータ (2026-06-01)", "_id": "3933395405490", "_座標の出典": "原データ"}}, {"type": "Feature", "geometry": {"type": "Point", "coordinates": [133.012627, 33.028538]}, "properties": {"amenity": "dentist", "healthcare": "dentist", "name": "光", "official_name": "医療法人光", "short_name": "安光歯科医院", "opening_hours": "Mo,Tu,We,Fr 09:00-11:30,14:00-16:30; Sa 09:00-11:30,13:30-16:30; PH off; Dec 30-Jan 03,Aug 13-Aug 15 off", "healthcare:speciality": "dentistry;orthodontics;dental_oral_maxillo_facial_surgery;paediatric_dentistry", "addr:full": "高知県幡多郡黒潮町入野２５８１－１", "addr:country": "JP", "addr:province": "高知県", "addr:county": "幡多郡", "addr:city": "黒潮町", "addr:neighbourhood": "入野", "source": "厚生労働省 医療情報ネットのオープンデータ (2026-06-01)", "_id": "3933395405650", "_座標の出典": "原データ"}}, {"type": "Feature", "geometry": {"type": "Point", "coordinates": [133.010169, 33.025072]}, "properties": {"amenity": "dentist", "healthcare": "dentist", "name": "和泉歯科医院", "official_name": "和泉歯科医院", "short_name": "和泉歯科医院", "name:ja-Hira": "いずみしかいいん", "name:en": "Izumi Dental clinic", "opening_hours": "Mo,Tu,Fr,Sa 09:30-12:00,14:00-18:30; Dec 30-Jan 03,Aug 13-Aug 15 off", "healthcare:speciality": "dentistry;paediatric_dentistry", "addr:full": "高知県幡多郡黒潮町入野２０８２－９", "addr:country": "JP", "addr:province": "高知県", "addr:county": "幡多郡", "addr:city": "黒潮町", "addr:neighbourhood": "入野", "source": "厚生労働省 医療情報ネットのオープンデータ (2026-06-01)", "_id": "3933395405810", "_座標の出典": "原データ"}}, {"type": "Feature", "geometry": {"type": "Point", "coordinates": [132.700997, 32.926231]}, "properties": {"amenity": "dentist", "healthcare": "dentist", "name": "カタクラ歯科", "official_name": "カタクラ歯科", "short_name": "カタクラ歯科", "name:ja-Hira": "かたくら しか", "name:ja-Latn": "Katakura Shika", "opening_hours": "Mo,Tu,We,Fr,Sa 09:00-18:00; Th 09:00-12:00; PH off; Dec 30-Jan 04,Aug 13-Aug 16 off", "healthcare:speciality": "dentistry", "addr:full": "高知県宿毛市片島１５番２１号", "addr:country": "JP", "addr:province": "高知県", "addr:city": "宿毛市", "addr:neighbourhood": "片島", "addr:block_number": "15", "addr:housenumber": "21", "source": "厚生労働省 医療情報ネットのオープンデータ (2026-06-01)", "_id": "3933395405940", "_座標の出典": "原データ"}}, {"type": "Feature", "geometry": {"type": "Point", "coordinates": [132.920098, 32.987837]}, "properties": {"amenity": "dentist", "healthcare": "dentist", "name": "高畑歯科", "official_name": "高畑歯科", "short_name": "高畑歯科", "name:ja-Hira": "たかはたしか", "name:ja-Latn": "Takahatashika", "opening_hours": "Mo,Tu,We,Fr 09:30-18:00; Sa 09:30-17:00; PH off; Dec 30-Jan 03 off", "healthcare:speciality": "dentistry;orthodontics;paediatric_dentistry", "addr:full": "高知県四万十市具同田黒２－４－２８", "addr:country": "JP", "addr:province": "高知県", "addr:city": "四万十市", "addr:neighbourhood": "具同田黒二丁目", "source": "厚生労働省 医療情報ネットのオープンデータ (2026-06-01)", "_id": "3933395406080", "_座標の出典": "原データ"}}, {"type": "Feature", "geometry": {"type": "Point", "coordinates": [132.940899, 32.986263]}, "properties": {"amenity": "dentist", "healthcare": "dentist", "name": "さつき新谷歯科", "official_name": "さつき新谷歯科", "short_name": "さつき新谷歯科", "name:ja-Hira": "さつきにいやしか", "name:ja-Latn": "Satsukiniiya Sika", "opening_hours": "Mo,Tu,We,Fr 09:00-13:00,14:30-18:00; Th 09:00-12:30; Sa 09:00-13:00,14:30-17:00; PH off; Dec 29-Jan 03,Aug 13-Aug 15 off", "healthcare:speciality": "dentistry", "addr:full": "高知県四万十市右山五番１４番１６号", "addr:country": "JP", "addr:province": "高知県", "addr:city": "四万十市", "addr:neighbourhood": "右山", "source": "厚生労働省 医療情報ネットのオープンデータ (2026-06-01)", "_id": "3933395406110", "_座標の出典": "原データ"}}, {"type": "Feature", "geometry": {"type": "Point", "coordinates": [132.932824, 32.990945]}, "properties": {"amenity": "dentist", "healthcare": "dentist", "name": "京町歯科診療所", "official_name": "京町歯科診療所", "short_name": "京町歯科", "name:ja-Hira": "きょうまちしかしんりょうしょ", "name:ja-Latn": "Kyomachi Shika Shinryosyo", "opening_hours": "Mo,Tu,We,Fr 09:00-12:00,14:00-18:00; Th,Sa 09:00-12:00; PH off", "healthcare:speciality": "dentistry", "addr:full": "高知県四万十市中村大橋通３－２４－１", "addr:country": "JP", "addr:province": "高知県", "addr:city": "四万十市", "addr:neighbourhood": "中村大橋通三丁目", "source": "厚生労働省 医療情報ネットのオープンデータ (2026-06-01)", "_id": "3933395406240", "_座標の出典": "原データ"}}, {"type": "Feature", "geometry": {"type": "Point", "coordinates": [133.107658, 33.080486]}, "properties": {"amenity": "dentist", "healthcare": "dentist", "name": "佐賀歯科診療所", "official_name": "佐賀歯科診療所", "short_name": "佐賀歯科診療所", "name:ja-Hira": "さがしかしんりょうしょ", "name:ja-Latn": "Sagasikasinryousho", "opening_hours": "We,Th 09:00-12:00,14:00-18:30; Sa 09:00-12:00,14:00-16:30; Dec 30-Jan 03 off", "healthcare:speciality": "dentistry;paediatric_dentistry", "addr:full": "高知県幡多郡黒潮町佐賀", "addr:country": "JP", "addr:province": "高知県", "addr:county": "幡多郡", "addr:city": "黒潮町", "addr:neighbourhood": "佐賀", "source": "厚生労働省 医療情報ネットのオープンデータ (2026-06-01)", "_id": "3933395406370", "_座標の出典": "原データ"}}, {"type": "Feature", "geometry": {"type": "Point", "coordinates": [132.707473, 32.843704]}, "properties": {"amenity": "dentist", "healthcare": "dentist", "name": "ながおか歯科医院", "official_name": "ながおか歯科医院", "short_name": "ながおか歯科", "name:ja-Hira": "ながおかしかいいん", "name:ja-Latn": "Nagaoka Shika", "opening_hours": "Mo,Tu,We,Th,Fr 09:00-12:00,14:00-18:00; Sa 09:00-12:30; PH off; Dec 30-Jan 03,Aug 14-Aug 16,Dec 24 off", "healthcare:speciality": "dentistry;paediatric_dentistry", "addr:full": "高知県幡多郡大月町弘見２１０３－２", "addr:country": "JP", "addr:province": "高知県", "addr:county": "幡多郡", "addr:city": "大月町", "addr:neighbourhood": "大字弘見", "source": "厚生労働省 医療情報ネットのオープンデータ (2026-06-01)", "_id": "3933395406400", "_座標の出典": "原データ"}}, {"type": "Feature", "geometry": {"type": "Point", "coordinates": [132.686482, 32.927814]}, "properties": {"amenity": "dentist", "healthcare": "dentist", "name": "西町歯科医院", "official_name": "西町歯科医院", "short_name": "西町歯科医院", "name:ja-Hira": "にしまち しかいいん", "name:en": "Nishimachi Dental Clinic", "opening_hours": "Mo,Tu,We,Fr,Sa 09:00-12:30,14:00-18:00; PH off; Dec 30-Jan 03,Aug 13-Aug 15 off", "healthcare:speciality": "dentistry;orthodontics;paediatric_dentistry", "addr:full": "高知県宿毛市西町２－２０－１５", "addr:country": "JP", "addr:province": "高知県", "addr:city": "宿毛市", "addr:neighbourhood": "西町二丁目", "addr:block_number": "20", "addr:housenumber": "15", "source": "厚生労働省 医療情報ネットのオープンデータ (2026-06-01)", "_id": "3933395406530", "_座標の出典": "原データ"}}, {"type": "Feature", "geometry": {"type": "Point", "coordinates": [132.937346, 32.997128]}, "properties": {"amenity": "dentist", "healthcare": "dentist", "name": "松岡歯科医院", "official_name": "松岡歯科医院", "short_name": "松岡歯科医院", "name:ja-Hira": "まつおかしかいいん", "opening_hours": "Mo,Tu,We,Th,Fr 09:00-13:00,14:30-19:00; Sa 09:00-13:00; PH off; Dec 28-Jan 03,Aug 13-Aug 15,Dec 24 off", "healthcare:speciality": "dentistry;paediatric_dentistry", "addr:full": "高知県四万十市中村東町３丁目２番２２号", "addr:country": "JP", "addr:province": "高知県", "addr:city": "四万十市", "addr:neighbourhood": "中村東町三丁目", "source": "厚生労働省 医療情報ネットのオープンデータ (2026-06-01)", "_id": "3933395406660", "_座標の出典": "原データ"}}, {"type": "Feature", "geometry": {"type": "Point", "coordinates": [132.709231, 32.844179]}, "properties": {"amenity": "dentist", "healthcare": "dentist", "name": "佐々山歯科", "official_name": "佐々山歯科", "short_name": "佐々山歯科", "name:ja-Hira": "ささやましか", "name:en": "Sasayama Dental Clinic", "opening_hours": "Mo,Tu,We,Fr,Sa 09:00-12:00,14:00-18:30; Th 09:00-12:00; PH off; Jan 02-Jan 03,Dec 30-Dec 31 off", "healthcare:speciality": "dentistry;paediatric_dentistry", "addr:full": "高知県幡多郡大月町弘見", "addr:country": "JP", "addr:province": "高知県", "addr:county": "幡多郡", "addr:city": "大月町", "addr:neighbourhood": "大字弘見", "source": "厚生労働省 医療情報ネットのオープンデータ (2026-06-01)", "_id": "3933395406790", "_座標の出典": "原データ"}}, {"type": "Feature", "geometry": {"type": "Point", "coordinates": [132.81327, 32.967826]}, "properties": {"amenity": "dentist", "healthcare": "dentist", "name": "米花歯科医院", "official_name": "米花歯科医院", "short_name": "米花歯科", "name:ja-Hira": "べいかしかいいん", "name:ja-Latn": "Beikashikaiin", "opening_hours": "Mo,Tu,We,Th,Fr 09:00-12:00,13:30-19:00; PH off; Dec 30-Jan 03,Aug 13-Aug 16 off || off \"GWは休診\"", "healthcare:speciality": "dentistry", "addr:full": "高知県宿毛市山奈町山田１３７６－３", "addr:country": "JP", "addr:province": "高知県", "addr:city": "宿毛市", "addr:neighbourhood": "山奈町山田", "source": "厚生労働省 医療情報ネットのオープンデータ (2026-06-01)", "_id": "3933395406820", "_座標の出典": "原データ"}}, {"type": "Feature", "geometry": {"type": "Point", "coordinates": [133.123492, 33.135733]}, "properties": {"amenity": "dentist", "healthcare": "dentist", "name": "黒潮町拳ノ川歯科診療所", "official_name": "黒潮町拳ノ川歯科診療所", "short_name": "拳ノ川歯科診療所", "name:ja-Hira": "くろしおちょう こぶしのかわしかしんりょうしょ", "opening_hours": "Tu 09:00-12:00; Tu[1,3,5] off; PH off; Dec 30-Jan 03 off", "healthcare:speciality": "dentistry;dental_oral_maxillo_facial_surgery;paediatric_dentistry", "addr:full": "高知県幡多郡黒潮町拳ノ川", "addr:country": "JP", "addr:province": "高知県", "addr:county": "幡多郡", "addr:city": "黒潮町", "addr:neighbourhood": "拳ノ川", "source": "厚生労働省 医療情報ネットのオープンデータ (2026-06-01)", "_id": "3933395406950", "_座標の出典": "原データ"}}, {"type": "Feature", "geometry": {"type": "Point", "coordinates": [132.919966, 32.984252]}, "properties": {"amenity": "dentist", "healthcare": "dentist", "name": "川村歯科", "official_name": "川村歯科", "short_name": "川村歯科", "name:ja-Hira": "かわむらしか", "name:en": "KawamuraDentalClinic", "opening_hours": "Mo,Tu,Th,Fr 09:00-13:00,14:30-17:00; We,Sa 09:00-13:00; PH off; Dec 29-Jan 03,Aug 13-Aug 15 off", "healthcare:speciality": "dentistry", "website": "http://www.kawamurashika.jp", "addr:full": "高知県四万十市具同田黒", "addr:country": "JP", "addr:province": "高知県", "addr:city": "四万十市", "source": "厚生労働省 医療情報ネットのオープンデータ (2026-06-01)", "_id": "3933395407090", "_座標の出典": "原データ"}}, {"type": "Feature", "geometry": {"type": "Point", "coordinates": [132.956792, 32.985066]}, "properties": {"amenity": "dentist", "healthcare": "dentist", "name": "岡村歯科医院", "official_name": "岡村歯科医院", "short_name": "岡村歯科", "name:ja-Hira": "おかむらしかいいん", "name:ja-Latn": "Okamurashika", "opening_hours": "Mo,Tu,We,Fr,Sa 09:00-12:30,14:30-17:50; PH off; Dec 29-Jan 02,Jan 04,Aug 13-Aug 15 off", "healthcare:speciality": "dentistry", "addr:full": "高知県四万十市古津賀１丁目１４６", "addr:country": "JP", "addr:province": "高知県", "addr:city": "四万十市", "addr:neighbourhood": "古津賀一丁目", "source": "厚生労働省 医療情報ネットのオープンデータ (2026-06-01)", "_id": "3933395407410", "_座標の出典": "原データ"}}, {"type": "Feature", "geometry": {"type": "Point", "coordinates": [132.542321, 32.730282]}, "properties": {"amenity": "dentist", "healthcare": "dentist", "name": "おきのしま歯科", "official_name": "おきのしま歯科", "short_name": "おきのしま歯科", "name:ja-Hira": "おきのしましか", "opening_hours": "Mo,Tu,We,Th,Fr,Sa 09:00-12:30,14:00-17:00; PH off; Dec 28-Jan 04,Aug 13-Aug 15 off", "healthcare:speciality": "dentistry", "addr:full": "高知県宿毛市沖の島町母島１７３９", "addr:country": "JP", "addr:province": "高知県", "addr:city": "宿毛市", "addr:neighbourhood": "沖の島町母島", "source": "厚生労働省 医療情報ネットのオープンデータ (2026-06-01)", "_id": "3933395407700", "_座標の出典": "原データ"}}, {"type": "Feature", "geometry": {"type": "Point", "coordinates": [132.95516, 32.777276]}, "properties": {"amenity": "dentist", "healthcare": "dentist", "name": "歯科", "official_name": "楠井　歯科", "short_name": "楠井歯科", "opening_hours": "Mo,Tu,We,Fr,Sa 08:30-12:30,14:00-17:30; PH off; Dec 31-Jan 03,Aug 15-Aug 16,Dec 24 off", "healthcare:speciality": "dentistry;paediatric_dentistry", "addr:full": "高知県土佐清水市本町１０－６", "addr:country": "JP", "addr:province": "高知県", "addr:city": "土佐清水市", "addr:neighbourhood": "本町", "source": "厚生労働省 医療情報ネットのオープンデータ (2026-06-01)", "_id": "3933395407830", "_座標の出典": "原データ"}}, {"type": "Feature", "geometry": {"type": "Point", "coordinates": [132.7295566, 32.937128743]}, "properties": {"amenity": "dentist", "healthcare": "dentist", "name": "HONDAデンタルクリニック", "official_name": "ＨＯＮＤＡデンタルクリニック", "short_name": "ＨＯＮＤＡデンタルクリニック", "name:ja-Hira": "ほんだでんたるくりにっく", "opening_hours": "Mo,We 09:00-13:00,14:00-17:00; Tu,Fr 09:00-12:00,14:00-18:00; Sa 09:00-14:00; PH off; Jan 01-Jan 03 off", "healthcare:speciality": "dentistry;dental_oral_maxillo_facial_surgery;paediatric_dentistry", "addr:full": "高知県宿毛市中央４－２－２９", "addr:country": "JP", "addr:province": "高知県", "addr:city": "宿毛市", "addr:neighbourhood": "中央四丁目", "addr:block_number": "2", "addr:housenumber": "29", "source": "厚生労働省 医療情報ネットのオープンデータ (2026-06-01)", "_id": "3933395408130", "_座標の出典": "ジオコーディング"}}, {"type": "Feature", "geometry": {"type": "Point", "coordinates": [133.727303, 33.54016]}, "properties": {"amenity": "dentist", "healthcare": "dentist", "name": "恒石会恒石歯科", "official_name": "医療法人恒石会恒石歯科", "short_name": "医療法人恒石会恒石歯科", "opening_hours": "Mo,Tu,We,Th,Fr,Sa 09:00-12:30,14:00-17:30; PH off; Dec 29-Jan 03,Dec 24 off", "healthcare:speciality": "dentistry;paediatric_dentistry", "addr:full": "高知県香南市赤岡町９８０－４", "addr:country": "JP", "addr:province": "高知県", "addr:city": "香南市", "addr:neighbourhood": "赤岡町", "source": "厚生労働省 医療情報ネットのオープンデータ (2026-06-01)", "_id": "3933395500210", "_座標の出典": "原データ"}}, {"type": "Feature", "geometry": {"type": "Point", "coordinates": [133.715291, 33.617297]}, "properties": {"amenity": "dentist", "healthcare": "dentist", "name": "岡西歯科診療所", "official_name": "岡西歯科診療所", "short_name": "岡西歯科診療所", "name:ja-Hira": "おかにししかしんりょうしょ", "name:en": "Okanishi Dental Clinic", "opening_hours": "Mo,Tu,We,Th,Fr 09:00-12:00,15:00-18:00; Sa 08:30-12:00; PH off; Dec 29-Jan 03 off", "healthcare:speciality": "dentistry", "addr:full": "高知県香美市土佐山田町神母ノ木３７７－８", "addr:country": "JP", "addr:province": "高知県", "addr:city": "香美市", "addr:neighbourhood": "土佐山田町神母ノ木", "source": "厚生労働省 医療情報ネットのオープンデータ (2026-06-01)", "_id": "3933395500470", "_座標の出典": "原データ"}}, {"type": "Feature", "geometry": {"type": "Point", "coordinates": [133.687197, 33.60672]}, "properties": {"amenity": "dentist", "healthcare": "dentist", "name": "たけもと歯科", "official_name": "たけもと歯科", "short_name": "たけもと歯科", "name:ja-Hira": "たけもとしか", "name:en": "Takemoto Dental Clinic", "opening_hours": "Mo,Tu,We,Fr 09:00-12:00,13:30-19:00; Sa 09:00-12:00,13:30-17:00; PH off; Dec 29-Jan 03,Aug 12-Aug 15 off", "healthcare:speciality": "dentistry;dental_oral_maxillo_facial_surgery;paediatric_dentistry", "addr:full": "高知県香美市土佐山田町東本町２－２－４５", "addr:country": "JP", "addr:province": "高知県", "addr:city": "香美市", "addr:neighbourhood": "土佐山田町東本町二丁目", "addr:block_number": "2", "addr:housenumber": "45", "source": "厚生労働省 医療情報ネットのオープンデータ (2026-06-01)", "_id": "3933395500890", "_座標の出典": "原データ"}}, {"type": "Feature", "geometry": {"type": "Point", "coordinates": [133.689416, 33.606379]}, "properties": {"amenity": "dentist", "healthcare": "dentist", "name": "山下歯科", "official_name": "医療法人　奉徳会　山下歯科", "short_name": "山下歯科", "name:en": "Yamashita Dental clinic", "opening_hours": "Mo,Tu,Fr 09:00-12:00,14:00-18:30; We 09:00-12:00,13:30-18:30; Sa 09:00-12:00,13:00-18:30; PH off; Dec 28-Jan 03 off", "healthcare:speciality": "dentistry;orthodontics;dental_oral_maxillo_facial_surgery;paediatric_dentistry", "addr:full": "高知県香美市土佐山田町東本町３－５７－３", "addr:country": "JP", "addr:province": "高知県", "addr:city": "香美市", "addr:neighbourhood": "土佐山田町東本町三丁目", "source": "厚生労働省 医療情報ネットのオープンデータ (2026-06-01)", "_id": "3933395500920", "_座標の出典": "原データ"}}, {"type": "Feature", "geometry": {"type": "Point", "coordinates": [133.700434, 33.560868]}, "properties": {"amenity": "dentist", "healthcare": "dentist", "name": "黒岩歯科医院", "official_name": "黒岩歯科医院", "short_name": "黒岩歯科医院", "name:ja-Hira": "くろいわしかいいん", "name:en": "Kuroiwa Dental Clinic", "opening_hours": "Mo,Tu,We,Fr 08:30-12:00,13:30-17:00; Th,Sa 08:30-12:00; PH off; Dec 29-Jan 03 off || off \"お盆は休診\"", "healthcare:speciality": "dentistry", "addr:full": "高知県香南市野市町西野２６６７－１", "addr:country": "JP", "addr:province": "高知県", "addr:city": "香南市", "addr:neighbourhood": "野市町西野", "source": "厚生労働省 医療情報ネットのオープンデータ (2026-06-01)", "_id": "3933395501190", "_座標の出典": "原データ"}}, {"type": "Feature", "geometry": {"type": "Point", "coordinates": [133.69488, 33.563368]}, "properties": {"amenity": "dentist", "healthcare": "dentist", "name": "小松歯科診療所", "official_name": "小松歯科診療所", "short_name": "小松歯科", "name:ja-Hira": "こまつしかしんりょうしょ", "opening_hours": "Mo,Tu,We,Fr 09:30-12:00,14:00-18:00; Th,Sa 09:30-12:00; Su unknown; PH off", "healthcare:speciality": "dentistry", "addr:full": "高知県香南市野市町西野１９８６", "addr:country": "JP", "addr:province": "高知県", "addr:city": "香南市", "addr:neighbourhood": "野市町西野", "source": "厚生労働省 医療情報ネットのオープンデータ (2026-06-01)", "_id": "3933395501220", "_座標の出典": "原データ"}}, {"type": "Feature", "geometry": {"type": "Point", "coordinates": [133.700412, 33.56473]}, "properties": {"amenity": "dentist", "healthcare": "dentist", "name": "乾会乾歯科", "official_name": "医療法人乾会乾歯科", "short_name": "乾歯科", "name:en": "Inui Dental Clinic", "opening_hours": "Mo,Tu,We,Fr 09:00-12:15,14:00-18:15; Th,Sa 08:45-12:15,13:00-16:00; PH off; Dec 30-Jan 02 off", "healthcare:speciality": "dentistry;dental_oral_maxillo_facial_surgery;paediatric_dentistry", "website": "https://www.inui-shika.com", "addr:full": "高知県香南市野市町西野２７０６－２０", "addr:country": "JP", "addr:province": "高知県", "addr:city": "香南市", "addr:neighbourhood": "野市町西野", "source": "厚生労働省 医療情報ネットのオープンデータ (2026-06-01)", "_id": "3933395501480", "_座標の出典": "原データ"}}, {"type": "Feature", "geometry": {"type": "Point", "coordinates": [133.781814, 33.648638]}, "properties": {"amenity": "dentist", "healthcare": "dentist", "name": "高橋歯科医院", "official_name": "高橋歯科医院", "short_name": "高橋歯科医院", "name:ja-Hira": "たかはししかいいん", "name:en": "Takahashi Dentel Clinic", "opening_hours": "Mo,Tu,Th,Fr 09:00-13:00,14:00-18:00; Sa 09:00-13:00,14:00-17:00; PH off; Dec 30-Jan 03 off", "healthcare:speciality": "dentistry", "addr:full": "高知県香美市香北町美良布１２０８－１", "addr:country": "JP", "addr:province": "高知県", "addr:city": "香美市", "addr:neighbourhood": "香北町美良布", "source": "厚生労働省 医療情報ネットのオープンデータ (2026-06-01)", "_id": "3933395501770", "_座標の出典": "原データ"}}, {"type": "Feature", "geometry": {"type": "Point", "coordinates": [133.779315, 33.65197]}, "properties": {"amenity": "dentist", "healthcare": "dentist", "name": "佐々木歯科診療所", "official_name": "佐々木歯科診療所", "short_name": "佐々木歯科", "name:ja-Hira": "ささきしかしんりょうしょ", "name:en": "Sasaki Dental Clinic", "opening_hours": "Mo,Tu,We,Fr,Sa 09:00-12:00,13:00-17:00; PH off; Dec 29-Jan 03 off", "healthcare:speciality": "dentistry;dental_oral_maxillo_facial_surgery;paediatric_dentistry", "addr:full": "高知県香美市香北町美良布１０８１－１", "addr:country": "JP", "addr:province": "高知県", "addr:city": "香美市", "addr:neighbourhood": "香北町美良布", "source": "厚生労働省 医療情報ネットのオープンデータ (2026-06-01)", "_id": "3933395501800", "_座標の出典": "原データ"}}, {"type": "Feature", "geometry": {"type": "Point", "coordinates": [133.723183, 33.542057]}, "properties": {"amenity": "dentist", "healthcare": "dentist", "name": "今井歯科医院", "official_name": "今井歯科医院", "short_name": "今井歯科", "name:ja-Hira": "いまいしかいいん", "name:ja-Latn": "Imai Shika Iin", "opening_hours": "Mo,Tu,We,Th,Fr 08:30-11:30,13:30-17:30; Sa 08:30-11:30; PH off", "healthcare:speciality": "dentistry", "addr:full": "高知県香南市赤岡町５７４", "addr:country": "JP", "addr:province": "高知県", "addr:city": "香南市", "addr:neighbourhood": "赤岡町", "source": "厚生労働省 医療情報ネットのオープンデータ (2026-06-01)", "_id": "3933395501930", "_座標の出典": "原データ"}}, {"type": "Feature", "geometry": {"type": "Point", "coordinates": [133.688214, 33.558152]}, "properties": {"amenity": "dentist", "healthcare": "dentist", "name": "大島歯科医院", "official_name": "大島歯科医院", "short_name": "大島歯科", "name:ja-Hira": "おおしま しかいいん", "name:en": "Ohshima Dental Office", "opening_hours": "Mo,Tu,We,Fr,Sa 09:00-12:30,14:00-17:30; PH off; Dec 30-Jan 03 off", "healthcare:speciality": "dentistry;dental_oral_maxillo_facial_surgery;paediatric_dentistry", "addr:full": "高知県香南市野市町下井", "addr:country": "JP", "addr:province": "高知県", "addr:city": "香南市", "addr:neighbourhood": "野市町下井", "source": "厚生労働省 医療情報ネットのオープンデータ (2026-06-01)", "_id": "3933395502070", "_座標の出典": "原データ"}}, {"type": "Feature", "geometry": {"type": "Point", "coordinates": [133.679893, 33.604416]}, "properties": {"amenity": "dentist", "healthcare": "dentist", "name": "八井田歯科医院", "official_name": "八井田歯科医院", "short_name": "八井田歯科", "name:ja-Hira": "やいだしかいいん", "name:en": "YaIDa Dental Clinic YaIDa Shika Iin", "opening_hours": "Mo,Tu,We,Fr,Sa 09:00-18:00; PH off; Dec 30-Jan 03 off", "healthcare:speciality": "dentistry", "addr:full": "高知県香美市土佐山田町西本町５－３－１９", "addr:country": "JP", "addr:province": "高知県", "addr:city": "香美市", "addr:neighbourhood": "土佐山田町西本町五丁目", "addr:block_number": "3", "addr:housenumber": "19", "source": "厚生労働省 医療情報ネットのオープンデータ (2026-06-01)", "_id": "3933395502230", "_座標の出典": "原データ"}}, {"type": "Feature", "geometry": {"type": "Point", "coordinates": [133.129313, 33.209192]}, "properties": {"amenity": "dentist", "healthcare": "dentist", "name": "矢野歯科診療所", "official_name": "矢野歯科診療所", "short_name": "矢野歯科診療所", "name:ja-Hira": "やのしかしんりょうしょ", "name:en": "Yano Dental Clinic", "opening_hours": "Mo,Fr 08:30-11:30,14:00-18:00; Tu,Th 08:30-11:30,15:00-19:00; Sa 08:30-11:30,14:00-17:00; PH off; Dec 29-Jan 03,Dec 24 off", "healthcare:speciality": "dentistry", "addr:full": "高知県高岡郡四万十町新開町", "addr:country": "JP", "addr:province": "高知県", "addr:county": "高岡郡", "addr:city": "四万十町", "addr:neighbourhood": "新開町", "source": "厚生労働省 医療情報ネットのオープンデータ (2026-06-01)", "_id": "3933395600240", "_座標の出典": "原データ"}}, {"type": "Feature", "geometry": {"type": "Point", "coordinates": [133.19307, 33.225391]}, "properties": {"amenity": "dentist", "healthcare": "dentist", "name": "長山歯科診療所", "official_name": "長山歯科診療所", "short_name": "長山歯科医院", "name:ja-Hira": "ながやましかしんりょうしょ", "name:en": "Nagayama Dental Clinic", "opening_hours": "Mo,Tu,We,Th,Fr 08:30-11:30,13:30-17:00; Sa 08:30-12:00; PH off; Dec 29-Jan 04,Aug 14-Aug 16 off", "healthcare:speciality": "dentistry", "addr:full": "高知県高岡郡四万十町黒石５６４ー１", "addr:country": "JP", "addr:province": "高知県", "addr:county": "高岡郡", "addr:city": "四万十町", "addr:neighbourhood": "黒石", "source": "厚生労働省 医療情報ネットのオープンデータ (2026-06-01)", "_id": "3933395600820", "_座標の出典": "原データ"}}, {"type": "Feature", "geometry": {"type": "Point", "coordinates": [133.136792, 33.214511]}, "properties": {"amenity": "dentist", "healthcare": "dentist", "name": "どい歯科クリニック", "official_name": "どい歯科クリニック", "short_name": "どい歯科クリニック", "name:ja-Hira": "どいしかくりにっく", "name:en": "Doi Dental Clinic", "opening_hours": "Mo,Tu,We,Th,Fr 09:00-12:00,14:30-18:30; PH off; Dec 30-Jan 03 off", "healthcare:speciality": "dentistry", "addr:full": "高知県高岡郡四万十町北琴平町１２－２９", "addr:country": "JP", "addr:province": "高知県", "addr:county": "高岡郡", "addr:city": "四万十町", "addr:neighbourhood": "北琴平町", "addr:block_number": "12", "addr:housenumber": "29", "source": "厚生労働省 医療情報ネットのオープンデータ (2026-06-01)", "_id": "3933395601120", "_座標の出典": "原データ"}}, {"type": "Feature", "geometry": {"type": "Point", "coordinates": [132.974351, 33.198687]}, "properties": {"amenity": "dentist", "healthcare": "dentist", "name": "善佳会いわさき歯科", "official_name": "医療法人善佳会いわさき歯科", "short_name": "いわさき歯科", "name:en": "Iwasaki Dental Clinic", "opening_hours": "Mo,Tu,We,Th,Fr 09:00-12:30,14:00-18:00; PH off; Dec 29-Jan 03,Aug 14-Aug 16 off", "healthcare:speciality": "dentistry", "addr:full": "高知県高岡郡四万十町大正４６０番地８", "addr:country": "JP", "addr:province": "高知県", "addr:county": "高岡郡", "addr:city": "四万十町", "addr:neighbourhood": "大正", "source": "厚生労働省 医療情報ネットのオープンデータ (2026-06-01)", "_id": "3933395601250", "_座標の出典": "原データ"}}, {"type": "Feature", "geometry": {"type": "Point", "coordinates": [133.13949, 33.212436]}, "properties": {"amenity": "dentist", "healthcare": "dentist", "name": "こうなん歯科", "official_name": "こうなん歯科", "short_name": "こうなん歯科", "name:ja-Hira": "こうなんしか", "name:en": "Kohnan Dental Clinic", "opening_hours": "Mo,Tu,We,Fr,Sa 09:00-13:00,14:30-18:00; PH off; Dec 29-Jan 04,Aug 12-Aug 15 off", "healthcare:speciality": "dentistry", "addr:full": "高知県高岡郡四万十町榊山町", "addr:country": "JP", "addr:province": "高知県", "addr:county": "高岡郡", "addr:city": "四万十町", "addr:neighbourhood": "榊山町", "source": "厚生労働省 医療情報ネットのオープンデータ (2026-06-01)", "_id": "3933395601380", "_座標の出典": "原データ"}}, {"type": "Feature", "geometry": {"type": "Point", "coordinates": [133.136107, 33.212702]}, "properties": {"amenity": "dentist", "healthcare": "dentist", "name": "歯科医院", "official_name": "小畠　歯科医院", "short_name": "小畠歯科医院", "opening_hours": "Mo,Tu,We,Fr 09:00-12:00,14:30-18:30; Sa 09:00-12:00,14:30-17:30; PH off; Dec 28-Jan 05 off", "healthcare:speciality": "dentistry;paediatric_dentistry", "addr:full": "高知県高岡郡四万十町琴平町１４－３５", "addr:country": "JP", "addr:province": "高知県", "addr:county": "高岡郡", "addr:city": "四万十町", "addr:neighbourhood": "琴平町", "addr:block_number": "14", "addr:housenumber": "35", "source": "厚生労働省 医療情報ネットのオープンデータ (2026-06-01)", "_id": "3933395601410", "_座標の出典": "原データ"}}, {"type": "Feature", "geometry": {"type": "Point", "coordinates": [133.161138, 33.243767]}, "properties": {"amenity": "dentist", "healthcare": "dentist", "name": "かつみ歯科", "official_name": "かつみ歯科", "short_name": "かつみ歯科", "name:ja-Hira": "かつみしか", "name:en": "katsumi Dental Clinic", "opening_hours": "Mo,Tu,We,Fr 09:00-12:30,14:00-18:00; Th 09:00-12:30; Sa 09:00-12:30,14:00-16:00; Th[2,4] off; PH off || off \"GW・お盆・年末年始は休診\"", "healthcare:speciality": "dentistry", "addr:full": "高知県高岡郡四万十町仁井田１２２３－１", "addr:country": "JP", "addr:province": "高知県", "addr:county": "高岡郡", "addr:city": "四万十町", "addr:neighbourhood": "仁井田", "source": "厚生労働省 医療情報ネットのオープンデータ (2026-06-01)", "_id": "3933395601540", "_座標の出典": "原データ"}}, {"type": "Feature", "geometry": {"type": "Point", "coordinates": [133.129377, 33.53558]}, "properties": {"amenity": "dentist", "healthcare": "dentist", "name": "中内歯科診療所", "official_name": "中内歯科診療所", "short_name": "中内歯科", "name:ja-Hira": "なかうちしかしんりょうじょ", "opening_hours": "Mo,Tu,We,Th,Fr 08:30-12:00,14:00-18:00; Sa 08:30-12:00; PH off; Dec 29-Jan 03,Dec 24 off", "healthcare:speciality": "dentistry", "addr:full": "高知県吾川郡仁淀川町森２５７７－１８", "addr:country": "JP", "addr:province": "高知県", "addr:county": "吾川郡", "addr:city": "仁淀川町", "addr:neighbourhood": "森", "source": "厚生労働省 医療情報ネットのオープンデータ (2026-06-01)", "_id": "3933395700720", "_座標の出典": "原データ"}}, {"type": "Feature", "geometry": {"type": "Point", "coordinates": [133.282507, 33.507162]}, "properties": {"amenity": "dentist", "healthcare": "dentist", "name": "岡林歯科医院", "official_name": "岡林歯科医院", "short_name": "岡林歯科", "name:ja-Hira": "おかばやし しかいいん", "name:en": "Okabayashi Dental Clinic", "opening_hours": "Mo,Tu,We,Fr 09:00-11:30,14:30-17:00; Th 09:00-11:00; Sa 09:00-11:30,14:30-16:00; PH off; Dec 30-Jan 04,Aug 11-Aug 13 off", "healthcare:speciality": "dentistry", "addr:full": "高知県高岡郡佐川町乙１８３９－１", "addr:country": "JP", "addr:province": "高知県", "addr:county": "高岡郡", "addr:city": "佐川町", "addr:neighbourhood": "乙", "source": "厚生労働省 医療情報ネットのオープンデータ (2026-06-01)", "_id": "3933395700980", "_座標の出典": "原データ"}}, {"type": "Feature", "geometry": {"type": "Point", "coordinates": [133.284374, 33.509251]}, "properties": {"amenity": "dentist", "healthcare": "dentist", "name": "嶋崎歯科医院", "official_name": "嶋崎歯科医院", "short_name": "嶋崎歯科医院", "name:ja-Hira": "しまさきしかいいん", "name:en": "shimasaki dental clinic", "opening_hours": "Mo,Tu,We,Fr,Sa 09:00-12:30,14:00-18:00; PH off; Dec 30-Jan 03 off", "healthcare:speciality": "dentistry;orthodontics;paediatric_dentistry", "addr:full": "高知県高岡郡佐川町乙１８７０－２", "addr:country": "JP", "addr:province": "高知県", "addr:county": "高岡郡", "addr:city": "佐川町", "addr:neighbourhood": "乙", "source": "厚生労働省 医療情報ネットのオープンデータ (2026-06-01)", "_id": "3933395701600", "_座標の出典": "原データ"}}, {"type": "Feature", "geometry": {"type": "Point", "coordinates": [133.557053, 33.748138]}, "properties": {"amenity": "dentist", "healthcare": "dentist", "name": "西川歯科診療所", "official_name": "西川歯科診療所", "short_name": "西川歯科", "name:ja-Hira": "にしがわしかしんりょうしょ", "name:ja-Latn": "Nishigawa Shika Shinryosho", "opening_hours": "Mo,Tu,We,Th,Fr 09:00-12:00,14:00-17:00; Sa 09:00-12:00; Sa[2] off; PH off; Dec 29-Jan 03,Mar 30-Mar 31,Apr 30-May 02 off", "healthcare:speciality": "dentistry", "addr:full": "高知県土佐郡土佐町田井１３７０－９", "addr:country": "JP", "addr:province": "高知県", "addr:county": "土佐郡", "addr:city": "土佐町", "addr:neighbourhood": "田井", "source": "厚生労働省 医療情報ネットのオープンデータ (2026-06-01)", "_id": "3933395800620", "_座標の出典": "原データ"}}, {"type": "Feature", "geometry": {"type": "Point", "coordinates": [133.658608, 33.772097]}, "properties": {"amenity": "dentist", "healthcare": "dentist", "name": "秋山歯科診療所", "official_name": "秋山歯科診療所", "short_name": "秋山歯科", "name:ja-Hira": "あきやましかしんりょうしょ", "name:en": "AKIYAMA DENNTAL CLINIC", "opening_hours": "Mo,Tu,We,Fr 08:30-12:30,14:00-18:00; Sa 08:30-12:30; PH off; Dec 29-Jan 03,Aug 13-Aug 15 off", "healthcare:speciality": "dentistry", "addr:full": "高知県長岡郡大豊町川口１９１９－１", "addr:country": "JP", "addr:province": "高知県", "addr:county": "長岡郡", "addr:city": "大豊町", "addr:neighbourhood": "川口", "source": "厚生労働省 医療情報ネットのオープンデータ (2026-06-01)", "_id": "3933395800880", "_座標の出典": "原データ"}}, {"type": "Feature", "geometry": {"type": "Point", "coordinates": [134.099001, 33.331737]}, "properties": {"amenity": "dentist", "healthcare": "dentist", "name": "村戸歯科診療所", "official_name": "村戸歯科診療所", "short_name": "村戸歯科", "name:ja-Hira": "むらとしかしんりょうしょ", "opening_hours": "Mo,Tu,We,Th,Fr 09:00-12:30,14:00-18:00; Sa 09:00-13:00; PH off; Dec 29-Jan 03,Aug 14-Aug 15 off", "healthcare:speciality": "dentistry", "addr:full": "高知県室戸市吉良川町甲２７８９", "addr:country": "JP", "addr:province": "高知県", "addr:city": "室戸市", "addr:neighbourhood": "吉良川町甲", "source": "厚生労働省 医療情報ネットのオープンデータ (2026-06-01)", "_id": "3933395900230", "_座標の出典": "原データ"}}, {"type": "Feature", "geometry": {"type": "Point", "coordinates": [134.144944, 33.292136]}, "properties": {"amenity": "dentist", "healthcare": "dentist", "name": "浮津松本歯科クリニック", "official_name": "浮津松本歯科クリニック", "short_name": "松本歯科クリニック", "name:ja-Hira": "うきつまつもとしかくりにっく", "name:en": "Ukitsu Matsumoto Dental Clinic", "opening_hours": "Mo,Tu,We,Fr 09:00-12:00,14:00-17:30; Sa 09:00-12:00; PH off; Dec 29-Jan 03,Aug 15 off", "healthcare:speciality": "dentistry", "addr:full": "高知県室戸市浮津二番町１２４", "addr:country": "JP", "addr:province": "高知県", "addr:city": "室戸市", "addr:neighbourhood": "浮津2番町", "source": "厚生労働省 医療情報ネットのオープンデータ (2026-06-01)", "_id": "3933395900520", "_座標の出典": "原データ"}}, {"type": "Feature", "geometry": {"type": "Point", "coordinates": [134.293155, 33.546712]}, "properties": {"amenity": "dentist", "healthcare": "dentist", "name": "展久会東洋歯科クリニック", "official_name": "医療法人展久会東洋歯科クリニック", "short_name": "東洋歯科クリニック", "name:en": "ToYo Dental Clinic", "opening_hours": "Mo,Tu,We,Fr 09:30-12:00,14:00-17:50; Th,Sa 09:30-12:00; Mo[1] off; Sa[2,4] off; PH off; Dec 29-Jan 04,Aug 13-Aug 15 off", "healthcare:speciality": "dentistry", "addr:full": "高知県安芸郡東洋町大字　河内１５１－１", "addr:country": "JP", "addr:province": "高知県", "addr:county": "安芸郡", "addr:city": "東洋町", "addr:neighbourhood": "大字河内", "source": "厚生労働省 医療情報ネットのオープンデータ (2026-06-01)", "_id": "3933395900780", "_座標の出典": "原データ"}}, {"type": "Feature", "geometry": {"type": "Point", "coordinates": [134.058729, 33.367011]}, "properties": {"amenity": "dentist", "healthcare": "dentist", "name": "山下歯科医院", "official_name": "山下歯科医院", "short_name": "山下歯科", "name:ja-Hira": "やましたしかいいん", "name:en": "Yamashita Dental Clinic", "opening_hours": "Mo,Tu,We,Th,Fr 09:00-12:30,14:00-18:30; Sa 09:00-12:30; PH off; Dec 30-Jan 04,Aug 14-Aug 16 off", "healthcare:speciality": "dentistry;orthodontics;dental_oral_maxillo_facial_surgery;paediatric_dentistry", "addr:full": "高知県室戸市羽根町乙１２７１－１", "addr:country": "JP", "addr:province": "高知県", "addr:city": "室戸市", "addr:neighbourhood": "羽根町乙", "source": "厚生労働省 医療情報ネットのオープンデータ (2026-06-01)", "_id": "3933395900940", "_座標の出典": "原データ"}}, {"type": "Feature", "geometry": {"type": "Point", "coordinates": [134.097849, 33.331683]}, "properties": {"amenity": "dentist", "healthcare": "dentist", "name": "松本歯科診療所", "official_name": "松本歯科診療所", "short_name": "松本歯科診療所", "name:ja-Hira": "まつもとしかしんりょうじょ", "name:ja-Latn": "Matsumoto Shika Shinryosho", "opening_hours": "Mo,Tu,We,Th,Fr 09:00-12:00,14:00-18:00; Sa 09:00-12:00; PH off", "healthcare:speciality": "dentistry;paediatric_dentistry", "addr:full": "高知県室戸市吉良川町甲２８２６", "addr:country": "JP", "addr:province": "高知県", "addr:city": "室戸市", "addr:neighbourhood": "吉良川町甲", "source": "厚生労働省 医療情報ネットのオープンデータ (2026-06-01)", "_id": "3933395901110", "_座標の出典": "原データ"}}, {"type": "Feature", "geometry": {"type": "Point", "coordinates": [132.955211, 32.865632]}, "properties": {"amenity": "dentist", "healthcare": "dentist", "name": "安岡歯科診療所", "official_name": "安岡歯科診療所", "short_name": "安岡歯科", "name:ja-Hira": "やすおかしかしんりょうしょ", "opening_hours": "Mo,We,Sa 09:00-12:00,13:30-17:00; Tu,Th 09:00-12:00,12:30-17:00; Fr 09:00-12:00,12:30-18:00; PH off; Dec 29-Jan 03 off", "healthcare:speciality": "dentistry", "addr:full": "高知県土佐清水市下ノ加江２１６番地", "addr:country": "JP", "addr:province": "高知県", "addr:city": "土佐清水市", "addr:neighbourhood": "下ノ加江", "source": "厚生労働省 医療情報ネットのオープンデータ (2026-06-01)", "_id": "3933396000300", "_座標の出典": "原データ"}}, {"type": "Feature", "geometry": {"type": "Point", "coordinates": [132.953125, 32.779583]}, "properties": {"amenity": "dentist", "healthcare": "dentist", "name": "大西歯科医院", "official_name": "大西歯科医院", "short_name": "大西歯科", "name:ja-Hira": "おおにししかいいん", "name:ja-Latn": "Onishi Shika", "opening_hours": "Mo,Tu,We,Th,Fr 09:00-12:00,13:00-18:00; Sa 09:00-12:00; PH off; Dec 30-Jan 03 off", "healthcare:speciality": "dentistry", "addr:full": "高知県土佐清水市寿町１－６－１", "addr:country": "JP", "addr:province": "高知県", "addr:city": "土佐清水市", "addr:neighbourhood": "寿町", "source": "厚生労働省 医療情報ネットのオープンデータ (2026-06-01)", "_id": "3933396000560", "_座標の出典": "原データ"}}, {"type": "Feature", "geometry": {"type": "Point", "coordinates": [132.948506, 32.778794]}, "properties": {"amenity": "dentist", "healthcare": "dentist", "name": "植垣歯科", "official_name": "植垣歯科", "short_name": "植垣歯科", "name:ja-Hira": "うえがきしか", "name:ja-Latn": "Uegakishika", "opening_hours": "Mo,Tu,We,Fr 09:00-13:00,14:00-18:00; Sa 09:00-13:00; PH off; Dec 30-Jan 03,Aug 13-Aug 15 off", "healthcare:speciality": "dentistry", "website": "https://uegaki-dental.com/", "addr:full": "高知県土佐清水市天神町１３－１", "addr:country": "JP", "addr:province": "高知県", "addr:city": "土佐清水市", "addr:neighbourhood": "天神町", "addr:block_number": "13", "addr:housenumber": "1", "source": "厚生労働省 医療情報ネットのオープンデータ (2026-06-01)", "_id": "3933396000720", "_座標の出典": "原データ"}}, {"type": "Feature", "geometry": {"type": "Point", "coordinates": [132.954133, 32.778165]}, "properties": {"amenity": "dentist", "healthcare": "dentist", "name": "幸歯科医院", "official_name": "幸歯科医院", "short_name": "幸歯科医院", "name:ja-Hira": "ゆきしかいいん", "name:ja-Latn": "Yuki Shikaiin", "opening_hours": "Mo,Tu,We,Th,Fr 09:00-12:30,14:00-18:00; Sa 09:00-12:30; Sa[1,3] off; PH off; Dec 30-Jan 04 off", "healthcare:speciality": "dentistry", "addr:full": "高知県土佐清水市栄町２ー１４", "addr:country": "JP", "addr:province": "高知県", "addr:city": "土佐清水市", "addr:neighbourhood": "栄町", "source": "厚生労働省 医療情報ネットのオープンデータ (2026-06-01)", "_id": "3933396000850", "_座標の出典": "原データ"}}, {"type": "Feature", "geometry": {"type": "Point", "coordinates": [133.214669, 33.439753]}, "properties": {"amenity": "dentist", "healthcare": "dentist", "name": "葉やまの歯いしゃさん", "official_name": "葉やまの歯いしゃさん", "short_name": "葉やまの歯いしゃさん", "name:ja-Hira": "はやまのはいしゃさん", "name:ja-Latn": "Hayamanohaishasan", "opening_hours": "Mo,Tu,We,Fr,Sa 09:00-12:30,14:00-18:00; PH off; Dec 30-Jan 03 off", "healthcare:speciality": "dentistry", "addr:full": "高知県高岡郡津野町姫野々４００－３", "addr:country": "JP", "addr:province": "高知県", "addr:county": "高岡郡", "addr:city": "津野町", "addr:neighbourhood": "姫野々", "source": "厚生労働省 医療情報ネットのオープンデータ (2026-06-01)", "_id": "3933396100330", "_座標の出典": "原データ"}}, {"type": "Feature", "geometry": {"type": "Point", "coordinates": [133.222283, 33.333408]}, "properties": {"amenity": "dentist", "healthcare": "dentist", "name": "きらり歯科医院", "official_name": "きらり歯科医院", "short_name": "きらり歯科医院", "name:ja-Hira": "きらりしかいいん", "name:ja-Latn": "Kirari Shikaiin", "opening_hours": "Mo,Tu,We,Th,Fr 09:30-13:00,14:30-19:00; Sa 09:30-13:00; PH off; Dec 30-Jan 03 off", "healthcare:speciality": "dentistry;dental_oral_maxillo_facial_surgery;paediatric_dentistry", "website": "http://kirari-shika.jp/", "addr:full": "高知県高岡郡中土佐町久礼２０９８－１", "addr:country": "JP", "addr:province": "高知県", "addr:county": "高岡郡", "addr:city": "中土佐町", "addr:neighbourhood": "久礼", "source": "厚生労働省 医療情報ネットのオープンデータ (2026-06-01)", "_id": "3933396100460", "_座標の出典": "原データ"}}, {"type": "Feature", "geometry": {"type": "Point", "coordinates": [133.753311, 33.536436]}, "properties": {"amenity": "dentist", "healthcare": "dentist", "name": "ながの歯科", "official_name": "ながの歯科", "short_name": "ながの歯科", "name:ja-Hira": "ながのしか", "name:en": "Nagano Dental Clinic", "opening_hours": "Mo,Tu,We,Fr 09:00-12:00,14:00-18:00; Th,Sa 09:00-12:00; PH off; Dec 30-Jan 03 off", "healthcare:speciality": "dentistry", "addr:full": "高知県香南市夜須町坪井４３１－１", "addr:country": "JP", "addr:province": "高知県", "addr:city": "香南市", "addr:neighbourhood": "夜須町坪井", "source": "厚生労働省 医療情報ネットのオープンデータ (2026-06-01)", "_id": "3933396200100", "_座標の出典": "原データ"}}, {"type": "Feature", "geometry": {"type": "Point", "coordinates": [133.643217, 33.619196]}, "properties": {"amenity": "dentist", "healthcare": "dentist", "name": "間島歯科医院", "official_name": "間島歯科医院", "short_name": "間島歯科医院", "name:ja-Hira": "ましましかいいん", "name:en": "MASHIMA DENTAL OFFICE", "opening_hours": "Mo,Tu,We,Fr 08:30-12:30,14:00-18:00; Sa 08:30-12:30,14:00-17:00; PH off; Dec 29-Jan 03 off", "healthcare:speciality": "dentistry;orthodontics;paediatric_dentistry", "website": "http://mashimadental.com", "addr:full": "高知県南国市植野１７４−８", "addr:country": "JP", "addr:province": "高知県", "addr:city": "南国市", "addr:neighbourhood": "植野", "source": "厚生労働省 医療情報ネットのオープンデータ (2026-06-01)", "_id": "3933396200360", "_座標の出典": "原データ"}}, {"type": "Feature", "geometry": {"type": "Point", "coordinates": [133.611524, 33.533351]}, "properties": {"amenity": "dentist", "healthcare": "dentist", "name": "米田歯科", "official_name": "米田歯科", "short_name": "米田歯科", "name:ja-Hira": "よねだしか", "name:en": "Yoneda Dental Clinic", "opening_hours": "Mo,Tu,We,Fr 09:00-12:00,14:00-18:00; Sa 09:00-12:00,13:00-15:00; PH off; Dec 29-Jan 03 off", "healthcare:speciality": "dentistry;dental_oral_maxillo_facial_surgery", "addr:full": "高知県南国市緑ケ丘１丁目１１０５－１", "addr:country": "JP", "addr:province": "高知県", "addr:city": "南国市", "addr:neighbourhood": "緑ケ丘一丁目", "source": "厚生労働省 医療情報ネットのオープンデータ (2026-06-01)", "_id": "3933396200490", "_座標の出典": "原データ"}}, {"type": "Feature", "geometry": {"type": "Point", "coordinates": [133.721603, 33.559794]}, "properties": {"amenity": "dentist", "healthcare": "dentist", "name": "池田歯科クリニック", "official_name": "池田歯科クリニック", "short_name": "池田歯科", "name:ja-Hira": "いけだしかくりにっく", "name:en": "Ikeda Dental Clinic", "opening_hours": "Mo,Tu,We,Fr 09:00-12:30,14:00-18:30; Sa 09:00-12:30,14:00-18:00; PH off; Dec 29-Jan 03 off", "healthcare:speciality": "dentistry;paediatric_dentistry", "addr:full": "高知県香南市野市町土居１５１５－２", "addr:country": "JP", "addr:province": "高知県", "addr:city": "香南市", "addr:neighbourhood": "野市町土居", "source": "厚生労働省 医療情報ネットのオープンデータ (2026-06-01)", "_id": "3933396200520", "_座標の出典": "原データ"}}, {"type": "Feature", "geometry": {"type": "Point", "coordinates": [133.682087, 33.608232]}, "properties": {"amenity": "dentist", "healthcare": "dentist", "name": "佐々木歯科医院", "official_name": "あけぼの街道　佐々木歯科医院", "short_name": "あけぼの街道　佐々木歯科", "name:en": "Akebonokaidou Sasaki Dental Clinic", "opening_hours": "Mo,Tu,We,Th,Fr,Sa 09:00-12:30,14:00-18:30; PH off; Dec 29-Jan 03 off", "healthcare:speciality": "dentistry;paediatric_dentistry", "addr:full": "高知県香美市土佐山田町４８２の３", "addr:country": "JP", "addr:province": "高知県", "addr:city": "香美市", "addr:neighbourhood": "土佐山田町", "source": "厚生労働省 医療情報ネットのオープンデータ (2026-06-01)", "_id": "3933396200650", "_座標の出典": "原データ"}}, {"type": "Feature", "geometry": {"type": "Point", "coordinates": [133.715787, 33.564973]}, "properties": {"amenity": "dentist", "healthcare": "dentist", "name": "ながやま歯科医院", "official_name": "ながやま歯科医院", "short_name": "ながやま歯科", "name:ja-Hira": "ながやましかいいん", "name:en": "Nagayama Dental Clinic", "opening_hours": "Mo,Tu,Th,Fr 09:00-13:00,14:30-19:00; Sa 09:00-13:00,14:30-17:30; PH off; Dec 30-Jan 03,Aug 12-Aug 15 off", "healthcare:speciality": "dentistry", "addr:full": "高知県香南市野市町みどり野３－５８－１", "addr:country": "JP", "addr:province": "高知県", "addr:city": "香南市", "addr:neighbourhood": "野市町みどり野三丁目", "source": "厚生労働省 医療情報ネットのオープンデータ (2026-06-01)", "_id": "3933396200780", "_座標の出典": "原データ"}}, {"type": "Feature", "geometry": {"type": "Point", "coordinates": [133.679404, 33.607863]}, "properties": {"amenity": "dentist", "healthcare": "dentist", "name": "山本歯科医院", "official_name": "山本歯科医院", "short_name": "山本歯科", "name:ja-Hira": "やまもとしかいいん", "name:en": "Yamamoto Dental Clinic", "opening_hours": "Mo,Th,Fr 09:00-12:00,14:00-19:00; Tu,We 09:00-12:00,14:00-20:00; Sa 09:00-12:00,14:00-18:00; PH off; Dec 30-Jan 03,Aug 10-Aug 11 off", "healthcare:speciality": "dentistry;paediatric_dentistry", "website": "https://www.yamamotoshikaiin.net", "addr:full": "高知県香美市土佐山田町４６１－５", "addr:country": "JP", "addr:province": "高知県", "addr:city": "香美市", "addr:neighbourhood": "土佐山田町", "source": "厚生労働省 医療情報ネットのオープンデータ (2026-06-01)", "_id": "3933396200810", "_座標の出典": "原データ"}}, {"type": "Feature", "geometry": {"type": "Point", "coordinates": [133.62926, 33.577292]}, "properties": {"amenity": "dentist", "healthcare": "dentist", "name": "岡田歯科", "official_name": "岡田歯科", "short_name": "岡田歯科", "name:ja-Hira": "おかだしか", "name:en": "OKADA Dental Clinic", "opening_hours": "Mo,Tu,We,Fr,Sa 09:00-13:00,14:30-18:00; PH off; Dec 30-Jan 03 off", "healthcare:speciality": "dentistry", "addr:full": "高知県南国市小籠８５３－６", "addr:country": "JP", "addr:province": "高知県", "addr:city": "南国市", "addr:neighbourhood": "小籠", "source": "厚生労働省 医療情報ネットのオープンデータ (2026-06-01)", "_id": "3933396200940", "_座標の出典": "原データ"}}, {"type": "Feature", "geometry": {"type": "Point", "coordinates": [133.588056, 33.759785]}, "properties": {"amenity": "dentist", "healthcare": "dentist", "name": "辻益デンタルクリニック", "official_name": "辻益デンタルクリニック", "short_name": "辻益デンタル", "name:ja-Hira": "つじますでんたるくりにっく", "name:en": "Tsujimasu Dental Clinic", "opening_hours": "Mo,Tu,We,Th,Fr 09:00-12:30,14:00-18:00; Sa 09:00-12:30; PH off; Dec 30-Jan 03,Dec 24 off", "healthcare:speciality": "dentistry", "addr:full": "高知県長岡郡本山町本山６２０", "addr:country": "JP", "addr:province": "高知県", "addr:county": "長岡郡", "addr:city": "本山町", "addr:neighbourhood": "本山", "source": "厚生労働省 医療情報ネットのオープンデータ (2026-06-01)", "_id": "3933396201110", "_座標の出典": "原データ"}}, {"type": "Feature", "geometry": {"type": "Point", "coordinates": [133.746314, 33.58403]}, "properties": {"amenity": "dentist", "healthcare": "dentist", "name": "山北歯科診療所", "official_name": "医療法人　山北歯科診療所", "short_name": "山北歯科診療所", "opening_hours": "Mo,Tu,We,Th,Fr 08:45-12:45,14:00-17:45; PH off; Dec 29-Jan 04 off", "healthcare:speciality": "dentistry;orthodontics;dental_oral_maxillo_facial_surgery", "addr:full": "高知県香南市香我美町山北２８３３", "addr:country": "JP", "addr:province": "高知県", "addr:city": "香南市", "addr:neighbourhood": "香我美町山北", "source": "厚生労働省 医療情報ネットのオープンデータ (2026-06-01)", "_id": "3933396201400", "_座標の出典": "原データ"}}, {"type": "Feature", "geometry": {"type": "Point", "coordinates": [133.684939, 33.604312]}, "properties": {"amenity": "dentist", "healthcare": "dentist", "name": "かぎやまデンタルクリニック", "official_name": "かぎやまデンタルクリニック", "short_name": "かぎやまデンタルクリニック", "name:ja-Hira": "かぎやまでんたるくりにっく", "opening_hours": "Mo,Tu,We,Fr,Sa 09:00-12:30,14:00-18:00; PH off; Dec 29-Jan 03 off", "healthcare:speciality": "dentistry;paediatric_dentistry", "website": "https://kagiyama-dc.com/", "addr:full": "高知県香美市土佐山田町宝町１丁目１－２５", "addr:country": "JP", "addr:province": "高知県", "addr:city": "香美市", "addr:neighbourhood": "土佐山田町宝町一丁目", "addr:block_number": "1", "addr:housenumber": "25", "source": "厚生労働省 医療情報ネットのオープンデータ (2026-06-01)", "_id": "3933396201530", "_座標の出典": "原データ"}}, {"type": "Feature", "geometry": {"type": "Point", "coordinates": [133.700387, 33.609012]}, "properties": {"amenity": "dentist", "healthcare": "dentist", "name": "楠目歯科診療所", "official_name": "医療法人くずめ会　楠目歯科診療所", "short_name": "楠目歯科診療所", "opening_hours": "Mo,We 09:00-12:00,14:00-18:30; Tu,Fr 09:00-12:00,14:00-19:00; Sa 09:00-12:00,13:00-16:30; PH off; Dec 29-Jan 03 off", "healthcare:speciality": "dentistry;dental_oral_maxillo_facial_surgery;paediatric_dentistry;orthodontics", "addr:full": "高知県香美市土佐山田町楠目", "addr:country": "JP", "addr:province": "高知県", "addr:city": "香美市", "addr:neighbourhood": "土佐山田町楠目", "source": "厚生労働省 医療情報ネットのオープンデータ (2026-06-01)", "_id": "3933396201660", "_座標の出典": "原データ"}}, {"type": "Feature", "geometry": {"type": "Point", "coordinates": [133.624413, 33.528669]}, "properties": {"amenity": "dentist", "healthcare": "dentist", "name": "やまもも歯科クリニック", "official_name": "やまもも歯科クリニック", "short_name": "やまもも歯科クリニック", "name:ja-Hira": "やまももしかくりにっく", "name:en": "yamamomo dental clinic", "opening_hours": "Mo,Tu,Th,Fr 09:00-13:00,14:30-18:30; Sa 09:00-13:00,14:30-17:00; PH off; Dec 29-Jan 03 off", "healthcare:speciality": "dentistry;paediatric_dentistry", "addr:full": "高知県南国市十市１７７０－４", "addr:country": "JP", "addr:province": "高知県", "addr:city": "南国市", "addr:neighbourhood": "十市", "source": "厚生労働省 医療情報ネットのオープンデータ (2026-06-01)", "_id": "3933396201950", "_座標の出典": "原データ"}}, {"type": "Feature", "geometry": {"type": "Point", "coordinates": [133.696841, 33.573124]}, "properties": {"amenity": "dentist", "healthcare": "dentist", "name": "どんぐり歯科", "official_name": "どんぐり歯科", "short_name": "どんぐり歯科", "name:ja-Hira": "どんぐりしか", "opening_hours": "Mo,Tu,We,Th,Fr 08:30-12:30,14:30-18:30; Sa 08:30-12:30; PH off; Dec 29-Jan 03 off", "healthcare:speciality": "dentistry;dental_oral_maxillo_facial_surgery;paediatric_dentistry", "addr:full": "高知県香南市野市町西野２２７－１", "addr:country": "JP", "addr:province": "高知県", "addr:city": "香南市", "addr:neighbourhood": "野市町西野", "source": "厚生労働省 医療情報ネットのオープンデータ (2026-06-01)", "_id": "3933396202120", "_座標の出典": "原データ"}}, {"type": "Feature", "geometry": {"type": "Point", "coordinates": [133.693844, 33.607953]}, "properties": {"amenity": "dentist", "healthcare": "dentist", "name": "小松歯科", "official_name": "医療法人健仁会　小松歯科", "short_name": "小松歯科", "name:en": "Komatsu Dental Clinic", "opening_hours": "Mo,Tu,We,Fr 09:00-12:30,14:00-18:30; Sa 09:00-12:30,14:00-17:00; PH off; Dec 29-Jan 03 off", "healthcare:speciality": "dentistry;dental_oral_maxillo_facial_surgery;paediatric_dentistry", "addr:full": "高知県香美市土佐山田町百石町１丁目６番１２号", "addr:country": "JP", "addr:province": "高知県", "addr:city": "香美市", "addr:neighbourhood": "土佐山田町百石町一丁目", "addr:block_number": "6", "addr:housenumber": "12", "source": "厚生労働省 医療情報ネットのオープンデータ (2026-06-01)", "_id": "3933396202380", "_座標の出典": "原データ"}}, {"type": "Feature", "geometry": {"type": "Point", "coordinates": [133.636547, 33.574654]}, "properties": {"amenity": "dentist", "healthcare": "dentist", "name": "おなが通り歯科", "official_name": "医療法人善哉会　おなが通り歯科", "short_name": "おなが通り歯科", "opening_hours": "Mo,Tu,We,Th,Fr 08:30-12:00,13:30-18:00; Sa 08:30-12:00; PH off; Dec 29-Jan 03,Aug 12-Aug 15 off", "healthcare:speciality": "dentistry;orthodontics;dental_oral_maxillo_facial_surgery;paediatric_dentistry", "website": "http://www.onagadorishika.com/", "addr:full": "高知県南国市篠原１７０４－１", "addr:country": "JP", "addr:province": "高知県", "addr:city": "南国市", "addr:neighbourhood": "篠原", "source": "厚生労働省 医療情報ネットのオープンデータ (2026-06-01)", "_id": "3933396202700", "_座標の出典": "原データ"}}, {"type": "Feature", "geometry": {"type": "Point", "coordinates": [133.531543, 33.560914]}, "properties": {"amenity": "dentist", "healthcare": "dentist", "name": "きよおか歯科", "official_name": "きよおか歯科", "short_name": "きよおか歯科", "name:ja-Hira": "きよおかしか", "name:en": "kiyooka dental clinic", "opening_hours": "Mo,Tu,We,Fr,Sa 09:00-12:00,14:00-18:00; PH off; Jan 02-Jan 05,Aug 11-Aug 12,Dec 24,Dec 31 off", "healthcare:speciality": "dentistry;paediatric_dentistry", "addr:full": "高知県南国市篠原１２０－１２", "addr:country": "JP", "addr:province": "高知県", "addr:city": "南国市", "addr:neighbourhood": "篠原", "source": "厚生労働省 医療情報ネットのオープンデータ (2026-06-01)", "_id": "3933396202830", "_座標の出典": "原データ"}}, {"type": "Feature", "geometry": {"type": "Point", "coordinates": [133.649919, 33.567152]}, "properties": {"amenity": "dentist", "healthcare": "dentist", "name": "くにとう歯科医院", "official_name": "くにとう歯科医院", "name:ja-Hira": "くにとうしかいいん", "name:ja-Latn": "Kunitoushikaiin", "opening_hours": "Mo,Tu,Th,Fr,Sa 09:00-18:00; PH off", "healthcare:speciality": "dentistry;orthodontics;dental_oral_maxillo_facial_surgery;paediatric_dentistry", "addr:full": "高知県南国市大そね甲９５３－１", "addr:country": "JP", "addr:province": "高知県", "addr:city": "南国市", "source": "厚生労働省 医療情報ネットのオープンデータ (2026-06-01)", "_id": "3933396203550", "_座標の出典": "原データ"}}, {"type": "Feature", "geometry": {"type": "Point", "coordinates": [133.515332, 33.569333]}, "properties": {"amenity": "dentist", "healthcare": "dentist", "name": "まつおか歯科", "official_name": "まつおか歯科", "short_name": "まつおか歯科", "name:ja-Hira": "まつおかしか", "name:ja-Latn": "Matsuoka Shika", "opening_hours": "Mo,Tu,We,Fr,Sa 09:00-12:30,14:00-18:30; Dec 30-Jan 03 off", "healthcare:speciality": "dentistry", "website": "http://nttbj.itp.ne.jp/0888754180/index.html", "addr:full": "高知県高知市中万々１８４－９", "addr:country": "JP", "addr:province": "高知県", "addr:city": "高知市", "addr:neighbourhood": "中万々", "source": "厚生労働省 医療情報ネットのオープンデータ (2026-06-01)", "_id": "3933396300010", "_座標の出典": "原データ"}}, {"type": "Feature", "geometry": {"type": "Point", "coordinates": [133.696769, 33.566668]}, "properties": {"amenity": "dentist", "healthcare": "dentist", "name": "長岡歯科医院", "official_name": "長岡歯科医院", "short_name": "長岡歯科", "name:ja-Hira": "ながおか しかいいん", "name:ja-Latn": "Nagaoka Shika", "opening_hours": "Mo,Tu,Th,Fr 09:00-12:00,14:00-17:00; Sa 09:00-12:00; PH off; Dec 24,Dec 29,Dec 31 off", "healthcare:speciality": "dentistry", "addr:full": "高知県香南市野市町西野６５２－２０", "addr:country": "JP", "addr:province": "高知県", "addr:city": "香南市", "addr:neighbourhood": "野市町西野", "source": "厚生労働省 医療情報ネットのオープンデータ (2026-06-01)", "_id": "3933396300030", "_座標の出典": "原データ"}}, {"type": "Feature", "geometry": {"type": "Point", "coordinates": [133.427682, 33.548641]}, "properties": {"amenity": "dentist", "healthcare": "dentist", "name": "森歯科医院", "official_name": "森歯科医院", "short_name": "森歯科医院", "name:ja-Hira": "もりしかいいん", "opening_hours": "Mo,We 09:00-11:00,16:00-18:00; PH off; Dec 29-Jan 03 off", "healthcare:speciality": "dentistry", "addr:full": "高知県吾川郡いの町１７００", "addr:country": "JP", "addr:province": "高知県", "addr:county": "吾川郡", "addr:city": "いの町", "source": "厚生労働省 医療情報ネットのオープンデータ (2026-06-01)", "_id": "3933396300040", "_座標の出典": "原データ"}}, {"type": "Feature", "geometry": {"type": "Point", "coordinates": [133.531282, 33.558644]}, "properties": {"amenity": "dentist", "healthcare": "dentist", "name": "森本歯科", "official_name": "森本歯科", "short_name": "森本歯科", "name:ja-Hira": "もりもとしか", "name:ja-Latn": "Morimoto Shika", "opening_hours": "Mo,Tu,Fr 09:00-12:30,14:00-18:00; We 09:00-12:30,14:30-19:00; Sa 09:00-12:30,14:00-17:30; PH off; Dec 31-Jan 03,Dec 29 off || off \"お盆は休診\"", "healthcare:speciality": "dentistry;orthodontics;paediatric_dentistry", "addr:full": "高知県高知市春野町弘岡下３９９３－９", "addr:country": "JP", "addr:province": "高知県", "addr:city": "高知市", "addr:neighbourhood": "春野町弘岡下", "source": "厚生労働省 医療情報ネットのオープンデータ (2026-06-01)", "_id": "3933396300390", "_座標の出典": "原データ"}}, {"type": "Feature", "geometry": {"type": "Point", "coordinates": [133.340152, 33.646024]}, "properties": {"amenity": "dentist", "healthcare": "dentist", "name": "片岡歯科", "official_name": "片岡歯科", "short_name": "片岡歯科", "name:ja-Hira": "かたおかしか", "name:ja-Latn": "Kataoka Shika", "opening_hours": "Mo,Tu,We,Fr,Sa 09:00-12:30,14:00-18:00; Th 09:00-13:00; PH off; Dec 31-Jan 03,Aug 08-Aug 11 off", "healthcare:speciality": "dentistry", "addr:full": "高知県吾川郡いの町上八川甲１９４１ー４", "addr:country": "JP", "addr:province": "高知県", "addr:county": "吾川郡", "addr:city": "いの町", "source": "厚生労働省 医療情報ネットのオープンデータ (2026-06-01)", "_id": "3933396300550", "_座標の出典": "原データ"}}, {"type": "Feature", "geometry": {"type": "Point", "coordinates": [133.421434, 33.498926]}, "properties": {"amenity": "dentist", "healthcare": "dentist", "name": "ふくしまデンタルクリニック", "official_name": "ふくしまデンタルクリニック", "short_name": "ふくしまデンタルクリニック", "name:ja-Hira": "ふくしまでんたるくりにっく", "name:en": "Fukushima Dental Clinic", "opening_hours": "Mo,Tu,Fr 09:00-12:30,14:00-18:30; We,Sa 09:00-12:30,14:00-17:30; PH off", "healthcare:speciality": "dentistry;dental_oral_maxillo_facial_surgery;paediatric_dentistry", "addr:full": "高知県土佐市高岡町乙", "addr:country": "JP", "addr:province": "高知県", "addr:city": "土佐市", "addr:neighbourhood": "高岡町乙", "source": "厚生労働省 医療情報ネットのオープンデータ (2026-06-01)", "_id": "3933396300840", "_座標の出典": "原データ"}}, {"type": "Feature", "geometry": {"type": "Point", "coordinates": [133.544219, 33.569962]}, "properties": {"amenity": "dentist", "healthcare": "dentist", "name": "おかだ歯科クリニック", "official_name": "おかだ歯科クリニック", "short_name": "おかだ歯科クリニック", "name:ja-Hira": "おかだしかくりにっく", "name:en": "Okada Dental Clinic", "opening_hours": "Mo,Tu,We,Th,Fr 09:00-13:00,14:30-18:00; Sa 09:00-13:00,14:30-17:00; PH off; Dec 30-Jan 03,Aug 12-Aug 16 off", "healthcare:speciality": "dentistry;orthodontics;paediatric_dentistry", "website": "http://www.0888755181.com/", "addr:full": "高知県高知市新本町２丁目１９番２号", "addr:country": "JP", "addr:province": "高知県", "addr:city": "高知市", "addr:neighbourhood": "新本町二丁目", "addr:block_number": "19", "addr:housenumber": "2", "source": "厚生労働省 医療情報ネットのオープンデータ (2026-06-01)", "_id": "3933396310330", "_座標の出典": "原データ"}}, {"type": "Feature", "geometry": {"type": "Point", "coordinates": [133.537611107, 33.563179265]}, "properties": {"amenity": "dentist", "healthcare": "dentist", "name": "そらいろ歯科", "official_name": "そらいろ歯科", "name:ja-Hira": "そらいろしか", "opening_hours": "Mo,Tu,We,Fr 09:00-13:00,14:30-18:00; Sa 09:30-13:00,14:00-17:00", "healthcare:speciality": "dentistry;dental_oral_maxillo_facial_surgery;paediatric_dentistry", "addr:full": "高知県高知市廿代町１５−２０ダイアパレス第２−１０１", "addr:country": "JP", "addr:province": "高知県", "addr:city": "高知市", "addr:neighbourhood": "廿代町", "addr:block_number": "15", "addr:housenumber": "20", "source": "厚生労働省 医療情報ネットのオープンデータ (2026-06-01)", "_id": "3933930138643", "_座標の出典": "ジオコーディング"}}]}